
simpleserial-target-CWLITEARM.elf:     file format elf32-littlearm

Sections:
Idx Name          Size      VMA       LMA       File off  Algn
  0 .isr_vector   00000188  08000000  08000000  00001000  2**0
                  CONTENTS, ALLOC, LOAD, READONLY, DATA
  1 .text         00001210  08000188  08000188  00001188  2**2
                  CONTENTS, ALLOC, LOAD, READONLY, CODE
  2 .rodata       0000e678  08001398  08001398  00002398  2**2
                  CONTENTS, ALLOC, LOAD, READONLY, DATA
  3 .ARM.extab    00000000  0800fa10  0800fa10  00010a18  2**0
                  CONTENTS
  4 .ARM          00000000  0800fa10  0800fa10  00010a18  2**0
                  CONTENTS
  5 .preinit_array 00000000  0800fa10  0800fa18  00010a18  2**0
                  CONTENTS, ALLOC, LOAD, DATA
  6 .init_array   00000004  0800fa10  0800fa10  00010a10  2**2
                  CONTENTS, ALLOC, LOAD, DATA
  7 .fini_array   00000004  0800fa14  0800fa14  00010a14  2**2
                  CONTENTS, ALLOC, LOAD, DATA
  8 .data         00000000  20000000  20000000  00010a18  2**0
                  CONTENTS, ALLOC, LOAD, DATA
  9 .bss          00000158  20000000  0800fa18  00011000  2**2
                  ALLOC
 10 ._user_heap_stack 00000400  20000158  0800fa18  00011158  2**0
                  ALLOC
 11 .ARM.attributes 0000002a  00000000  00000000  00010a18  2**0
                  CONTENTS, READONLY
 12 .debug_info   00004898  00000000  00000000  00010a42  2**0
                  CONTENTS, READONLY, DEBUGGING, OCTETS
 13 .debug_abbrev 00000dff  00000000  00000000  000152da  2**0
                  CONTENTS, READONLY, DEBUGGING, OCTETS
 14 .debug_loc    000027c8  00000000  00000000  000160d9  2**0
                  CONTENTS, READONLY, DEBUGGING, OCTETS
 15 .debug_aranges 000001f8  00000000  00000000  000188a1  2**0
                  CONTENTS, READONLY, DEBUGGING, OCTETS
 16 .debug_ranges 00000530  00000000  00000000  00018a99  2**0
                  CONTENTS, READONLY, DEBUGGING, OCTETS
 17 .debug_line   000026df  00000000  00000000  00018fc9  2**0
                  CONTENTS, READONLY, DEBUGGING, OCTETS
 18 .debug_str    000015d8  00000000  00000000  0001b6a8  2**0
                  CONTENTS, READONLY, DEBUGGING, OCTETS
 19 .comment      0000001e  00000000  00000000  0001cc80  2**0
                  CONTENTS, READONLY
 20 .debug_frame  0000050c  00000000  00000000  0001cca0  2**2
                  CONTENTS, READONLY, DEBUGGING, OCTETS
 21 .stab         00000144  00000000  00000000  0001d1ac  2**2
                  CONTENTS, READONLY, DEBUGGING
 22 .stabstr      00000031  00000000  00000000  0001d2f0  2**0
                  CONTENTS, READONLY, DEBUGGING
 23 .debug_loclists 00000054  00000000  00000000  0001d321  2**0
                  CONTENTS, READONLY, DEBUGGING, OCTETS
 24 .debug_rnglists 00000013  00000000  00000000  0001d375  2**0
                  CONTENTS, READONLY, DEBUGGING, OCTETS

Disassembly of section .text:

08000188 <__do_global_dtors_aux>:
 8000188:	b510      	push	{r4, lr}
 800018a:	4c05      	ldr	r4, [pc, #20]	@ (80001a0 <__do_global_dtors_aux+0x18>)
 800018c:	7823      	ldrb	r3, [r4, #0]
 800018e:	b933      	cbnz	r3, 800019e <__do_global_dtors_aux+0x16>
 8000190:	4b04      	ldr	r3, [pc, #16]	@ (80001a4 <__do_global_dtors_aux+0x1c>)
 8000192:	b113      	cbz	r3, 800019a <__do_global_dtors_aux+0x12>
 8000194:	4804      	ldr	r0, [pc, #16]	@ (80001a8 <__do_global_dtors_aux+0x20>)
 8000196:	f3af 8000 	nop.w
 800019a:	2301      	movs	r3, #1
 800019c:	7023      	strb	r3, [r4, #0]
 800019e:	bd10      	pop	{r4, pc}
 80001a0:	2000013c 	.word	0x2000013c
 80001a4:	00000000 	.word	0x00000000
 80001a8:	08001380 	.word	0x08001380

080001ac <frame_dummy>:
 80001ac:	b508      	push	{r3, lr}
 80001ae:	4b03      	ldr	r3, [pc, #12]	@ (80001bc <frame_dummy+0x10>)
 80001b0:	b11b      	cbz	r3, 80001ba <frame_dummy+0xe>
 80001b2:	4903      	ldr	r1, [pc, #12]	@ (80001c0 <frame_dummy+0x14>)
 80001b4:	4803      	ldr	r0, [pc, #12]	@ (80001c4 <frame_dummy+0x18>)
 80001b6:	f3af 8000 	nop.w
 80001ba:	bd08      	pop	{r3, pc}
 80001bc:	00000000 	.word	0x00000000
 80001c0:	20000140 	.word	0x20000140
 80001c4:	08001380 	.word	0x08001380

080001c8 <handle>:
#define NOP_SLED_50() do { \
    for(int i=0; i<800; i++) { __asm__ __volatile__ ("nop"); } \
} while(0)

uint8_t handle(uint8_t cmd, uint8_t scmd, uint8_t len, uint8_t *buf)
{
 80001c8:	b513      	push	{r0, r1, r4, lr}
 80001ca:	461c      	mov	r4, r3
    trigger_high();
 80001cc:	f000 faaa 	bl	8000724 <trigger_high>
 80001d0:	f44f 7348 	mov.w	r3, #800	@ 0x320
    
    NOP_SLED_50(); // Visual gap before math
 80001d4:	bf00      	nop
 80001d6:	3b01      	subs	r3, #1
 80001d8:	d1fc      	bne.n	80001d4 <handle+0xc>

    int32_t result = network_forward((uint16_t*)buf);
 80001da:	4620      	mov	r0, r4
 80001dc:	f000 f824 	bl	8000228 <network_forward>
 80001e0:	f44f 7448 	mov.w	r4, #800	@ 0x320
 80001e4:	9001      	str	r0, [sp, #4]
    
    NOP_SLED_50(); // Visual gap after math
 80001e6:	bf00      	nop
 80001e8:	3c01      	subs	r4, #1
 80001ea:	d1fc      	bne.n	80001e6 <handle+0x1e>
    
    trigger_low();
 80001ec:	f000 faa1 	bl	8000732 <trigger_low>
    simpleserial_put('r', sizeof(int32_t), (uint8_t*)&result);
 80001f0:	aa01      	add	r2, sp, #4
 80001f2:	2104      	movs	r1, #4
 80001f4:	2072      	movs	r0, #114	@ 0x72
 80001f6:	f000 f92d 	bl	8000454 <simpleserial_put>
    return 0;
}
 80001fa:	4620      	mov	r0, r4
 80001fc:	b002      	add	sp, #8
 80001fe:	bd10      	pop	{r4, pc}

08000200 <main>:

int main(void)
{
 8000200:	b508      	push	{r3, lr}
    platform_init();
 8000202:	f000 f9ef 	bl	80005e4 <platform_init>
    init_uart();
 8000206:	f000 fa2b 	bl	8000660 <init_uart>
    trigger_setup();
 800020a:	f000 fa67 	bl	80006dc <trigger_setup>
    simpleserial_init();
 800020e:	f000 f90f 	bl	8000430 <simpleserial_init>
    simpleserial_addcmd('p', 10, handle);
 8000212:	4a04      	ldr	r2, [pc, #16]	@ (8000224 <main+0x24>)
 8000214:	210a      	movs	r1, #10
 8000216:	2070      	movs	r0, #112	@ 0x70
 8000218:	f000 f8f0 	bl	80003fc <simpleserial_addcmd>
    while(1) simpleserial_get();
 800021c:	f000 f974 	bl	8000508 <simpleserial_get>
 8000220:	e7fc      	b.n	800021c <main+0x1c>
 8000222:	bf00      	nop
 8000224:	080001c9 	.word	0x080001c9

08000228 <network_forward>:
#include "network_config.h"
#include "code_multiply.h"      // multiply_codes() 
#include "add_ops.h"            // add_binary_codes()

int32_t network_forward(const uint16_t input[])
{
 8000228:	e92d 4ff0 	stmdb	sp!, {r4, r5, r6, r7, r8, r9, sl, fp, lr}
 800022c:	4e46      	ldr	r6, [pc, #280]	@ (8000348 <network_forward+0x120>)
 800022e:	b08b      	sub	sp, #44	@ 0x2c
 8000230:	4607      	mov	r7, r0
 8000232:	f106 0918 	add.w	r9, r6, #24
 8000236:	f106 0830 	add.w	r8, r6, #48	@ 0x30
    // Computation for layer 1
    int8_t hidden_q[NET_L1];   // 4‑bit unsigned after ReLU: [0, 7]

    for (int o = 0; o < NET_L1; o++) {
 800023a:	2500      	movs	r5, #0
        // get all product binary codes into a local array 
        uint16_t prod_codes[NET_INPUTS];   // each product is a binary code
        for (int i = 0; i < NET_INPUTS; i++) {
 800023c:	4b43      	ldr	r3, [pc, #268]	@ (800034c <network_forward+0x124>)
 800023e:	f04f 0a14 	mov.w	sl, #20
 8000242:	ac05      	add	r4, sp, #20
 8000244:	fb0a 3a05 	mla	sl, sl, r5, r3
 8000248:	f1a7 0b02 	sub.w	fp, r7, #2
 800024c:	f107 0212 	add.w	r2, r7, #18
{
 8000250:	4623      	mov	r3, r4
            prod_codes[i] = multiply_codes(input[i], L1_W[o][i]);
 8000252:	f83b 0f02 	ldrh.w	r0, [fp, #2]!
 8000256:	f83a 1b02 	ldrh.w	r1, [sl], #2
 800025a:	e9cd 2300 	strd	r2, r3, [sp]
 800025e:	f000 f87d 	bl	800035c <multiply_codes>
        for (int i = 0; i < NET_INPUTS; i++) {
 8000262:	9a00      	ldr	r2, [sp, #0]
            prod_codes[i] = multiply_codes(input[i], L1_W[o][i]);
 8000264:	9b01      	ldr	r3, [sp, #4]
        for (int i = 0; i < NET_INPUTS; i++) {
 8000266:	455a      	cmp	r2, fp
            prod_codes[i] = multiply_codes(input[i], L1_W[o][i]);
 8000268:	f823 0b02 	strh.w	r0, [r3], #2
        for (int i = 0; i < NET_INPUTS; i++) {
 800026c:	d1f1      	bne.n	8000252 <network_forward+0x2a>
        }

        // add them in pairs using the binary‑code addition LUT
        int32_t acc = 0;   // real accumulator
        for (int i = 0; i < NET_INPUTS; i += 2) {
 800026e:	2100      	movs	r1, #0
        int32_t acc = 0;   // real accumulator
 8000270:	4608      	mov	r0, r1
            uint16_t code_a = prod_codes[i];
 8000272:	4a37      	ldr	r2, [pc, #220]	@ (8000350 <network_forward+0x128>)
 8000274:	f8b4 c000 	ldrh.w	ip, [r4]
            uint16_t code_b = prod_codes[i + 1];
 8000278:	f8b4 e002 	ldrh.w	lr, [r4, #2]

#include <stdint.h>
#include "add_lut.h"

static inline int add_binary_codes(uint16_t a, uint16_t b) {
    for (int i = 0; i < 9604; i++) {
 800027c:	2300      	movs	r3, #0
 800027e:	4692      	mov	sl, r2
        if (add_lut[i].a == a && add_lut[i].b == b)
 8000280:	f8b2 b000 	ldrh.w	fp, [r2]
 8000284:	45e3      	cmp	fp, ip
 8000286:	d156      	bne.n	8000336 <network_forward+0x10e>
 8000288:	f8b2 b002 	ldrh.w	fp, [r2, #2]
 800028c:	45f3      	cmp	fp, lr
 800028e:	d152      	bne.n	8000336 <network_forward+0x10e>
            return add_lut[i].sum;
 8000290:	2206      	movs	r2, #6
 8000292:	fb02 a303 	mla	r3, r2, r3, sl
 8000296:	f9b3 3004 	ldrsh.w	r3, [r3, #4]
        for (int i = 0; i < NET_INPUTS; i += 2) {
 800029a:	3102      	adds	r1, #2
 800029c:	290a      	cmp	r1, #10
            int pair_sum = add_binary_codes(code_a, code_b);
            acc += pair_sum;
 800029e:	4418      	add	r0, r3
        for (int i = 0; i < NET_INPUTS; i += 2) {
 80002a0:	f104 0404 	add.w	r4, r4, #4
 80002a4:	d1e5      	bne.n	8000272 <network_forward+0x4a>
        // add bias 
        acc += L1_B[o];

        // apply multiplier: scaled = (acc * M0) >> (31 + N)  with rounding
        int64_t temp = (int64_t)acc * L1_M0[o];
        temp += (1LL << (31 + L1_N[o] - 1));   // rounding half
 80002a6:	f858 2b04 	ldr.w	r2, [r8], #4
        acc += L1_B[o];
 80002aa:	f856 3b04 	ldr.w	r3, [r6], #4
        int64_t temp = (int64_t)acc * L1_M0[o];
 80002ae:	f859 eb04 	ldr.w	lr, [r9], #4
        acc += L1_B[o];
 80002b2:	4418      	add	r0, r3
        temp += (1LL << (31 + L1_N[o] - 1));   // rounding half
 80002b4:	f1a2 0c02 	sub.w	ip, r2, #2
 80002b8:	2301      	movs	r3, #1
 80002ba:	f1c2 0102 	rsb	r1, r2, #2
 80002be:	fa03 fc0c 	lsl.w	ip, r3, ip
 80002c2:	f102 0a1e 	add.w	sl, r2, #30
 80002c6:	fa23 f101 	lsr.w	r1, r3, r1
 80002ca:	ea4c 0101 	orr.w	r1, ip, r1
 80002ce:	fa03 f30a 	lsl.w	r3, r3, sl
 80002d2:	fbc0 310e 	smlal	r3, r1, r0, lr
        int32_t activation = (int32_t)(temp >> (31 + L1_N[o]));
 80002d6:	f102 0c1f 	add.w	ip, r2, #31
 80002da:	f1c2 0201 	rsb	r2, r2, #1
 80002de:	f1bc 0020 	subs.w	r0, ip, #32
 80002e2:	fa23 f30c 	lsr.w	r3, r3, ip
 80002e6:	fa01 f202 	lsl.w	r2, r1, r2
 80002ea:	ea43 0302 	orr.w	r3, r3, r2
 80002ee:	bf5c      	itt	pl
 80002f0:	fa41 f000 	asrpl.w	r0, r1, r0
 80002f4:	4303      	orrpl	r3, r0

        // ReLU + clamp to range [0, 7]
        if (activation < 0) activation = 0;
        if (activation > 7) activation = 7;

        hidden_q[o] = (int8_t)activation;
 80002f6:	ac03      	add	r4, sp, #12
        if (activation < 0) activation = 0;
 80002f8:	f383 0303 	usat	r3, #3, r3
        hidden_q[o] = (int8_t)activation;
 80002fc:	5563      	strb	r3, [r4, r5]
    for (int o = 0; o < NET_L1; o++) {
 80002fe:	3501      	adds	r5, #1
 8000300:	2d06      	cmp	r5, #6
 8000302:	d19b      	bne.n	800023c <network_forward+0x14>
    }

    // Computation for layer 2
    int32_t acc = 0;

    for (int i = 0; i < NET_L1; i++) {
 8000304:	2200      	movs	r2, #0
 8000306:	4913      	ldr	r1, [pc, #76]	@ (8000354 <network_forward+0x12c>)
    int32_t acc = 0;
 8000308:	4613      	mov	r3, r2
        int32_t x = hidden_q[i];
 800030a:	f914 5b01 	ldrsb.w	r5, [r4], #1
        int32_t w = L2_W[0][i];
 800030e:	f911 0b01 	ldrsb.w	r0, [r1], #1
    for (int i = 0; i < NET_L1; i++) {
 8000312:	3201      	adds	r2, #1
 8000314:	2a06      	cmp	r2, #6
        acc += x * w;
 8000316:	fb05 3300 	mla	r3, r5, r0, r3
    for (int i = 0; i < NET_L1; i++) {
 800031a:	d1f6      	bne.n	800030a <network_forward+0xe2>
    // add bias
    acc += L2_B[0];

    // apply multiplier for output layer
    int64_t temp = (int64_t)acc * L2_M0[0];
    temp += (1LL << (31 + L2_N[0] - 1));
 800031c:	490e      	ldr	r1, [pc, #56]	@ (8000358 <network_forward+0x130>)
    acc += L2_B[0];
 800031e:	1e5a      	subs	r2, r3, #1
    temp += (1LL << (31 + L2_N[0] - 1));
 8000320:	2000      	movs	r0, #0
 8000322:	f44f 0380 	mov.w	r3, #4194304	@ 0x400000
 8000326:	fbc2 3001 	smlal	r3, r0, r2, r1
    int32_t logit_q = (int32_t)(temp >> (31 + L2_N[0]));
 800032a:	0ddb      	lsrs	r3, r3, #23

    return logit_q;
 800032c:	ea43 2040 	orr.w	r0, r3, r0, lsl #9
 8000330:	b00b      	add	sp, #44	@ 0x2c
 8000332:	e8bd 8ff0 	ldmia.w	sp!, {r4, r5, r6, r7, r8, r9, sl, fp, pc}
    for (int i = 0; i < 9604; i++) {
 8000336:	3301      	adds	r3, #1
 8000338:	f242 5b84 	movw	fp, #9604	@ 0x2584
 800033c:	455b      	cmp	r3, fp
 800033e:	f102 0206 	add.w	r2, r2, #6
 8000342:	d19d      	bne.n	8000280 <network_forward+0x58>
    }
    return 0; // should never happen
 8000344:	2300      	movs	r3, #0
 8000346:	e7a8      	b.n	800029a <network_forward+0x72>
 8000348:	08001398 	.word	0x08001398
 800034c:	080013e0 	.word	0x080013e0
 8000350:	0800145e 	.word	0x0800145e
 8000354:	08001458 	.word	0x08001458
 8000358:	50aefe4c 	.word	0x50aefe4c

0800035c <multiply_codes>:
#include "code_multiply.h"
#include "mult_lut.h"

int8_t multiply_codes(uint16_t a, uint16_t b) {
    // linear search through 196 entries
    for(int i = 0; i < 196; i++) {
 800035c:	4b0b      	ldr	r3, [pc, #44]	@ (800038c <multiply_codes+0x30>)
int8_t multiply_codes(uint16_t a, uint16_t b) {
 800035e:	b530      	push	{r4, r5, lr}
    for(int i = 0; i < 196; i++) {
 8000360:	2200      	movs	r2, #0
 8000362:	461c      	mov	r4, r3
        if(mult_lut[i].a == a && mult_lut[i].b == b) {
 8000364:	881d      	ldrh	r5, [r3, #0]
 8000366:	4285      	cmp	r5, r0
 8000368:	d108      	bne.n	800037c <multiply_codes+0x20>
 800036a:	885d      	ldrh	r5, [r3, #2]
 800036c:	428d      	cmp	r5, r1
 800036e:	d105      	bne.n	800037c <multiply_codes+0x20>
            return mult_lut[i].result;
 8000370:	2306      	movs	r3, #6
 8000372:	fb03 4402 	mla	r4, r3, r2, r4
 8000376:	f994 0004 	ldrsb.w	r0, [r4, #4]
        }
    }
    return 0;  // invalid code pair
 800037a:	bd30      	pop	{r4, r5, pc}
    for(int i = 0; i < 196; i++) {
 800037c:	3201      	adds	r2, #1
 800037e:	2ac4      	cmp	r2, #196	@ 0xc4
 8000380:	f103 0306 	add.w	r3, r3, #6
 8000384:	d1ee      	bne.n	8000364 <multiply_codes+0x8>
    return 0;  // invalid code pair
 8000386:	2000      	movs	r0, #0
 8000388:	e7f7      	b.n	800037a <multiply_codes+0x1e>
 800038a:	bf00      	nop
 800038c:	0800f576 	.word	0x0800f576

08000390 <ss_crc>:


// 0xA6 formerly 
#define CW_CRC 0x4D 
uint8_t ss_crc(uint8_t *buf, uint8_t len)
{
 8000390:	b510      	push	{r4, lr}
 8000392:	4602      	mov	r2, r0
	unsigned int k = 0;
	uint8_t crc = 0x00;
	while (len--) {
 8000394:	4401      	add	r1, r0
	uint8_t crc = 0x00;
 8000396:	2000      	movs	r0, #0
	while (len--) {
 8000398:	428a      	cmp	r2, r1
 800039a:	d100      	bne.n	800039e <ss_crc+0xe>
			crc = crc & 0x80 ? (crc << 1) ^ CW_CRC: crc << 1;
		}
	}
	return crc;

}
 800039c:	bd10      	pop	{r4, pc}
		crc ^= *buf++;
 800039e:	f812 3b01 	ldrb.w	r3, [r2], #1
 80003a2:	2408      	movs	r4, #8
 80003a4:	4058      	eors	r0, r3
			crc = crc & 0x80 ? (crc << 1) ^ CW_CRC: crc << 1;
 80003a6:	b243      	sxtb	r3, r0
 80003a8:	2b00      	cmp	r3, #0
 80003aa:	bfba      	itte	lt
 80003ac:	005b      	lsllt	r3, r3, #1
 80003ae:	f083 034d 	eorlt.w	r3, r3, #77	@ 0x4d
 80003b2:	0043      	lslge	r3, r0, #1
		for (k = 0; k < 8; k++) {
 80003b4:	3c01      	subs	r4, #1
			crc = crc & 0x80 ? (crc << 1) ^ CW_CRC: crc << 1;
 80003b6:	b2d8      	uxtb	r0, r3
		for (k = 0; k < 8; k++) {
 80003b8:	d1f5      	bne.n	80003a6 <ss_crc+0x16>
 80003ba:	e7ed      	b.n	8000398 <ss_crc+0x8>

080003bc <stuff_data>:
    return 0x00;

}

uint8_t stuff_data(uint8_t *buf, uint8_t len)
{
 80003bc:	b530      	push	{r4, r5, lr}
	uint8_t i = 1;
	uint8_t last = 0;
 80003be:	2200      	movs	r2, #0
 80003c0:	4604      	mov	r4, r0
	uint8_t i = 1;
 80003c2:	2301      	movs	r3, #1
	for (; i < len; i++) {
 80003c4:	428b      	cmp	r3, r1
 80003c6:	d301      	bcc.n	80003cc <stuff_data+0x10>
			buf[last] = i - last;
			last = i;
		}
	}
	return 0x00;
}
 80003c8:	2000      	movs	r0, #0
 80003ca:	bd30      	pop	{r4, r5, pc}
		if (buf[i] == FRAME_BYTE) {
 80003cc:	f814 5f01 	ldrb.w	r5, [r4, #1]!
 80003d0:	b915      	cbnz	r5, 80003d8 <stuff_data+0x1c>
			buf[last] = i - last;
 80003d2:	1a9d      	subs	r5, r3, r2
 80003d4:	5485      	strb	r5, [r0, r2]
			last = i;
 80003d6:	461a      	mov	r2, r3
	for (; i < len; i++) {
 80003d8:	3301      	adds	r3, #1
 80003da:	b2db      	uxtb	r3, r3
 80003dc:	e7f2      	b.n	80003c4 <stuff_data+0x8>

080003de <unstuff_data>:

uint8_t unstuff_data(uint8_t *buf, uint8_t len)
{
 80003de:	b530      	push	{r4, r5, lr}
	uint8_t next = buf[0];
 80003e0:	7804      	ldrb	r4, [r0, #0]
	buf[0] = 0x00;
 80003e2:	2500      	movs	r5, #0
{
 80003e4:	4602      	mov	r2, r0
	buf[0] = 0x00;
 80003e6:	7005      	strb	r5, [r0, #0]
	uint8_t next = buf[0];
 80003e8:	4620      	mov	r0, r4
	//len -= 1;
	uint8_t tmp = next;
	while ((next < len) && tmp != 0) {
 80003ea:	4288      	cmp	r0, r1
 80003ec:	d200      	bcs.n	80003f0 <unstuff_data+0x12>
 80003ee:	b904      	cbnz	r4, 80003f2 <unstuff_data+0x14>
		tmp = buf[next];
		buf[next] = FRAME_BYTE;
		next += tmp;
	}
	return next;
}
 80003f0:	bd30      	pop	{r4, r5, pc}
		tmp = buf[next];
 80003f2:	5c14      	ldrb	r4, [r2, r0]
		buf[next] = FRAME_BYTE;
 80003f4:	5415      	strb	r5, [r2, r0]
		next += tmp;
 80003f6:	1903      	adds	r3, r0, r4
 80003f8:	b2d8      	uxtb	r0, r3
 80003fa:	e7f6      	b.n	80003ea <unstuff_data+0xc>

080003fc <simpleserial_addcmd>:
	simpleserial_addcmd('v', 0, check_version);
    simpleserial_addcmd('w', 0, ss_get_commands);
}

int simpleserial_addcmd(char c, unsigned int len, uint8_t (*fp)(uint8_t, uint8_t, uint8_t, uint8_t*))
{
 80003fc:	b538      	push	{r3, r4, r5, lr}
	if(num_commands >= MAX_SS_CMDS) {
 80003fe:	4d0b      	ldr	r5, [pc, #44]	@ (800042c <simpleserial_addcmd+0x30>)
 8000400:	682b      	ldr	r3, [r5, #0]
 8000402:	2b0f      	cmp	r3, #15
 8000404:	dd04      	ble.n	8000410 <simpleserial_addcmd+0x14>
		putch('a');
 8000406:	2061      	movs	r0, #97	@ 0x61
		return 1;
	}

	if(len >= MAX_SS_LEN) {
		putch('b');
 8000408:	f000 f9b2 	bl	8000770 <putch>
		return 1;
 800040c:	2001      	movs	r0, #1
	commands[num_commands].len = len;
	commands[num_commands].fp  = fp;
	num_commands++;

	return 0;
}
 800040e:	bd38      	pop	{r3, r4, r5, pc}
	if(len >= MAX_SS_LEN) {
 8000410:	29ff      	cmp	r1, #255	@ 0xff
 8000412:	d901      	bls.n	8000418 <simpleserial_addcmd+0x1c>
		putch('b');
 8000414:	2062      	movs	r0, #98	@ 0x62
 8000416:	e7f7      	b.n	8000408 <simpleserial_addcmd+0xc>
	commands[num_commands].c   = c;
 8000418:	240c      	movs	r4, #12
 800041a:	fb04 5403 	mla	r4, r4, r3, r5
	num_commands++;
 800041e:	3301      	adds	r3, #1
	commands[num_commands].c   = c;
 8000420:	7120      	strb	r0, [r4, #4]
	commands[num_commands].fp  = fp;
 8000422:	e9c4 1202 	strd	r1, r2, [r4, #8]
	num_commands++;
 8000426:	602b      	str	r3, [r5, #0]
	return 0;
 8000428:	2000      	movs	r0, #0
 800042a:	e7f0      	b.n	800040e <simpleserial_addcmd+0x12>
 800042c:	20000000 	.word	0x20000000

08000430 <simpleserial_init>:
{
 8000430:	b508      	push	{r3, lr}
	simpleserial_addcmd('v', 0, check_version);
 8000432:	4a06      	ldr	r2, [pc, #24]	@ (800044c <simpleserial_init+0x1c>)
 8000434:	2100      	movs	r1, #0
 8000436:	2076      	movs	r0, #118	@ 0x76
 8000438:	f7ff ffe0 	bl	80003fc <simpleserial_addcmd>
}
 800043c:	e8bd 4008 	ldmia.w	sp!, {r3, lr}
    simpleserial_addcmd('w', 0, ss_get_commands);
 8000440:	4a03      	ldr	r2, [pc, #12]	@ (8000450 <simpleserial_init+0x20>)
 8000442:	2100      	movs	r1, #0
 8000444:	2077      	movs	r0, #119	@ 0x77
 8000446:	f7ff bfd9 	b.w	80003fc <simpleserial_addcmd>
 800044a:	bf00      	nop
 800044c:	080004af 	.word	0x080004af
 8000450:	080004cd 	.word	0x080004cd

08000454 <simpleserial_put>:
	simpleserial_put('e', 0x01, &err);
	return;
}

void simpleserial_put(char c, uint8_t size, uint8_t* output)
{
 8000454:	b5f0      	push	{r4, r5, r6, r7, lr}
 8000456:	b0c1      	sub	sp, #260	@ 0x104
	uint8_t data_buf[MAX_SS_LEN];
	data_buf[0] = 0x00;
 8000458:	2300      	movs	r3, #0
{
 800045a:	460d      	mov	r5, r1
	data_buf[1] = c;
	data_buf[2] = size;
 800045c:	f88d 1002 	strb.w	r1, [sp, #2]
	data_buf[0] = 0x00;
 8000460:	466c      	mov	r4, sp
 8000462:	f88d 3000 	strb.w	r3, [sp]
	data_buf[1] = c;
 8000466:	f88d 0001 	strb.w	r0, [sp, #1]
	int i = 0;
	for (; i < size; i++) {
 800046a:	f10d 0102 	add.w	r1, sp, #2
 800046e:	429d      	cmp	r5, r3
 8000470:	dc18      	bgt.n	80004a4 <simpleserial_put+0x50>
		data_buf[i + 3] = output[i];
	}
	data_buf[i + 3] = ss_crc(data_buf+1, size+2);
 8000472:	1ca9      	adds	r1, r5, #2
 8000474:	b2c9      	uxtb	r1, r1
 8000476:	f10d 0001 	add.w	r0, sp, #1
 800047a:	f7ff ff89 	bl	8000390 <ss_crc>
 800047e:	1963      	adds	r3, r4, r5
	data_buf[i + 4] = 0x00;
 8000480:	1d2f      	adds	r7, r5, #4
	stuff_data(data_buf, i + 5);
 8000482:	1d69      	adds	r1, r5, #5
	data_buf[i + 3] = ss_crc(data_buf+1, size+2);
 8000484:	70d8      	strb	r0, [r3, #3]
	data_buf[i + 4] = 0x00;
 8000486:	2600      	movs	r6, #0
	stuff_data(data_buf, i + 5);
 8000488:	b2c9      	uxtb	r1, r1
 800048a:	4620      	mov	r0, r4
	data_buf[i + 4] = 0x00;
 800048c:	55e6      	strb	r6, [r4, r7]
	stuff_data(data_buf, i + 5);
 800048e:	f7ff ff95 	bl	80003bc <stuff_data>
	for (int i = 0; i < size + 5; i++) {
		putch(data_buf[i]);
 8000492:	f814 0b01 	ldrb.w	r0, [r4], #1
	for (int i = 0; i < size + 5; i++) {
 8000496:	3601      	adds	r6, #1
		putch(data_buf[i]);
 8000498:	f000 f96a 	bl	8000770 <putch>
	for (int i = 0; i < size + 5; i++) {
 800049c:	42b7      	cmp	r7, r6
 800049e:	daf8      	bge.n	8000492 <simpleserial_put+0x3e>
	}
}
 80004a0:	b041      	add	sp, #260	@ 0x104
 80004a2:	bdf0      	pop	{r4, r5, r6, r7, pc}
		data_buf[i + 3] = output[i];
 80004a4:	5cd0      	ldrb	r0, [r2, r3]
 80004a6:	f801 0f01 	strb.w	r0, [r1, #1]!
	for (; i < size; i++) {
 80004aa:	3301      	adds	r3, #1
 80004ac:	e7df      	b.n	800046e <simpleserial_put+0x1a>

080004ae <check_version>:
{
 80004ae:	b507      	push	{r0, r1, r2, lr}
	uint8_t ver = SS_VER;
 80004b0:	2303      	movs	r3, #3
	simpleserial_put('r', 1, &ver);
 80004b2:	f10d 0207 	add.w	r2, sp, #7
 80004b6:	2101      	movs	r1, #1
 80004b8:	2072      	movs	r0, #114	@ 0x72
	uint8_t ver = SS_VER;
 80004ba:	f88d 3007 	strb.w	r3, [sp, #7]
	simpleserial_put('r', 1, &ver);
 80004be:	f7ff ffc9 	bl	8000454 <simpleserial_put>
}
 80004c2:	2000      	movs	r0, #0
 80004c4:	b003      	add	sp, #12
 80004c6:	f85d fb04 	ldr.w	pc, [sp], #4
 80004ca:	0000      	movs	r0, r0

080004cc <ss_get_commands>:
{
 80004cc:	b530      	push	{r4, r5, lr}
    for (uint8_t i = 0; i < (num_commands & 0xFF); i++) {
 80004ce:	480d      	ldr	r0, [pc, #52]	@ (8000504 <ss_get_commands+0x38>)
 80004d0:	7801      	ldrb	r1, [r0, #0]
{
 80004d2:	b085      	sub	sp, #20
    for (uint8_t i = 0; i < (num_commands & 0xFF); i++) {
 80004d4:	2200      	movs	r2, #0
        cmd_chars[i] = commands[i].c;
 80004d6:	240c      	movs	r4, #12
    for (uint8_t i = 0; i < (num_commands & 0xFF); i++) {
 80004d8:	b2d3      	uxtb	r3, r2
 80004da:	428b      	cmp	r3, r1
 80004dc:	f102 0201 	add.w	r2, r2, #1
 80004e0:	db06      	blt.n	80004f0 <ss_get_commands+0x24>
    simpleserial_put('r', num_commands & 0xFF, (void *)cmd_chars);
 80004e2:	466a      	mov	r2, sp
 80004e4:	2072      	movs	r0, #114	@ 0x72
 80004e6:	f7ff ffb5 	bl	8000454 <simpleserial_put>
}
 80004ea:	2000      	movs	r0, #0
 80004ec:	b005      	add	sp, #20
 80004ee:	bd30      	pop	{r4, r5, pc}
        cmd_chars[i] = commands[i].c;
 80004f0:	f103 0510 	add.w	r5, r3, #16
 80004f4:	fb04 0303 	mla	r3, r4, r3, r0
 80004f8:	446d      	add	r5, sp
 80004fa:	791b      	ldrb	r3, [r3, #4]
 80004fc:	f805 3c10 	strb.w	r3, [r5, #-16]
    for (uint8_t i = 0; i < (num_commands & 0xFF); i++) {
 8000500:	e7ea      	b.n	80004d8 <ss_get_commands+0xc>
 8000502:	bf00      	nop
 8000504:	20000000 	.word	0x20000000

08000508 <simpleserial_get>:
{
 8000508:	e92d 47f0 	stmdb	sp!, {r4, r5, r6, r7, r8, r9, sl, lr}
 800050c:	b0c2      	sub	sp, #264	@ 0x108
	uint8_t err = 0;
 800050e:	f10d 0707 	add.w	r7, sp, #7
 8000512:	2400      	movs	r4, #0
 8000514:	ae02      	add	r6, sp, #8
 8000516:	703c      	strb	r4, [r7, #0]
	for (int i = 0; i < 4; i++) {
 8000518:	4635      	mov	r5, r6
		data_buf[i] = getch(); //PTR, cmd, scmd, len
 800051a:	f000 f911 	bl	8000740 <getch>
 800051e:	f806 0b01 	strb.w	r0, [r6], #1
		if (data_buf[i] == FRAME_BYTE) {
 8000522:	b948      	cbnz	r0, 8000538 <simpleserial_get+0x30>
			goto ERROR;
 8000524:	2005      	movs	r0, #5
			err = SS_ERR_FRAME_BYTE;
 8000526:	7038      	strb	r0, [r7, #0]
	simpleserial_put('e', 0x01, &err);
 8000528:	463a      	mov	r2, r7
 800052a:	2101      	movs	r1, #1
 800052c:	2065      	movs	r0, #101	@ 0x65
 800052e:	f7ff ff91 	bl	8000454 <simpleserial_put>
}
 8000532:	b042      	add	sp, #264	@ 0x108
 8000534:	e8bd 87f0 	ldmia.w	sp!, {r4, r5, r6, r7, r8, r9, sl, pc}
	for (int i = 0; i < 4; i++) {
 8000538:	3401      	adds	r4, #1
 800053a:	2c04      	cmp	r4, #4
 800053c:	d1ed      	bne.n	800051a <simpleserial_get+0x12>
	uint8_t next_frame = unstuff_data(data_buf, 4);
 800053e:	4621      	mov	r1, r4
 8000540:	4628      	mov	r0, r5
 8000542:	f7ff ff4c 	bl	80003de <unstuff_data>
	for(c = 0; c < num_commands; c++)
 8000546:	4e26      	ldr	r6, [pc, #152]	@ (80005e0 <simpleserial_get+0xd8>)
		if(commands[c].c == data_buf[1])
 8000548:	7869      	ldrb	r1, [r5, #1]
	for(c = 0; c < num_commands; c++)
 800054a:	6832      	ldr	r2, [r6, #0]
	uint8_t next_frame = unstuff_data(data_buf, 4);
 800054c:	4680      	mov	r8, r0
	for(c = 0; c < num_commands; c++)
 800054e:	2300      	movs	r3, #0
		if(commands[c].c == data_buf[1])
 8000550:	200c      	movs	r0, #12
	for(c = 0; c < num_commands; c++)
 8000552:	fa5f f983 	uxtb.w	r9, r3
 8000556:	4591      	cmp	r9, r2
 8000558:	db02      	blt.n	8000560 <simpleserial_get+0x58>
	if (c == num_commands) {
 800055a:	d108      	bne.n	800056e <simpleserial_get+0x66>
 800055c:	2001      	movs	r0, #1
 800055e:	e7e2      	b.n	8000526 <simpleserial_get+0x1e>
		if(commands[c].c == data_buf[1])
 8000560:	fb00 6c09 	mla	ip, r0, r9, r6
 8000564:	3301      	adds	r3, #1
 8000566:	f89c c004 	ldrb.w	ip, [ip, #4]
 800056a:	458c      	cmp	ip, r1
 800056c:	d1f1      	bne.n	8000552 <simpleserial_get+0x4a>
	if ((data_buf[3] + 5) < next_frame) {
 800056e:	78eb      	ldrb	r3, [r5, #3]
 8000570:	3305      	adds	r3, #5
 8000572:	4543      	cmp	r3, r8
 8000574:	da07      	bge.n	8000586 <simpleserial_get+0x7e>
		goto ERROR;
 8000576:	2004      	movs	r0, #4
 8000578:	e7d5      	b.n	8000526 <simpleserial_get+0x1e>
		data_buf[i] = getch();
 800057a:	f000 f8e1 	bl	8000740 <getch>
 800057e:	5528      	strb	r0, [r5, r4]
		if (data_buf[i] == FRAME_BYTE) {
 8000580:	2800      	cmp	r0, #0
 8000582:	d0cf      	beq.n	8000524 <simpleserial_get+0x1c>
	for (; i < data_buf[3] + 5; i++) {
 8000584:	3401      	adds	r4, #1
 8000586:	78eb      	ldrb	r3, [r5, #3]
 8000588:	3304      	adds	r3, #4
 800058a:	42a3      	cmp	r3, r4
 800058c:	daf5      	bge.n	800057a <simpleserial_get+0x72>
	data_buf[i] = getch();
 800058e:	f000 f8d7 	bl	8000740 <getch>
 8000592:	5528      	strb	r0, [r5, r4]
	if (data_buf[i] != FRAME_BYTE) {
 8000594:	2800      	cmp	r0, #0
 8000596:	d1ee      	bne.n	8000576 <simpleserial_get+0x6e>
	unstuff_data(data_buf + next_frame, i - next_frame + 1);
 8000598:	f1c8 0101 	rsb	r1, r8, #1
 800059c:	fa51 f184 	uxtab	r1, r1, r4
 80005a0:	fa5f fa84 	uxtb.w	sl, r4
 80005a4:	b2c9      	uxtb	r1, r1
 80005a6:	eb05 0008 	add.w	r0, r5, r8
 80005aa:	f7ff ff18 	bl	80003de <unstuff_data>
	uint8_t crc = ss_crc(data_buf+1, i-2);
 80005ae:	f1aa 0102 	sub.w	r1, sl, #2
 80005b2:	b2c9      	uxtb	r1, r1
 80005b4:	f10d 0009 	add.w	r0, sp, #9
	if (crc != data_buf[i-1]) {
 80005b8:	442c      	add	r4, r5
	uint8_t crc = ss_crc(data_buf+1, i-2);
 80005ba:	f7ff fee9 	bl	8000390 <ss_crc>
	if (crc != data_buf[i-1]) {
 80005be:	f814 3c01 	ldrb.w	r3, [r4, #-1]
 80005c2:	4283      	cmp	r3, r0
 80005c4:	d109      	bne.n	80005da <simpleserial_get+0xd2>
	err = commands[c].fp(data_buf[1], data_buf[2], data_buf[3], data_buf+4);
 80005c6:	230c      	movs	r3, #12
 80005c8:	fb03 6609 	mla	r6, r3, r9, r6
 80005cc:	78ea      	ldrb	r2, [r5, #3]
 80005ce:	68f4      	ldr	r4, [r6, #12]
 80005d0:	78a9      	ldrb	r1, [r5, #2]
 80005d2:	7868      	ldrb	r0, [r5, #1]
 80005d4:	446b      	add	r3, sp
 80005d6:	47a0      	blx	r4
 80005d8:	e7a5      	b.n	8000526 <simpleserial_get+0x1e>
 80005da:	2002      	movs	r0, #2
 80005dc:	e7a3      	b.n	8000526 <simpleserial_get+0x1e>
 80005de:	bf00      	nop
 80005e0:	20000000 	.word	0x20000000

080005e4 <platform_init>:

UART_HandleTypeDef UartHandle;


void platform_init(void)
{
 80005e4:	b570      	push	{r4, r5, r6, lr}
 80005e6:	b096      	sub	sp, #88	@ 0x58
     HAL_RCC_ClockConfig(&RCC_ClkInitStruct, flash_latency);
  #else
     RCC_OscInitTypeDef RCC_OscInitStruct;
     RCC_OscInitStruct.OscillatorType = RCC_OSCILLATORTYPE_HSE | RCC_OSCILLATORTYPE_HSI;
     RCC_OscInitStruct.HSEState       = RCC_HSE_BYPASS;
     RCC_OscInitStruct.HSIState       = RCC_HSI_OFF;
 80005e8:	2400      	movs	r4, #0
     RCC_OscInitStruct.HSEState       = RCC_HSE_BYPASS;
 80005ea:	2603      	movs	r6, #3
 80005ec:	f44f 23a0 	mov.w	r3, #327680	@ 0x50000
     RCC_OscInitStruct.PLL.PLLSource  = RCC_PLL_NONE;
     HAL_RCC_OscConfig(&RCC_OscInitStruct);
 80005f0:	a80c      	add	r0, sp, #48	@ 0x30

     RCC_ClkInitTypeDef RCC_ClkInitStruct;
     RCC_ClkInitStruct.ClockType      = (RCC_CLOCKTYPE_SYSCLK | RCC_CLOCKTYPE_HCLK | RCC_CLOCKTYPE_PCLK1 | RCC_CLOCKTYPE_PCLK2);
     RCC_ClkInitStruct.SYSCLKSource   = RCC_SYSCLKSOURCE_HSE;
 80005f2:	2501      	movs	r5, #1
     RCC_OscInitStruct.HSEState       = RCC_HSE_BYPASS;
 80005f4:	e9cd 630c 	strd	r6, r3, [sp, #48]	@ 0x30
     RCC_OscInitStruct.HSIState       = RCC_HSI_OFF;
 80005f8:	9410      	str	r4, [sp, #64]	@ 0x40
     RCC_OscInitStruct.PLL.PLLSource  = RCC_PLL_NONE;
 80005fa:	9414      	str	r4, [sp, #80]	@ 0x50
     HAL_RCC_OscConfig(&RCC_OscInitStruct);
 80005fc:	f000 f8d0 	bl	80007a0 <HAL_RCC_OscConfig>
     RCC_ClkInitStruct.SYSCLKSource   = RCC_SYSCLKSOURCE_HSE;
 8000600:	230f      	movs	r3, #15
     RCC_ClkInitStruct.AHBCLKDivider  = RCC_SYSCLK_DIV1;
     RCC_ClkInitStruct.APB1CLKDivider = RCC_HCLK_DIV1;
     RCC_ClkInitStruct.APB2CLKDivider = RCC_HCLK_DIV1;
     uint32_t flash_latency = 0;
     HAL_RCC_ClockConfig(&RCC_ClkInitStruct, flash_latency);
 8000602:	4621      	mov	r1, r4
 8000604:	a802      	add	r0, sp, #8
     RCC_ClkInitStruct.SYSCLKSource   = RCC_SYSCLKSOURCE_HSE;
 8000606:	e9cd 3502 	strd	r3, r5, [sp, #8]
     RCC_ClkInitStruct.APB1CLKDivider = RCC_HCLK_DIV1;
 800060a:	e9cd 4404 	strd	r4, r4, [sp, #16]
     RCC_ClkInitStruct.APB2CLKDivider = RCC_HCLK_DIV1;
 800060e:	9406      	str	r4, [sp, #24]
     HAL_RCC_ClockConfig(&RCC_ClkInitStruct, flash_latency);
 8000610:	f000 fb0c 	bl	8000c2c <HAL_RCC_ClockConfig>




#if (PLATFORM==CWLITEARM)
  __HAL_RCC_GPIOC_CLK_ENABLE();
 8000614:	4b10      	ldr	r3, [pc, #64]	@ (8000658 <platform_init+0x74>)
  GPIO_InitTypeDef GpioInit;
  GpioInit.Pin       = GPIO_PIN_13 | GPIO_PIN_14;
  GpioInit.Mode      = GPIO_MODE_OUTPUT_PP;
  GpioInit.Pull      = GPIO_NOPULL;
  GpioInit.Speed     = GPIO_SPEED_FREQ_HIGH;
  HAL_GPIO_Init(GPIOC, &GpioInit);
 8000616:	4811      	ldr	r0, [pc, #68]	@ (800065c <platform_init+0x78>)
  __HAL_RCC_GPIOC_CLK_ENABLE();
 8000618:	695a      	ldr	r2, [r3, #20]
 800061a:	f442 2200 	orr.w	r2, r2, #524288	@ 0x80000
 800061e:	615a      	str	r2, [r3, #20]
 8000620:	695b      	ldr	r3, [r3, #20]
 8000622:	f403 2300 	and.w	r3, r3, #524288	@ 0x80000
 8000626:	9301      	str	r3, [sp, #4]
 8000628:	9b01      	ldr	r3, [sp, #4]
  HAL_GPIO_Init(GPIOC, &GpioInit);
 800062a:	a907      	add	r1, sp, #28
  GpioInit.Pin       = GPIO_PIN_13 | GPIO_PIN_14;
 800062c:	f44f 43c0 	mov.w	r3, #24576	@ 0x6000
  GpioInit.Mode      = GPIO_MODE_OUTPUT_PP;
 8000630:	e9cd 3507 	strd	r3, r5, [sp, #28]
  GpioInit.Speed     = GPIO_SPEED_FREQ_HIGH;
 8000634:	e9cd 4609 	strd	r4, r6, [sp, #36]	@ 0x24
  HAL_GPIO_Init(GPIOC, &GpioInit);
 8000638:	f000 fb98 	bl	8000d6c <HAL_GPIO_Init>

  HAL_GPIO_WritePin(GPIOC, GPIO_PIN_13, SET);
 800063c:	462a      	mov	r2, r5
 800063e:	4807      	ldr	r0, [pc, #28]	@ (800065c <platform_init+0x78>)
 8000640:	f44f 5100 	mov.w	r1, #8192	@ 0x2000
 8000644:	f000 fc50 	bl	8000ee8 <HAL_GPIO_WritePin>
  HAL_GPIO_WritePin(GPIOC, GPIO_PIN_14, SET);
 8000648:	4804      	ldr	r0, [pc, #16]	@ (800065c <platform_init+0x78>)
 800064a:	462a      	mov	r2, r5
 800064c:	f44f 4180 	mov.w	r1, #16384	@ 0x4000
 8000650:	f000 fc4a 	bl	8000ee8 <HAL_GPIO_WritePin>
#endif
}
 8000654:	b016      	add	sp, #88	@ 0x58
 8000656:	bd70      	pop	{r4, r5, r6, pc}
 8000658:	40021000 	.word	0x40021000
 800065c:	48000800 	.word	0x48000800

08000660 <init_uart>:

void init_uart(void)
{
 8000660:	b510      	push	{r4, lr}
  GPIO_InitTypeDef GpioInit;
  GpioInit.Pin       = GPIO_PIN_9 | GPIO_PIN_10;
  GpioInit.Mode      = GPIO_MODE_AF_PP;
 8000662:	f44f 62c0 	mov.w	r2, #1536	@ 0x600
{
 8000666:	b088      	sub	sp, #32
  GpioInit.Mode      = GPIO_MODE_AF_PP;
 8000668:	2302      	movs	r3, #2
 800066a:	e9cd 2303 	strd	r2, r3, [sp, #12]
  GpioInit.Pull      = GPIO_PULLUP;
  GpioInit.Speed     = GPIO_SPEED_FREQ_HIGH;
 800066e:	2101      	movs	r1, #1
 8000670:	2303      	movs	r3, #3
 8000672:	e9cd 1305 	strd	r1, r3, [sp, #20]
  GpioInit.Alternate = GPIO_AF7_USART1;
  __GPIOA_CLK_ENABLE();
 8000676:	4c16      	ldr	r4, [pc, #88]	@ (80006d0 <init_uart+0x70>)
  GpioInit.Alternate = GPIO_AF7_USART1;
 8000678:	2307      	movs	r3, #7
 800067a:	9307      	str	r3, [sp, #28]
  __GPIOA_CLK_ENABLE();
 800067c:	6963      	ldr	r3, [r4, #20]
 800067e:	f443 3300 	orr.w	r3, r3, #131072	@ 0x20000
 8000682:	6163      	str	r3, [r4, #20]
 8000684:	6963      	ldr	r3, [r4, #20]
 8000686:	f403 3300 	and.w	r3, r3, #131072	@ 0x20000
 800068a:	9301      	str	r3, [sp, #4]
  HAL_GPIO_Init(GPIOA, &GpioInit);
 800068c:	a903      	add	r1, sp, #12
 800068e:	f04f 4090 	mov.w	r0, #1207959552	@ 0x48000000
  __GPIOA_CLK_ENABLE();
 8000692:	9b01      	ldr	r3, [sp, #4]
  HAL_GPIO_Init(GPIOA, &GpioInit);
 8000694:	f000 fb6a 	bl	8000d6c <HAL_GPIO_Init>

  UartHandle.Instance        = USART1;
 8000698:	4a0e      	ldr	r2, [pc, #56]	@ (80006d4 <init_uart+0x74>)
 800069a:	4b0f      	ldr	r3, [pc, #60]	@ (80006d8 <init_uart+0x78>)
 800069c:	6013      	str	r3, [r2, #0]
  #if SS_VER==SS_VER_2_1
  UartHandle.Init.BaudRate   = 230400;
  #else
  UartHandle.Init.BaudRate   = 38400;
  #endif
  UartHandle.Init.WordLength = UART_WORDLENGTH_8B;
 800069e:	f44f 3061 	mov.w	r0, #230400	@ 0x38400
 80006a2:	2300      	movs	r3, #0
 80006a4:	e9c2 0301 	strd	r0, r3, [r2, #4]
  UartHandle.Init.StopBits   = UART_STOPBITS_1;
  UartHandle.Init.Parity     = UART_PARITY_NONE;
 80006a8:	e9c2 3303 	strd	r3, r3, [r2, #12]
  UartHandle.Init.HwFlowCtl  = UART_HWCONTROL_NONE;
 80006ac:	6193      	str	r3, [r2, #24]
  UartHandle.Init.Mode       = UART_MODE_TX_RX;
 80006ae:	230c      	movs	r3, #12
 80006b0:	6153      	str	r3, [r2, #20]
  __USART1_CLK_ENABLE();
 80006b2:	69a3      	ldr	r3, [r4, #24]
 80006b4:	f443 4380 	orr.w	r3, r3, #16384	@ 0x4000
 80006b8:	61a3      	str	r3, [r4, #24]
 80006ba:	69a3      	ldr	r3, [r4, #24]
 80006bc:	f403 4380 	and.w	r3, r3, #16384	@ 0x4000
 80006c0:	9302      	str	r3, [sp, #8]
  HAL_UART_Init(&UartHandle);
 80006c2:	4610      	mov	r0, r2
  __USART1_CLK_ENABLE();
 80006c4:	9b02      	ldr	r3, [sp, #8]
  HAL_UART_Init(&UartHandle);
 80006c6:	f000 fd25 	bl	8001114 <HAL_UART_Init>
}
 80006ca:	b008      	add	sp, #32
 80006cc:	bd10      	pop	{r4, pc}
 80006ce:	bf00      	nop
 80006d0:	40021000 	.word	0x40021000
 80006d4:	200000c4 	.word	0x200000c4
 80006d8:	40013800 	.word	0x40013800

080006dc <trigger_setup>:

void trigger_setup(void)
{
 80006dc:	b530      	push	{r4, r5, lr}
  __HAL_RCC_GPIOA_CLK_ENABLE();
 80006de:	4b10      	ldr	r3, [pc, #64]	@ (8000720 <trigger_setup+0x44>)
 80006e0:	695a      	ldr	r2, [r3, #20]
 80006e2:	f442 3200 	orr.w	r2, r2, #131072	@ 0x20000
{
 80006e6:	b087      	sub	sp, #28
  __HAL_RCC_GPIOA_CLK_ENABLE();
 80006e8:	615a      	str	r2, [r3, #20]
 80006ea:	695b      	ldr	r3, [r3, #20]
 80006ec:	f403 3300 	and.w	r3, r3, #131072	@ 0x20000
 80006f0:	9300      	str	r3, [sp, #0]
 80006f2:	9b00      	ldr	r3, [sp, #0]

  GPIO_InitTypeDef GpioInit;
  GpioInit.Pin       = GPIO_PIN_12;
  GpioInit.Mode      = GPIO_MODE_OUTPUT_PP;
 80006f4:	f44f 5480 	mov.w	r4, #4096	@ 0x1000
 80006f8:	2301      	movs	r3, #1
 80006fa:	e9cd 4301 	strd	r4, r3, [sp, #4]
  GpioInit.Pull      = GPIO_NOPULL;
  GpioInit.Speed     = GPIO_SPEED_FREQ_HIGH;
 80006fe:	2500      	movs	r5, #0
 8000700:	2303      	movs	r3, #3
  HAL_GPIO_Init(GPIOA, &GpioInit);
 8000702:	a901      	add	r1, sp, #4
 8000704:	f04f 4090 	mov.w	r0, #1207959552	@ 0x48000000
  GpioInit.Speed     = GPIO_SPEED_FREQ_HIGH;
 8000708:	e9cd 5303 	strd	r5, r3, [sp, #12]
  HAL_GPIO_Init(GPIOA, &GpioInit);
 800070c:	f000 fb2e 	bl	8000d6c <HAL_GPIO_Init>

  HAL_GPIO_WritePin(GPIOA, GPIO_PIN_12, RESET);
 8000710:	462a      	mov	r2, r5
 8000712:	4621      	mov	r1, r4
 8000714:	f04f 4090 	mov.w	r0, #1207959552	@ 0x48000000
 8000718:	f000 fbe6 	bl	8000ee8 <HAL_GPIO_WritePin>
}
 800071c:	b007      	add	sp, #28
 800071e:	bd30      	pop	{r4, r5, pc}
 8000720:	40021000 	.word	0x40021000

08000724 <trigger_high>:

void trigger_high(void)
{
  HAL_GPIO_WritePin(GPIOA, GPIO_PIN_12, SET);
 8000724:	2201      	movs	r2, #1
 8000726:	f44f 5180 	mov.w	r1, #4096	@ 0x1000
 800072a:	f04f 4090 	mov.w	r0, #1207959552	@ 0x48000000
 800072e:	f000 bbdb 	b.w	8000ee8 <HAL_GPIO_WritePin>

08000732 <trigger_low>:
}

void trigger_low(void)
{
  HAL_GPIO_WritePin(GPIOA, GPIO_PIN_12, RESET);
 8000732:	2200      	movs	r2, #0
 8000734:	f44f 5180 	mov.w	r1, #4096	@ 0x1000
 8000738:	f04f 4090 	mov.w	r0, #1207959552	@ 0x48000000
 800073c:	f000 bbd4 	b.w	8000ee8 <HAL_GPIO_WritePin>

08000740 <getch>:
}

char getch(void)
{
 8000740:	b513      	push	{r0, r1, r4, lr}
  uint8_t d;
  while (HAL_UART_Receive(&UartHandle, &d, 1, 5000) != HAL_OK)
    USART1->ICR |= (1 << 3);
 8000742:	4c09      	ldr	r4, [pc, #36]	@ (8000768 <getch+0x28>)
  while (HAL_UART_Receive(&UartHandle, &d, 1, 5000) != HAL_OK)
 8000744:	4809      	ldr	r0, [pc, #36]	@ (800076c <getch+0x2c>)
 8000746:	f241 3388 	movw	r3, #5000	@ 0x1388
 800074a:	2201      	movs	r2, #1
 800074c:	f10d 0107 	add.w	r1, sp, #7
 8000750:	f000 fd60 	bl	8001214 <HAL_UART_Receive>
 8000754:	b918      	cbnz	r0, 800075e <getch+0x1e>
  //putch(d);
  return d;
}
 8000756:	f89d 0007 	ldrb.w	r0, [sp, #7]
 800075a:	b002      	add	sp, #8
 800075c:	bd10      	pop	{r4, pc}
    USART1->ICR |= (1 << 3);
 800075e:	6a23      	ldr	r3, [r4, #32]
 8000760:	f043 0308 	orr.w	r3, r3, #8
 8000764:	6223      	str	r3, [r4, #32]
 8000766:	e7ed      	b.n	8000744 <getch+0x4>
 8000768:	40013800 	.word	0x40013800
 800076c:	200000c4 	.word	0x200000c4

08000770 <putch>:

void putch(char c)
{
 8000770:	b507      	push	{r0, r1, r2, lr}
  uint8_t d  = c;
  HAL_UART_Transmit(&UartHandle,  &d, 1, 5000);
 8000772:	f241 3388 	movw	r3, #5000	@ 0x1388
  uint8_t d  = c;
 8000776:	f88d 0007 	strb.w	r0, [sp, #7]
  HAL_UART_Transmit(&UartHandle,  &d, 1, 5000);
 800077a:	2201      	movs	r2, #1
 800077c:	f10d 0107 	add.w	r1, sp, #7
 8000780:	4802      	ldr	r0, [pc, #8]	@ (800078c <putch+0x1c>)
 8000782:	f000 fcf1 	bl	8001168 <HAL_UART_Transmit>
}
 8000786:	b003      	add	sp, #12
 8000788:	f85d fb04 	ldr.w	pc, [sp], #4
 800078c:	200000c4 	.word	0x200000c4

08000790 <HAL_GetTick>:
	hal_sys_tick = 0;
	return HAL_OK;
}
uint32_t HAL_GetTick(void)
{
	return hal_sys_tick++;
 8000790:	4b02      	ldr	r3, [pc, #8]	@ (800079c <HAL_GetTick+0xc>)
 8000792:	6818      	ldr	r0, [r3, #0]
 8000794:	1c42      	adds	r2, r0, #1
 8000796:	601a      	str	r2, [r3, #0]
}
 8000798:	4770      	bx	lr
 800079a:	bf00      	nop
 800079c:	20000134 	.word	0x20000134

080007a0 <HAL_RCC_OscConfig>:
  /* Check the parameters */
  assert_param(RCC_OscInitStruct != NULL);
  assert_param(IS_RCC_OSCILLATORTYPE(RCC_OscInitStruct->OscillatorType));

  /*------------------------------- HSE Configuration ------------------------*/ 
  if(((RCC_OscInitStruct->OscillatorType) & RCC_OSCILLATORTYPE_HSE) == RCC_OSCILLATORTYPE_HSE)
 80007a0:	6803      	ldr	r3, [r0, #0]
{
 80007a2:	e92d 43f7 	stmdb	sp!, {r0, r1, r2, r4, r5, r6, r7, r8, r9, lr}
  if(((RCC_OscInitStruct->OscillatorType) & RCC_OSCILLATORTYPE_HSE) == RCC_OSCILLATORTYPE_HSE)
 80007a6:	07d9      	lsls	r1, r3, #31
{
 80007a8:	4604      	mov	r4, r0
  if(((RCC_OscInitStruct->OscillatorType) & RCC_OSCILLATORTYPE_HSE) == RCC_OSCILLATORTYPE_HSE)
 80007aa:	d410      	bmi.n	80007ce <HAL_RCC_OscConfig+0x2e>
        }
      }
    }
  }
  /*----------------------------- HSI Configuration --------------------------*/ 
  if(((RCC_OscInitStruct->OscillatorType) & RCC_OSCILLATORTYPE_HSI) == RCC_OSCILLATORTYPE_HSI)
 80007ac:	6823      	ldr	r3, [r4, #0]
 80007ae:	079a      	lsls	r2, r3, #30
 80007b0:	d47e      	bmi.n	80008b0 <HAL_RCC_OscConfig+0x110>
        }
      }
    }
  }
  /*------------------------------ LSI Configuration -------------------------*/ 
  if(((RCC_OscInitStruct->OscillatorType) & RCC_OSCILLATORTYPE_LSI) == RCC_OSCILLATORTYPE_LSI)
 80007b2:	6823      	ldr	r3, [r4, #0]
 80007b4:	071e      	lsls	r6, r3, #28
 80007b6:	f100 80e7 	bmi.w	8000988 <HAL_RCC_OscConfig+0x1e8>
        }
      }
    }
  }
  /*------------------------------ LSE Configuration -------------------------*/ 
  if(((RCC_OscInitStruct->OscillatorType) & RCC_OSCILLATORTYPE_LSE) == RCC_OSCILLATORTYPE_LSE)
 80007ba:	6823      	ldr	r3, [r4, #0]
 80007bc:	075d      	lsls	r5, r3, #29
 80007be:	f100 812a 	bmi.w	8000a16 <HAL_RCC_OscConfig+0x276>
  }

  /*-------------------------------- PLL Configuration -----------------------*/
  /* Check the parameters */
  assert_param(IS_RCC_PLL(RCC_OscInitStruct->PLL.PLLState));
  if ((RCC_OscInitStruct->PLL.PLLState) != RCC_PLL_NONE)
 80007c2:	69e2      	ldr	r2, [r4, #28]
 80007c4:	2a00      	cmp	r2, #0
 80007c6:	f040 81ad 	bne.w	8000b24 <HAL_RCC_OscConfig+0x384>
    {
      return HAL_ERROR;
    }
  }
  
  return HAL_OK;
 80007ca:	2000      	movs	r0, #0
 80007cc:	e01f      	b.n	800080e <HAL_RCC_OscConfig+0x6e>
    if((__HAL_RCC_GET_SYSCLK_SOURCE() == RCC_SYSCLKSOURCE_STATUS_HSE) 
 80007ce:	49ae      	ldr	r1, [pc, #696]	@ (8000a88 <HAL_RCC_OscConfig+0x2e8>)
 80007d0:	684b      	ldr	r3, [r1, #4]
 80007d2:	f003 030c 	and.w	r3, r3, #12
 80007d6:	2b04      	cmp	r3, #4
 80007d8:	d007      	beq.n	80007ea <HAL_RCC_OscConfig+0x4a>
       || ((__HAL_RCC_GET_SYSCLK_SOURCE() == RCC_SYSCLKSOURCE_STATUS_PLLCLK) && (__HAL_RCC_GET_PLL_OSCSOURCE() == RCC_PLLSOURCE_HSE)))
 80007da:	684b      	ldr	r3, [r1, #4]
 80007dc:	f003 030c 	and.w	r3, r3, #12
 80007e0:	2b08      	cmp	r3, #8
 80007e2:	d117      	bne.n	8000814 <HAL_RCC_OscConfig+0x74>
 80007e4:	684b      	ldr	r3, [r1, #4]
 80007e6:	03db      	lsls	r3, r3, #15
 80007e8:	d514      	bpl.n	8000814 <HAL_RCC_OscConfig+0x74>
__attribute__((always_inline)) __STATIC_INLINE uint32_t __RBIT(uint32_t value)
{
  uint32_t result;

#if       (__CORTEX_M >= 0x03U) || (__CORTEX_SC >= 300U)
   __ASM volatile ("rbit %0, %1" : "=r" (result) : "r" (value) );
 80007ea:	f44f 3300 	mov.w	r3, #131072	@ 0x20000
 80007ee:	fa93 f2a3 	rbit	r2, r3
      if((__HAL_RCC_GET_FLAG(RCC_FLAG_HSERDY) != RESET) && (RCC_OscInitStruct->HSEState == RCC_HSE_OFF))
 80007f2:	6809      	ldr	r1, [r1, #0]
 80007f4:	fa93 f3a3 	rbit	r3, r3
 80007f8:	2201      	movs	r2, #1
 80007fa:	fab3 f383 	clz	r3, r3
 80007fe:	fa02 f303 	lsl.w	r3, r2, r3
 8000802:	420b      	tst	r3, r1
 8000804:	d0d2      	beq.n	80007ac <HAL_RCC_OscConfig+0xc>
 8000806:	6863      	ldr	r3, [r4, #4]
 8000808:	2b00      	cmp	r3, #0
 800080a:	d1cf      	bne.n	80007ac <HAL_RCC_OscConfig+0xc>
        return HAL_ERROR;
 800080c:	2001      	movs	r0, #1
}
 800080e:	b003      	add	sp, #12
 8000810:	e8bd 83f0 	ldmia.w	sp!, {r4, r5, r6, r7, r8, r9, pc}
      __HAL_RCC_HSE_CONFIG(RCC_OscInitStruct->HSEState);
 8000814:	6862      	ldr	r2, [r4, #4]
 8000816:	f5b2 3f80 	cmp.w	r2, #65536	@ 0x10000
 800081a:	d122      	bne.n	8000862 <HAL_RCC_OscConfig+0xc2>
 800081c:	680b      	ldr	r3, [r1, #0]
 800081e:	f443 3380 	orr.w	r3, r3, #65536	@ 0x10000
 8000822:	600b      	str	r3, [r1, #0]
      __HAL_RCC_HSE_PREDIV_CONFIG(RCC_OscInitStruct->HSEPredivValue);
 8000824:	6acb      	ldr	r3, [r1, #44]	@ 0x2c
 8000826:	68a0      	ldr	r0, [r4, #8]
 8000828:	f023 030f 	bic.w	r3, r3, #15
 800082c:	4303      	orrs	r3, r0
 800082e:	62cb      	str	r3, [r1, #44]	@ 0x2c
      if(RCC_OscInitStruct->HSEState != RCC_HSE_OFF)
 8000830:	b33a      	cbz	r2, 8000882 <HAL_RCC_OscConfig+0xe2>
        tickstart = HAL_GetTick();
 8000832:	f7ff ffad 	bl	8000790 <HAL_GetTick>
 8000836:	f44f 3600 	mov.w	r6, #131072	@ 0x20000
 800083a:	4605      	mov	r5, r0
        while(__HAL_RCC_GET_FLAG(RCC_FLAG_HSERDY) == RESET)
 800083c:	2701      	movs	r7, #1
 800083e:	fa96 f3a6 	rbit	r3, r6
 8000842:	680a      	ldr	r2, [r1, #0]
 8000844:	fa96 f3a6 	rbit	r3, r6
 8000848:	fab3 f383 	clz	r3, r3
 800084c:	fa07 f303 	lsl.w	r3, r7, r3
 8000850:	4213      	tst	r3, r2
 8000852:	d1ab      	bne.n	80007ac <HAL_RCC_OscConfig+0xc>
          if((HAL_GetTick() - tickstart ) > HSE_TIMEOUT_VALUE)
 8000854:	f7ff ff9c 	bl	8000790 <HAL_GetTick>
 8000858:	1b40      	subs	r0, r0, r5
 800085a:	2864      	cmp	r0, #100	@ 0x64
 800085c:	d9ef      	bls.n	800083e <HAL_RCC_OscConfig+0x9e>
            return HAL_TIMEOUT;
 800085e:	2003      	movs	r0, #3
 8000860:	e7d5      	b.n	800080e <HAL_RCC_OscConfig+0x6e>
      __HAL_RCC_HSE_CONFIG(RCC_OscInitStruct->HSEState);
 8000862:	680b      	ldr	r3, [r1, #0]
 8000864:	b932      	cbnz	r2, 8000874 <HAL_RCC_OscConfig+0xd4>
 8000866:	f423 3380 	bic.w	r3, r3, #65536	@ 0x10000
 800086a:	600b      	str	r3, [r1, #0]
 800086c:	680b      	ldr	r3, [r1, #0]
 800086e:	f423 2380 	bic.w	r3, r3, #262144	@ 0x40000
 8000872:	e7d6      	b.n	8000822 <HAL_RCC_OscConfig+0x82>
 8000874:	f5b2 2fa0 	cmp.w	r2, #327680	@ 0x50000
 8000878:	d1f5      	bne.n	8000866 <HAL_RCC_OscConfig+0xc6>
 800087a:	f443 2380 	orr.w	r3, r3, #262144	@ 0x40000
 800087e:	600b      	str	r3, [r1, #0]
 8000880:	e7cc      	b.n	800081c <HAL_RCC_OscConfig+0x7c>
        tickstart = HAL_GetTick();
 8000882:	f7ff ff85 	bl	8000790 <HAL_GetTick>
 8000886:	f44f 3600 	mov.w	r6, #131072	@ 0x20000
 800088a:	4605      	mov	r5, r0
        while(__HAL_RCC_GET_FLAG(RCC_FLAG_HSERDY) != RESET)
 800088c:	2701      	movs	r7, #1
 800088e:	fa96 f3a6 	rbit	r3, r6
 8000892:	680a      	ldr	r2, [r1, #0]
 8000894:	fa96 f3a6 	rbit	r3, r6
 8000898:	fab3 f383 	clz	r3, r3
 800089c:	fa07 f303 	lsl.w	r3, r7, r3
 80008a0:	4213      	tst	r3, r2
 80008a2:	d083      	beq.n	80007ac <HAL_RCC_OscConfig+0xc>
           if((HAL_GetTick() - tickstart ) > HSE_TIMEOUT_VALUE)
 80008a4:	f7ff ff74 	bl	8000790 <HAL_GetTick>
 80008a8:	1b40      	subs	r0, r0, r5
 80008aa:	2864      	cmp	r0, #100	@ 0x64
 80008ac:	d9ef      	bls.n	800088e <HAL_RCC_OscConfig+0xee>
 80008ae:	e7d6      	b.n	800085e <HAL_RCC_OscConfig+0xbe>
    if((__HAL_RCC_GET_SYSCLK_SOURCE() == RCC_SYSCLKSOURCE_STATUS_HSI) 
 80008b0:	4975      	ldr	r1, [pc, #468]	@ (8000a88 <HAL_RCC_OscConfig+0x2e8>)
 80008b2:	684b      	ldr	r3, [r1, #4]
 80008b4:	f013 0f0c 	tst.w	r3, #12
 80008b8:	d007      	beq.n	80008ca <HAL_RCC_OscConfig+0x12a>
       || ((__HAL_RCC_GET_SYSCLK_SOURCE() == RCC_SYSCLKSOURCE_STATUS_PLLCLK) && (__HAL_RCC_GET_PLL_OSCSOURCE() == RCC_PLLSOURCE_HSI)))
 80008ba:	684b      	ldr	r3, [r1, #4]
 80008bc:	f003 030c 	and.w	r3, r3, #12
 80008c0:	2b08      	cmp	r3, #8
 80008c2:	d11f      	bne.n	8000904 <HAL_RCC_OscConfig+0x164>
 80008c4:	684b      	ldr	r3, [r1, #4]
 80008c6:	03df      	lsls	r7, r3, #15
 80008c8:	d41c      	bmi.n	8000904 <HAL_RCC_OscConfig+0x164>
 80008ca:	2302      	movs	r3, #2
 80008cc:	fa93 f2a3 	rbit	r2, r3
      if((__HAL_RCC_GET_FLAG(RCC_FLAG_HSIRDY) != RESET) && (RCC_OscInitStruct->HSIState != RCC_HSI_ON))
 80008d0:	6808      	ldr	r0, [r1, #0]
 80008d2:	fa93 f3a3 	rbit	r3, r3
 80008d6:	2201      	movs	r2, #1
 80008d8:	fab3 f383 	clz	r3, r3
 80008dc:	fa02 f303 	lsl.w	r3, r2, r3
 80008e0:	4203      	tst	r3, r0
 80008e2:	d002      	beq.n	80008ea <HAL_RCC_OscConfig+0x14a>
 80008e4:	6923      	ldr	r3, [r4, #16]
 80008e6:	4293      	cmp	r3, r2
 80008e8:	d190      	bne.n	800080c <HAL_RCC_OscConfig+0x6c>
        __HAL_RCC_HSI_CALIBRATIONVALUE_ADJUST(RCC_OscInitStruct->HSICalibrationValue);
 80008ea:	6808      	ldr	r0, [r1, #0]
 80008ec:	22f8      	movs	r2, #248	@ 0xf8
 80008ee:	fa92 f2a2 	rbit	r2, r2
 80008f2:	6963      	ldr	r3, [r4, #20]
 80008f4:	fab2 f282 	clz	r2, r2
 80008f8:	4093      	lsls	r3, r2
 80008fa:	f020 02f8 	bic.w	r2, r0, #248	@ 0xf8
 80008fe:	4313      	orrs	r3, r2
 8000900:	600b      	str	r3, [r1, #0]
 8000902:	e756      	b.n	80007b2 <HAL_RCC_OscConfig+0x12>
      if(RCC_OscInitStruct->HSIState != RCC_HSI_OFF)
 8000904:	6922      	ldr	r2, [r4, #16]
 8000906:	2501      	movs	r5, #1
 8000908:	b1f2      	cbz	r2, 8000948 <HAL_RCC_OscConfig+0x1a8>
 800090a:	fa95 f3a5 	rbit	r3, r5
        __HAL_RCC_HSI_ENABLE();
 800090e:	fab3 f383 	clz	r3, r3
 8000912:	f103 5384 	add.w	r3, r3, #276824064	@ 0x10800000
 8000916:	f503 1384 	add.w	r3, r3, #1081344	@ 0x108000
 800091a:	009b      	lsls	r3, r3, #2
 800091c:	2702      	movs	r7, #2
 800091e:	601d      	str	r5, [r3, #0]
        tickstart = HAL_GetTick();
 8000920:	f7ff ff36 	bl	8000790 <HAL_GetTick>
 8000924:	4606      	mov	r6, r0
 8000926:	fa97 f3a7 	rbit	r3, r7
        while(__HAL_RCC_GET_FLAG(RCC_FLAG_HSIRDY) == RESET)
 800092a:	680a      	ldr	r2, [r1, #0]
 800092c:	fa97 f3a7 	rbit	r3, r7
 8000930:	fab3 f383 	clz	r3, r3
 8000934:	fa05 f303 	lsl.w	r3, r5, r3
 8000938:	4213      	tst	r3, r2
 800093a:	d1d6      	bne.n	80008ea <HAL_RCC_OscConfig+0x14a>
          if((HAL_GetTick() - tickstart ) > HSI_TIMEOUT_VALUE)
 800093c:	f7ff ff28 	bl	8000790 <HAL_GetTick>
 8000940:	1b80      	subs	r0, r0, r6
 8000942:	2802      	cmp	r0, #2
 8000944:	d9ef      	bls.n	8000926 <HAL_RCC_OscConfig+0x186>
 8000946:	e78a      	b.n	800085e <HAL_RCC_OscConfig+0xbe>
 8000948:	fa95 f3a5 	rbit	r3, r5
        __HAL_RCC_HSI_DISABLE();
 800094c:	fab3 f383 	clz	r3, r3
 8000950:	f103 5384 	add.w	r3, r3, #276824064	@ 0x10800000
 8000954:	f503 1384 	add.w	r3, r3, #1081344	@ 0x108000
 8000958:	009b      	lsls	r3, r3, #2
 800095a:	2702      	movs	r7, #2
 800095c:	601a      	str	r2, [r3, #0]
        tickstart = HAL_GetTick();
 800095e:	f7ff ff17 	bl	8000790 <HAL_GetTick>
 8000962:	4606      	mov	r6, r0
 8000964:	fa97 f3a7 	rbit	r3, r7
        while(__HAL_RCC_GET_FLAG(RCC_FLAG_HSIRDY) != RESET)
 8000968:	680a      	ldr	r2, [r1, #0]
 800096a:	fa97 f3a7 	rbit	r3, r7
 800096e:	fab3 f383 	clz	r3, r3
 8000972:	fa05 f303 	lsl.w	r3, r5, r3
 8000976:	4213      	tst	r3, r2
 8000978:	f43f af1b 	beq.w	80007b2 <HAL_RCC_OscConfig+0x12>
          if((HAL_GetTick() - tickstart ) > HSI_TIMEOUT_VALUE)
 800097c:	f7ff ff08 	bl	8000790 <HAL_GetTick>
 8000980:	1b80      	subs	r0, r0, r6
 8000982:	2802      	cmp	r0, #2
 8000984:	d9ee      	bls.n	8000964 <HAL_RCC_OscConfig+0x1c4>
 8000986:	e76a      	b.n	800085e <HAL_RCC_OscConfig+0xbe>
    if(RCC_OscInitStruct->LSIState != RCC_LSI_OFF)
 8000988:	69a0      	ldr	r0, [r4, #24]
 800098a:	4d3f      	ldr	r5, [pc, #252]	@ (8000a88 <HAL_RCC_OscConfig+0x2e8>)
 800098c:	4a3f      	ldr	r2, [pc, #252]	@ (8000a8c <HAL_RCC_OscConfig+0x2ec>)
 800098e:	2101      	movs	r1, #1
 8000990:	b300      	cbz	r0, 80009d4 <HAL_RCC_OscConfig+0x234>
 8000992:	fa91 f3a1 	rbit	r3, r1
      __HAL_RCC_LSI_ENABLE();
 8000996:	fab3 f383 	clz	r3, r3
 800099a:	4413      	add	r3, r2
 800099c:	009b      	lsls	r3, r3, #2
 800099e:	2602      	movs	r6, #2
 80009a0:	6019      	str	r1, [r3, #0]
      tickstart = HAL_GetTick();
 80009a2:	f7ff fef5 	bl	8000790 <HAL_GetTick>
 80009a6:	4607      	mov	r7, r0
 80009a8:	fa96 f3a6 	rbit	r3, r6
 80009ac:	fa96 f3a6 	rbit	r3, r6
 80009b0:	fa96 f3a6 	rbit	r3, r6
      while(__HAL_RCC_GET_FLAG(RCC_FLAG_LSIRDY) == RESET)
 80009b4:	6a6a      	ldr	r2, [r5, #36]	@ 0x24
 80009b6:	fa96 f3a6 	rbit	r3, r6
 80009ba:	fab3 f383 	clz	r3, r3
 80009be:	fa01 f303 	lsl.w	r3, r1, r3
 80009c2:	4213      	tst	r3, r2
 80009c4:	f47f aef9 	bne.w	80007ba <HAL_RCC_OscConfig+0x1a>
        if((HAL_GetTick() - tickstart ) > LSI_TIMEOUT_VALUE)
 80009c8:	f7ff fee2 	bl	8000790 <HAL_GetTick>
 80009cc:	1bc0      	subs	r0, r0, r7
 80009ce:	2802      	cmp	r0, #2
 80009d0:	d9ea      	bls.n	80009a8 <HAL_RCC_OscConfig+0x208>
 80009d2:	e744      	b.n	800085e <HAL_RCC_OscConfig+0xbe>
 80009d4:	fa91 f3a1 	rbit	r3, r1
      __HAL_RCC_LSI_DISABLE();
 80009d8:	fab3 f383 	clz	r3, r3
 80009dc:	4413      	add	r3, r2
 80009de:	009b      	lsls	r3, r3, #2
 80009e0:	2602      	movs	r6, #2
 80009e2:	6018      	str	r0, [r3, #0]
      tickstart = HAL_GetTick();
 80009e4:	f7ff fed4 	bl	8000790 <HAL_GetTick>
 80009e8:	4607      	mov	r7, r0
 80009ea:	fa96 f3a6 	rbit	r3, r6
 80009ee:	fa96 f3a6 	rbit	r3, r6
 80009f2:	fa96 f3a6 	rbit	r3, r6
      while(__HAL_RCC_GET_FLAG(RCC_FLAG_LSIRDY) != RESET)
 80009f6:	6a6a      	ldr	r2, [r5, #36]	@ 0x24
 80009f8:	fa96 f3a6 	rbit	r3, r6
 80009fc:	fab3 f383 	clz	r3, r3
 8000a00:	fa01 f303 	lsl.w	r3, r1, r3
 8000a04:	4213      	tst	r3, r2
 8000a06:	f43f aed8 	beq.w	80007ba <HAL_RCC_OscConfig+0x1a>
        if((HAL_GetTick() - tickstart ) > LSI_TIMEOUT_VALUE)
 8000a0a:	f7ff fec1 	bl	8000790 <HAL_GetTick>
 8000a0e:	1bc0      	subs	r0, r0, r7
 8000a10:	2802      	cmp	r0, #2
 8000a12:	d9ea      	bls.n	80009ea <HAL_RCC_OscConfig+0x24a>
 8000a14:	e723      	b.n	800085e <HAL_RCC_OscConfig+0xbe>
    if(__HAL_RCC_PWR_IS_CLK_DISABLED())
 8000a16:	491c      	ldr	r1, [pc, #112]	@ (8000a88 <HAL_RCC_OscConfig+0x2e8>)
 8000a18:	69cb      	ldr	r3, [r1, #28]
 8000a1a:	00d8      	lsls	r0, r3, #3
 8000a1c:	d431      	bmi.n	8000a82 <HAL_RCC_OscConfig+0x2e2>
      __HAL_RCC_PWR_CLK_ENABLE();
 8000a1e:	69cb      	ldr	r3, [r1, #28]
 8000a20:	f043 5380 	orr.w	r3, r3, #268435456	@ 0x10000000
 8000a24:	61cb      	str	r3, [r1, #28]
 8000a26:	69cb      	ldr	r3, [r1, #28]
 8000a28:	f003 5380 	and.w	r3, r3, #268435456	@ 0x10000000
 8000a2c:	9301      	str	r3, [sp, #4]
 8000a2e:	9b01      	ldr	r3, [sp, #4]
      pwrclkchanged = SET;
 8000a30:	2501      	movs	r5, #1
    if(HAL_IS_BIT_CLR(PWR->CR, PWR_CR_DBP))
 8000a32:	4e17      	ldr	r6, [pc, #92]	@ (8000a90 <HAL_RCC_OscConfig+0x2f0>)
 8000a34:	6833      	ldr	r3, [r6, #0]
 8000a36:	05da      	lsls	r2, r3, #23
 8000a38:	d52c      	bpl.n	8000a94 <HAL_RCC_OscConfig+0x2f4>
    __HAL_RCC_LSE_CONFIG(RCC_OscInitStruct->LSEState);
 8000a3a:	68e3      	ldr	r3, [r4, #12]
 8000a3c:	2b01      	cmp	r3, #1
 8000a3e:	d139      	bne.n	8000ab4 <HAL_RCC_OscConfig+0x314>
 8000a40:	6a0b      	ldr	r3, [r1, #32]
 8000a42:	f043 0301 	orr.w	r3, r3, #1
 8000a46:	620b      	str	r3, [r1, #32]
      tickstart = HAL_GetTick();
 8000a48:	f7ff fea2 	bl	8000790 <HAL_GetTick>
 8000a4c:	2602      	movs	r6, #2
 8000a4e:	4607      	mov	r7, r0
      while(__HAL_RCC_GET_FLAG(RCC_FLAG_LSERDY) == RESET)
 8000a50:	f04f 0801 	mov.w	r8, #1
        if((HAL_GetTick() - tickstart ) > RCC_LSE_TIMEOUT_VALUE)
 8000a54:	f241 3988 	movw	r9, #5000	@ 0x1388
 8000a58:	fa96 f3a6 	rbit	r3, r6
 8000a5c:	fa96 f3a6 	rbit	r3, r6
      while(__HAL_RCC_GET_FLAG(RCC_FLAG_LSERDY) == RESET)
 8000a60:	6a0a      	ldr	r2, [r1, #32]
 8000a62:	fa96 f3a6 	rbit	r3, r6
 8000a66:	fab3 f383 	clz	r3, r3
 8000a6a:	fa08 f303 	lsl.w	r3, r8, r3
 8000a6e:	4213      	tst	r3, r2
 8000a70:	d052      	beq.n	8000b18 <HAL_RCC_OscConfig+0x378>
    if(pwrclkchanged == SET)
 8000a72:	2d00      	cmp	r5, #0
 8000a74:	f43f aea5 	beq.w	80007c2 <HAL_RCC_OscConfig+0x22>
      __HAL_RCC_PWR_CLK_DISABLE();
 8000a78:	69cb      	ldr	r3, [r1, #28]
 8000a7a:	f023 5380 	bic.w	r3, r3, #268435456	@ 0x10000000
 8000a7e:	61cb      	str	r3, [r1, #28]
 8000a80:	e69f      	b.n	80007c2 <HAL_RCC_OscConfig+0x22>
    FlagStatus       pwrclkchanged = RESET;
 8000a82:	2500      	movs	r5, #0
 8000a84:	e7d5      	b.n	8000a32 <HAL_RCC_OscConfig+0x292>
 8000a86:	bf00      	nop
 8000a88:	40021000 	.word	0x40021000
 8000a8c:	10908120 	.word	0x10908120
 8000a90:	40007000 	.word	0x40007000
      SET_BIT(PWR->CR, PWR_CR_DBP);
 8000a94:	6833      	ldr	r3, [r6, #0]
 8000a96:	f443 7380 	orr.w	r3, r3, #256	@ 0x100
 8000a9a:	6033      	str	r3, [r6, #0]
      tickstart = HAL_GetTick();
 8000a9c:	f7ff fe78 	bl	8000790 <HAL_GetTick>
 8000aa0:	4607      	mov	r7, r0
      while(HAL_IS_BIT_CLR(PWR->CR, PWR_CR_DBP))
 8000aa2:	6833      	ldr	r3, [r6, #0]
 8000aa4:	05db      	lsls	r3, r3, #23
 8000aa6:	d4c8      	bmi.n	8000a3a <HAL_RCC_OscConfig+0x29a>
        if((HAL_GetTick() - tickstart) > RCC_DBP_TIMEOUT_VALUE)
 8000aa8:	f7ff fe72 	bl	8000790 <HAL_GetTick>
 8000aac:	1bc0      	subs	r0, r0, r7
 8000aae:	2864      	cmp	r0, #100	@ 0x64
 8000ab0:	d9f7      	bls.n	8000aa2 <HAL_RCC_OscConfig+0x302>
 8000ab2:	e6d4      	b.n	800085e <HAL_RCC_OscConfig+0xbe>
    __HAL_RCC_LSE_CONFIG(RCC_OscInitStruct->LSEState);
 8000ab4:	bb13      	cbnz	r3, 8000afc <HAL_RCC_OscConfig+0x35c>
 8000ab6:	6a0b      	ldr	r3, [r1, #32]
 8000ab8:	f023 0301 	bic.w	r3, r3, #1
 8000abc:	620b      	str	r3, [r1, #32]
 8000abe:	6a0b      	ldr	r3, [r1, #32]
 8000ac0:	f023 0304 	bic.w	r3, r3, #4
 8000ac4:	620b      	str	r3, [r1, #32]
      tickstart = HAL_GetTick();
 8000ac6:	f7ff fe63 	bl	8000790 <HAL_GetTick>
 8000aca:	2602      	movs	r6, #2
 8000acc:	4607      	mov	r7, r0
      while(__HAL_RCC_GET_FLAG(RCC_FLAG_LSERDY) != RESET)
 8000ace:	f04f 0801 	mov.w	r8, #1
        if((HAL_GetTick() - tickstart ) > RCC_LSE_TIMEOUT_VALUE)
 8000ad2:	f241 3988 	movw	r9, #5000	@ 0x1388
 8000ad6:	fa96 f3a6 	rbit	r3, r6
 8000ada:	fa96 f3a6 	rbit	r3, r6
      while(__HAL_RCC_GET_FLAG(RCC_FLAG_LSERDY) != RESET)
 8000ade:	6a0a      	ldr	r2, [r1, #32]
 8000ae0:	fa96 f3a6 	rbit	r3, r6
 8000ae4:	fab3 f383 	clz	r3, r3
 8000ae8:	fa08 f303 	lsl.w	r3, r8, r3
 8000aec:	4213      	tst	r3, r2
 8000aee:	d0c0      	beq.n	8000a72 <HAL_RCC_OscConfig+0x2d2>
        if((HAL_GetTick() - tickstart ) > RCC_LSE_TIMEOUT_VALUE)
 8000af0:	f7ff fe4e 	bl	8000790 <HAL_GetTick>
 8000af4:	1bc0      	subs	r0, r0, r7
 8000af6:	4548      	cmp	r0, r9
 8000af8:	d9ed      	bls.n	8000ad6 <HAL_RCC_OscConfig+0x336>
 8000afa:	e6b0      	b.n	800085e <HAL_RCC_OscConfig+0xbe>
    __HAL_RCC_LSE_CONFIG(RCC_OscInitStruct->LSEState);
 8000afc:	2b05      	cmp	r3, #5
 8000afe:	6a0b      	ldr	r3, [r1, #32]
 8000b00:	d103      	bne.n	8000b0a <HAL_RCC_OscConfig+0x36a>
 8000b02:	f043 0304 	orr.w	r3, r3, #4
 8000b06:	620b      	str	r3, [r1, #32]
 8000b08:	e79a      	b.n	8000a40 <HAL_RCC_OscConfig+0x2a0>
 8000b0a:	f023 0301 	bic.w	r3, r3, #1
 8000b0e:	620b      	str	r3, [r1, #32]
 8000b10:	6a0b      	ldr	r3, [r1, #32]
 8000b12:	f023 0304 	bic.w	r3, r3, #4
 8000b16:	e796      	b.n	8000a46 <HAL_RCC_OscConfig+0x2a6>
        if((HAL_GetTick() - tickstart ) > RCC_LSE_TIMEOUT_VALUE)
 8000b18:	f7ff fe3a 	bl	8000790 <HAL_GetTick>
 8000b1c:	1bc0      	subs	r0, r0, r7
 8000b1e:	4548      	cmp	r0, r9
 8000b20:	d99a      	bls.n	8000a58 <HAL_RCC_OscConfig+0x2b8>
 8000b22:	e69c      	b.n	800085e <HAL_RCC_OscConfig+0xbe>
    if(__HAL_RCC_GET_SYSCLK_SOURCE() != RCC_SYSCLKSOURCE_STATUS_PLLCLK)
 8000b24:	493f      	ldr	r1, [pc, #252]	@ (8000c24 <HAL_RCC_OscConfig+0x484>)
 8000b26:	684b      	ldr	r3, [r1, #4]
 8000b28:	f003 030c 	and.w	r3, r3, #12
 8000b2c:	2b08      	cmp	r3, #8
 8000b2e:	f43f ae6d 	beq.w	800080c <HAL_RCC_OscConfig+0x6c>
      if((RCC_OscInitStruct->PLL.PLLState) == RCC_PLL_ON)
 8000b32:	2a02      	cmp	r2, #2
 8000b34:	f04f 7380 	mov.w	r3, #16777216	@ 0x1000000
 8000b38:	d150      	bne.n	8000bdc <HAL_RCC_OscConfig+0x43c>
 8000b3a:	fa93 f3a3 	rbit	r3, r3
        __HAL_RCC_PLL_DISABLE();
 8000b3e:	fab3 f383 	clz	r3, r3
 8000b42:	f103 5384 	add.w	r3, r3, #276824064	@ 0x10800000
 8000b46:	f503 1384 	add.w	r3, r3, #1081344	@ 0x108000
 8000b4a:	009b      	lsls	r3, r3, #2
 8000b4c:	2200      	movs	r2, #0
 8000b4e:	601a      	str	r2, [r3, #0]
        tickstart = HAL_GetTick();
 8000b50:	f7ff fe1e 	bl	8000790 <HAL_GetTick>
          if((HAL_GetTick() - tickstart ) > PLL_TIMEOUT_VALUE)
 8000b54:	f8df 80d0 	ldr.w	r8, [pc, #208]	@ 8000c28 <HAL_RCC_OscConfig+0x488>
        tickstart = HAL_GetTick();
 8000b58:	4606      	mov	r6, r0
 8000b5a:	f04f 7700 	mov.w	r7, #33554432	@ 0x2000000
        while(__HAL_RCC_GET_FLAG(RCC_FLAG_PLLRDY)  != RESET)
 8000b5e:	2501      	movs	r5, #1
 8000b60:	fa97 f3a7 	rbit	r3, r7
 8000b64:	680a      	ldr	r2, [r1, #0]
 8000b66:	fa97 f3a7 	rbit	r3, r7
 8000b6a:	fab3 f383 	clz	r3, r3
 8000b6e:	fa05 f303 	lsl.w	r3, r5, r3
 8000b72:	4213      	tst	r3, r2
 8000b74:	d12c      	bne.n	8000bd0 <HAL_RCC_OscConfig+0x430>
      __HAL_RCC_PLL_CONFIG(RCC_OscInitStruct->PLL.PLLSource,
 8000b76:	e9d4 0308 	ldrd	r0, r3, [r4, #32]
 8000b7a:	684a      	ldr	r2, [r1, #4]
 8000b7c:	4303      	orrs	r3, r0
 8000b7e:	f422 1274 	bic.w	r2, r2, #3997696	@ 0x3d0000
 8000b82:	4313      	orrs	r3, r2
 8000b84:	604b      	str	r3, [r1, #4]
 8000b86:	f04f 7380 	mov.w	r3, #16777216	@ 0x1000000
 8000b8a:	fa93 f3a3 	rbit	r3, r3
        __HAL_RCC_PLL_ENABLE();
 8000b8e:	fab3 f383 	clz	r3, r3
 8000b92:	f103 5384 	add.w	r3, r3, #276824064	@ 0x10800000
 8000b96:	f503 1384 	add.w	r3, r3, #1081344	@ 0x108000
 8000b9a:	009b      	lsls	r3, r3, #2
          if((HAL_GetTick() - tickstart ) > PLL_TIMEOUT_VALUE)
 8000b9c:	4f22      	ldr	r7, [pc, #136]	@ (8000c28 <HAL_RCC_OscConfig+0x488>)
        __HAL_RCC_PLL_ENABLE();
 8000b9e:	601d      	str	r5, [r3, #0]
        tickstart = HAL_GetTick();
 8000ba0:	f7ff fdf6 	bl	8000790 <HAL_GetTick>
 8000ba4:	f04f 7500 	mov.w	r5, #33554432	@ 0x2000000
 8000ba8:	4604      	mov	r4, r0
        while(__HAL_RCC_GET_FLAG(RCC_FLAG_PLLRDY)  == RESET)
 8000baa:	2601      	movs	r6, #1
 8000bac:	fa95 f3a5 	rbit	r3, r5
 8000bb0:	680a      	ldr	r2, [r1, #0]
 8000bb2:	fa95 f3a5 	rbit	r3, r5
 8000bb6:	fab3 f383 	clz	r3, r3
 8000bba:	fa06 f303 	lsl.w	r3, r6, r3
 8000bbe:	4213      	tst	r3, r2
 8000bc0:	f47f ae03 	bne.w	80007ca <HAL_RCC_OscConfig+0x2a>
          if((HAL_GetTick() - tickstart ) > PLL_TIMEOUT_VALUE)
 8000bc4:	f7ff fde4 	bl	8000790 <HAL_GetTick>
 8000bc8:	1b00      	subs	r0, r0, r4
 8000bca:	42b8      	cmp	r0, r7
 8000bcc:	d9ee      	bls.n	8000bac <HAL_RCC_OscConfig+0x40c>
 8000bce:	e646      	b.n	800085e <HAL_RCC_OscConfig+0xbe>
          if((HAL_GetTick() - tickstart ) > PLL_TIMEOUT_VALUE)
 8000bd0:	f7ff fdde 	bl	8000790 <HAL_GetTick>
 8000bd4:	1b83      	subs	r3, r0, r6
 8000bd6:	4543      	cmp	r3, r8
 8000bd8:	d9c2      	bls.n	8000b60 <HAL_RCC_OscConfig+0x3c0>
 8000bda:	e640      	b.n	800085e <HAL_RCC_OscConfig+0xbe>
 8000bdc:	fa93 f3a3 	rbit	r3, r3
        __HAL_RCC_PLL_DISABLE();
 8000be0:	fab3 f383 	clz	r3, r3
 8000be4:	f103 5384 	add.w	r3, r3, #276824064	@ 0x10800000
 8000be8:	f503 1384 	add.w	r3, r3, #1081344	@ 0x108000
 8000bec:	009b      	lsls	r3, r3, #2
 8000bee:	2200      	movs	r2, #0
 8000bf0:	601a      	str	r2, [r3, #0]
        tickstart = HAL_GetTick();
 8000bf2:	f7ff fdcd 	bl	8000790 <HAL_GetTick>
          if((HAL_GetTick() - tickstart ) > PLL_TIMEOUT_VALUE)
 8000bf6:	4f0c      	ldr	r7, [pc, #48]	@ (8000c28 <HAL_RCC_OscConfig+0x488>)
        tickstart = HAL_GetTick();
 8000bf8:	4604      	mov	r4, r0
 8000bfa:	f04f 7500 	mov.w	r5, #33554432	@ 0x2000000
        while(__HAL_RCC_GET_FLAG(RCC_FLAG_PLLRDY)  != RESET)
 8000bfe:	2601      	movs	r6, #1
 8000c00:	fa95 f3a5 	rbit	r3, r5
 8000c04:	680a      	ldr	r2, [r1, #0]
 8000c06:	fa95 f3a5 	rbit	r3, r5
 8000c0a:	fab3 f383 	clz	r3, r3
 8000c0e:	fa06 f303 	lsl.w	r3, r6, r3
 8000c12:	4213      	tst	r3, r2
 8000c14:	f43f add9 	beq.w	80007ca <HAL_RCC_OscConfig+0x2a>
          if((HAL_GetTick() - tickstart ) > PLL_TIMEOUT_VALUE)
 8000c18:	f7ff fdba 	bl	8000790 <HAL_GetTick>
 8000c1c:	1b00      	subs	r0, r0, r4
 8000c1e:	42b8      	cmp	r0, r7
 8000c20:	d9ee      	bls.n	8000c00 <HAL_RCC_OscConfig+0x460>
 8000c22:	e61c      	b.n	800085e <HAL_RCC_OscConfig+0xbe>
 8000c24:	40021000 	.word	0x40021000
 8000c28:	00030d40 	.word	0x00030d40

08000c2c <HAL_RCC_ClockConfig>:
  /* To correctly read data from FLASH memory, the number of wait states (LATENCY) 
  must be correctly programmed according to the frequency of the CPU clock 
    (HCLK) of the device. */

  /* Increasing the number of wait states because of higher CPU frequency */
  if(FLatency > (FLASH->ACR & FLASH_ACR_LATENCY))
 8000c2c:	4a4d      	ldr	r2, [pc, #308]	@ (8000d64 <HAL_RCC_ClockConfig+0x138>)
{
 8000c2e:	b5f8      	push	{r3, r4, r5, r6, r7, lr}
  if(FLatency > (FLASH->ACR & FLASH_ACR_LATENCY))
 8000c30:	6813      	ldr	r3, [r2, #0]
 8000c32:	f003 0307 	and.w	r3, r3, #7
 8000c36:	428b      	cmp	r3, r1
{
 8000c38:	4604      	mov	r4, r0
  if(FLatency > (FLASH->ACR & FLASH_ACR_LATENCY))
 8000c3a:	d311      	bcc.n	8000c60 <HAL_RCC_ClockConfig+0x34>
      return HAL_ERROR;
    }
  }

  /*-------------------------- HCLK Configuration --------------------------*/
  if(((RCC_ClkInitStruct->ClockType) & RCC_CLOCKTYPE_HCLK) == RCC_CLOCKTYPE_HCLK)
 8000c3c:	6822      	ldr	r2, [r4, #0]
 8000c3e:	0795      	lsls	r5, r2, #30
 8000c40:	d41a      	bmi.n	8000c78 <HAL_RCC_ClockConfig+0x4c>
    assert_param(IS_RCC_HCLK(RCC_ClkInitStruct->AHBCLKDivider));
    MODIFY_REG(RCC->CFGR, RCC_CFGR_HPRE, RCC_ClkInitStruct->AHBCLKDivider);
  }

  /*------------------------- SYSCLK Configuration ---------------------------*/ 
  if(((RCC_ClkInitStruct->ClockType) & RCC_CLOCKTYPE_SYSCLK) == RCC_CLOCKTYPE_SYSCLK)
 8000c42:	07d0      	lsls	r0, r2, #31
 8000c44:	d420      	bmi.n	8000c88 <HAL_RCC_ClockConfig+0x5c>
        }
      }
    }      
  }    
  /* Decreasing the number of wait states because of lower CPU frequency */
  if(FLatency < (FLASH->ACR & FLASH_ACR_LATENCY))
 8000c46:	4a47      	ldr	r2, [pc, #284]	@ (8000d64 <HAL_RCC_ClockConfig+0x138>)
 8000c48:	6813      	ldr	r3, [r2, #0]
 8000c4a:	f003 0307 	and.w	r3, r3, #7
 8000c4e:	428b      	cmp	r3, r1
 8000c50:	d86c      	bhi.n	8000d2c <HAL_RCC_ClockConfig+0x100>
      return HAL_ERROR;
    }
  }    

  /*-------------------------- PCLK1 Configuration ---------------------------*/ 
  if(((RCC_ClkInitStruct->ClockType) & RCC_CLOCKTYPE_PCLK1) == RCC_CLOCKTYPE_PCLK1)
 8000c52:	6822      	ldr	r2, [r4, #0]
 8000c54:	0751      	lsls	r1, r2, #29
 8000c56:	d474      	bmi.n	8000d42 <HAL_RCC_ClockConfig+0x116>
    assert_param(IS_RCC_PCLK(RCC_ClkInitStruct->APB1CLKDivider));
    MODIFY_REG(RCC->CFGR, RCC_CFGR_PPRE1, RCC_ClkInitStruct->APB1CLKDivider);
  }
  
  /*-------------------------- PCLK2 Configuration ---------------------------*/ 
  if(((RCC_ClkInitStruct->ClockType) & RCC_CLOCKTYPE_PCLK2) == RCC_CLOCKTYPE_PCLK2)
 8000c58:	0713      	lsls	r3, r2, #28
 8000c5a:	d47a      	bmi.n	8000d52 <HAL_RCC_ClockConfig+0x126>
  //SystemCoreClock = HAL_RCC_GetSysClockFreq() >> AHBPrescTable[(RCC->CFGR & RCC_CFGR_HPRE)>> RCC_CFGR_HPRE_BITNUMBER];

  /* Configure the source of time base considering new system clocks settings*/
  //HAL_InitTick (TICK_INT_PRIORITY);
  
  return HAL_OK;
 8000c5c:	2000      	movs	r0, #0
 8000c5e:	e00a      	b.n	8000c76 <HAL_RCC_ClockConfig+0x4a>
    __HAL_FLASH_SET_LATENCY(FLatency);
 8000c60:	6813      	ldr	r3, [r2, #0]
 8000c62:	f023 0307 	bic.w	r3, r3, #7
 8000c66:	430b      	orrs	r3, r1
 8000c68:	6013      	str	r3, [r2, #0]
    if((FLASH->ACR & FLASH_ACR_LATENCY) != FLatency)
 8000c6a:	6813      	ldr	r3, [r2, #0]
 8000c6c:	f003 0307 	and.w	r3, r3, #7
 8000c70:	428b      	cmp	r3, r1
 8000c72:	d0e3      	beq.n	8000c3c <HAL_RCC_ClockConfig+0x10>
      return HAL_ERROR;
 8000c74:	2001      	movs	r0, #1
}
 8000c76:	bdf8      	pop	{r3, r4, r5, r6, r7, pc}
    MODIFY_REG(RCC->CFGR, RCC_CFGR_HPRE, RCC_ClkInitStruct->AHBCLKDivider);
 8000c78:	483b      	ldr	r0, [pc, #236]	@ (8000d68 <HAL_RCC_ClockConfig+0x13c>)
 8000c7a:	68a5      	ldr	r5, [r4, #8]
 8000c7c:	6843      	ldr	r3, [r0, #4]
 8000c7e:	f023 03f0 	bic.w	r3, r3, #240	@ 0xf0
 8000c82:	432b      	orrs	r3, r5
 8000c84:	6043      	str	r3, [r0, #4]
 8000c86:	e7dc      	b.n	8000c42 <HAL_RCC_ClockConfig+0x16>
    if(RCC_ClkInitStruct->SYSCLKSource == RCC_SYSCLKSOURCE_HSE)
 8000c88:	6862      	ldr	r2, [r4, #4]
 8000c8a:	4d37      	ldr	r5, [pc, #220]	@ (8000d68 <HAL_RCC_ClockConfig+0x13c>)
 8000c8c:	2a01      	cmp	r2, #1
 8000c8e:	d125      	bne.n	8000cdc <HAL_RCC_ClockConfig+0xb0>
 8000c90:	f44f 3300 	mov.w	r3, #131072	@ 0x20000
 8000c94:	fa93 f0a3 	rbit	r0, r3
      if(__HAL_RCC_GET_FLAG(RCC_FLAG_HSERDY) == RESET)
 8000c98:	6828      	ldr	r0, [r5, #0]
 8000c9a:	fa93 f3a3 	rbit	r3, r3
 8000c9e:	fab3 f383 	clz	r3, r3
 8000ca2:	fa02 f303 	lsl.w	r3, r2, r3
 8000ca6:	4203      	tst	r3, r0
      if(__HAL_RCC_GET_FLAG(RCC_FLAG_HSIRDY) == RESET)
 8000ca8:	d0e4      	beq.n	8000c74 <HAL_RCC_ClockConfig+0x48>
    __HAL_RCC_SYSCLK_CONFIG(RCC_ClkInitStruct->SYSCLKSource);
 8000caa:	686b      	ldr	r3, [r5, #4]
 8000cac:	f023 0303 	bic.w	r3, r3, #3
 8000cb0:	4313      	orrs	r3, r2
 8000cb2:	606b      	str	r3, [r5, #4]
    tickstart = HAL_GetTick();
 8000cb4:	f7ff fd6c 	bl	8000790 <HAL_GetTick>
    if(RCC_ClkInitStruct->SYSCLKSource == RCC_SYSCLKSOURCE_HSE)
 8000cb8:	6863      	ldr	r3, [r4, #4]
 8000cba:	2b01      	cmp	r3, #1
    tickstart = HAL_GetTick();
 8000cbc:	4606      	mov	r6, r0
        if((HAL_GetTick() - tickstart ) > CLOCKSWITCH_TIMEOUT_VALUE)
 8000cbe:	f241 3788 	movw	r7, #5000	@ 0x1388
    if(RCC_ClkInitStruct->SYSCLKSource == RCC_SYSCLKSOURCE_HSE)
 8000cc2:	d11c      	bne.n	8000cfe <HAL_RCC_ClockConfig+0xd2>
      while (__HAL_RCC_GET_SYSCLK_SOURCE() != RCC_SYSCLKSOURCE_STATUS_HSE)
 8000cc4:	686b      	ldr	r3, [r5, #4]
 8000cc6:	f003 030c 	and.w	r3, r3, #12
 8000cca:	2b04      	cmp	r3, #4
 8000ccc:	d0bb      	beq.n	8000c46 <HAL_RCC_ClockConfig+0x1a>
        if((HAL_GetTick() - tickstart ) > CLOCKSWITCH_TIMEOUT_VALUE)
 8000cce:	f7ff fd5f 	bl	8000790 <HAL_GetTick>
 8000cd2:	1b80      	subs	r0, r0, r6
 8000cd4:	42b8      	cmp	r0, r7
 8000cd6:	d9f5      	bls.n	8000cc4 <HAL_RCC_ClockConfig+0x98>
          return HAL_TIMEOUT;
 8000cd8:	2003      	movs	r0, #3
 8000cda:	e7cc      	b.n	8000c76 <HAL_RCC_ClockConfig+0x4a>
    else if(RCC_ClkInitStruct->SYSCLKSource == RCC_SYSCLKSOURCE_PLLCLK)
 8000cdc:	2a02      	cmp	r2, #2
 8000cde:	bf0c      	ite	eq
 8000ce0:	f04f 7300 	moveq.w	r3, #33554432	@ 0x2000000
 8000ce4:	2302      	movne	r3, #2
 8000ce6:	fa93 f0a3 	rbit	r0, r3
      if(__HAL_RCC_GET_FLAG(RCC_FLAG_HSIRDY) == RESET)
 8000cea:	682e      	ldr	r6, [r5, #0]
 8000cec:	fa93 f3a3 	rbit	r3, r3
 8000cf0:	2001      	movs	r0, #1
 8000cf2:	fab3 f383 	clz	r3, r3
 8000cf6:	fa00 f303 	lsl.w	r3, r0, r3
 8000cfa:	4233      	tst	r3, r6
 8000cfc:	e7d4      	b.n	8000ca8 <HAL_RCC_ClockConfig+0x7c>
    else if(RCC_ClkInitStruct->SYSCLKSource == RCC_SYSCLKSOURCE_PLLCLK)
 8000cfe:	2b02      	cmp	r3, #2
 8000d00:	d10f      	bne.n	8000d22 <HAL_RCC_ClockConfig+0xf6>
      while (__HAL_RCC_GET_SYSCLK_SOURCE() != RCC_SYSCLKSOURCE_STATUS_PLLCLK)
 8000d02:	686b      	ldr	r3, [r5, #4]
 8000d04:	f003 030c 	and.w	r3, r3, #12
 8000d08:	2b08      	cmp	r3, #8
 8000d0a:	d09c      	beq.n	8000c46 <HAL_RCC_ClockConfig+0x1a>
        if((HAL_GetTick() - tickstart ) > CLOCKSWITCH_TIMEOUT_VALUE)
 8000d0c:	f7ff fd40 	bl	8000790 <HAL_GetTick>
 8000d10:	1b80      	subs	r0, r0, r6
 8000d12:	42b8      	cmp	r0, r7
 8000d14:	d9f5      	bls.n	8000d02 <HAL_RCC_ClockConfig+0xd6>
 8000d16:	e7df      	b.n	8000cd8 <HAL_RCC_ClockConfig+0xac>
        if((HAL_GetTick() - tickstart ) > CLOCKSWITCH_TIMEOUT_VALUE)
 8000d18:	f7ff fd3a 	bl	8000790 <HAL_GetTick>
 8000d1c:	1b80      	subs	r0, r0, r6
 8000d1e:	42b8      	cmp	r0, r7
 8000d20:	d8da      	bhi.n	8000cd8 <HAL_RCC_ClockConfig+0xac>
      while (__HAL_RCC_GET_SYSCLK_SOURCE() != RCC_SYSCLKSOURCE_STATUS_HSI)
 8000d22:	686b      	ldr	r3, [r5, #4]
 8000d24:	f013 0f0c 	tst.w	r3, #12
 8000d28:	d1f6      	bne.n	8000d18 <HAL_RCC_ClockConfig+0xec>
 8000d2a:	e78c      	b.n	8000c46 <HAL_RCC_ClockConfig+0x1a>
    __HAL_FLASH_SET_LATENCY(FLatency);
 8000d2c:	6813      	ldr	r3, [r2, #0]
 8000d2e:	f023 0307 	bic.w	r3, r3, #7
 8000d32:	430b      	orrs	r3, r1
 8000d34:	6013      	str	r3, [r2, #0]
    if((FLASH->ACR & FLASH_ACR_LATENCY) != FLatency)
 8000d36:	6813      	ldr	r3, [r2, #0]
 8000d38:	f003 0307 	and.w	r3, r3, #7
 8000d3c:	428b      	cmp	r3, r1
 8000d3e:	d199      	bne.n	8000c74 <HAL_RCC_ClockConfig+0x48>
 8000d40:	e787      	b.n	8000c52 <HAL_RCC_ClockConfig+0x26>
    MODIFY_REG(RCC->CFGR, RCC_CFGR_PPRE1, RCC_ClkInitStruct->APB1CLKDivider);
 8000d42:	4909      	ldr	r1, [pc, #36]	@ (8000d68 <HAL_RCC_ClockConfig+0x13c>)
 8000d44:	68e0      	ldr	r0, [r4, #12]
 8000d46:	684b      	ldr	r3, [r1, #4]
 8000d48:	f423 63e0 	bic.w	r3, r3, #1792	@ 0x700
 8000d4c:	4303      	orrs	r3, r0
 8000d4e:	604b      	str	r3, [r1, #4]
 8000d50:	e782      	b.n	8000c58 <HAL_RCC_ClockConfig+0x2c>
    MODIFY_REG(RCC->CFGR, RCC_CFGR_PPRE2, ((RCC_ClkInitStruct->APB2CLKDivider) << 3U));
 8000d52:	4a05      	ldr	r2, [pc, #20]	@ (8000d68 <HAL_RCC_ClockConfig+0x13c>)
 8000d54:	6921      	ldr	r1, [r4, #16]
 8000d56:	6853      	ldr	r3, [r2, #4]
 8000d58:	f423 5360 	bic.w	r3, r3, #14336	@ 0x3800
 8000d5c:	ea43 03c1 	orr.w	r3, r3, r1, lsl #3
 8000d60:	6053      	str	r3, [r2, #4]
 8000d62:	e77b      	b.n	8000c5c <HAL_RCC_ClockConfig+0x30>
 8000d64:	40022000 	.word	0x40022000
 8000d68:	40021000 	.word	0x40021000

08000d6c <HAL_GPIO_Init>:
  * @param  GPIO_Init: pointer to a GPIO_InitTypeDef structure that contains
  *         the configuration information for the specified GPIO peripheral.
  * @retval None
  */
void HAL_GPIO_Init(GPIO_TypeDef  *GPIOx, GPIO_InitTypeDef *GPIO_Init)
{
 8000d6c:	e92d 4ff7 	stmdb	sp!, {r0, r1, r2, r4, r5, r6, r7, r8, r9, sl, fp, lr}
      /*--------------------- EXTI Mode Configuration ------------------------*/
      /* Configure the External Interrupt or event for the current IO */
      if((GPIO_Init->Mode & EXTI_MODE) == EXTI_MODE)
      {
        /* Enable SYSCFG Clock */
        __HAL_RCC_SYSCFG_CLK_ENABLE();
 8000d70:	f8df 8168 	ldr.w	r8, [pc, #360]	@ 8000edc <HAL_GPIO_Init+0x170>
        temp &= ~((0x0FU) << (4U * (position & 0x03U)));
        temp |= (GPIO_GET_INDEX(GPIOx) << (4U * (position & 0x03U)));
        SYSCFG->EXTICR[position >> 2] = temp;

        /* Clear EXTI line configuration */
        temp = EXTI->IMR;
 8000d74:	4c5a      	ldr	r4, [pc, #360]	@ (8000ee0 <HAL_GPIO_Init+0x174>)
  uint32_t position = 0x00U;
 8000d76:	2300      	movs	r3, #0
        temp &= ~((0x0FU) << (4U * (position & 0x03U)));
 8000d78:	f04f 090f 	mov.w	r9, #15
  while (((GPIO_Init->Pin) >> position) != RESET)
 8000d7c:	680a      	ldr	r2, [r1, #0]
 8000d7e:	fa32 f503 	lsrs.w	r5, r2, r3
 8000d82:	d102      	bne.n	8000d8a <HAL_GPIO_Init+0x1e>
      }
    }
    
    position++;
  }
}
 8000d84:	b003      	add	sp, #12
 8000d86:	e8bd 8ff0 	ldmia.w	sp!, {r4, r5, r6, r7, r8, r9, sl, fp, pc}
    iocurrent = (GPIO_Init->Pin) & (1U << position);
 8000d8a:	2501      	movs	r5, #1
 8000d8c:	fa05 fa03 	lsl.w	sl, r5, r3
    if(iocurrent)
 8000d90:	ea1a 0202 	ands.w	r2, sl, r2
 8000d94:	f000 8098 	beq.w	8000ec8 <HAL_GPIO_Init+0x15c>
      if((GPIO_Init->Mode == GPIO_MODE_AF_PP) || (GPIO_Init->Mode == GPIO_MODE_AF_OD))
 8000d98:	684d      	ldr	r5, [r1, #4]
 8000d9a:	f025 0e10 	bic.w	lr, r5, #16
 8000d9e:	f1be 0f02 	cmp.w	lr, #2
 8000da2:	d111      	bne.n	8000dc8 <HAL_GPIO_Init+0x5c>
        temp = GPIOx->AFR[position >> 3];
 8000da4:	08df      	lsrs	r7, r3, #3
 8000da6:	eb00 0787 	add.w	r7, r0, r7, lsl #2
        temp &= ~(0xFU << ((uint32_t)(position & 0x07U) * 4U)) ;
 8000daa:	f003 0c07 	and.w	ip, r3, #7
        temp = GPIOx->AFR[position >> 3];
 8000dae:	6a3e      	ldr	r6, [r7, #32]
        temp &= ~(0xFU << ((uint32_t)(position & 0x07U) * 4U)) ;
 8000db0:	ea4f 0c8c 	mov.w	ip, ip, lsl #2
 8000db4:	fa09 fb0c 	lsl.w	fp, r9, ip
 8000db8:	ea26 0b0b 	bic.w	fp, r6, fp
        temp |= ((uint32_t)(GPIO_Init->Alternate) << (((uint32_t)position & 0x07U) * 4U));
 8000dbc:	690e      	ldr	r6, [r1, #16]
 8000dbe:	fa06 f60c 	lsl.w	r6, r6, ip
 8000dc2:	ea46 060b 	orr.w	r6, r6, fp
        GPIOx->AFR[position >> 3] = temp;
 8000dc6:	623e      	str	r6, [r7, #32]
      temp = GPIOx->MODER;
 8000dc8:	f8d0 b000 	ldr.w	fp, [r0]
      temp &= ~(GPIO_MODER_MODER0 << (position * 2U));
 8000dcc:	ea4f 0c43 	mov.w	ip, r3, lsl #1
 8000dd0:	2603      	movs	r6, #3
 8000dd2:	fa06 f70c 	lsl.w	r7, r6, ip
 8000dd6:	ea2b 0b07 	bic.w	fp, fp, r7
 8000dda:	43fe      	mvns	r6, r7
      temp |= ((GPIO_Init->Mode & GPIO_MODE) << (position * 2U));
 8000ddc:	f005 0703 	and.w	r7, r5, #3
 8000de0:	fa07 f70c 	lsl.w	r7, r7, ip
      if((GPIO_Init->Mode == GPIO_MODE_OUTPUT_PP) || (GPIO_Init->Mode == GPIO_MODE_AF_PP) ||
 8000de4:	f10e 3eff 	add.w	lr, lr, #4294967295	@ 0xffffffff
      temp |= ((GPIO_Init->Mode & GPIO_MODE) << (position * 2U));
 8000de8:	ea47 070b 	orr.w	r7, r7, fp
      if((GPIO_Init->Mode == GPIO_MODE_OUTPUT_PP) || (GPIO_Init->Mode == GPIO_MODE_AF_PP) ||
 8000dec:	f1be 0f01 	cmp.w	lr, #1
      GPIOx->MODER = temp;
 8000df0:	6007      	str	r7, [r0, #0]
      if((GPIO_Init->Mode == GPIO_MODE_OUTPUT_PP) || (GPIO_Init->Mode == GPIO_MODE_AF_PP) ||
 8000df2:	d810      	bhi.n	8000e16 <HAL_GPIO_Init+0xaa>
        temp = GPIOx->OSPEEDR;
 8000df4:	6887      	ldr	r7, [r0, #8]
        temp &= ~(GPIO_OSPEEDER_OSPEEDR0 << (position * 2U));
 8000df6:	ea06 0e07 	and.w	lr, r6, r7
        temp |= (GPIO_Init->Speed << (position * 2U));
 8000dfa:	68cf      	ldr	r7, [r1, #12]
 8000dfc:	fa07 f70c 	lsl.w	r7, r7, ip
 8000e00:	ea47 070e 	orr.w	r7, r7, lr
        GPIOx->OSPEEDR = temp;
 8000e04:	6087      	str	r7, [r0, #8]
        temp = GPIOx->OTYPER;
 8000e06:	6847      	ldr	r7, [r0, #4]
        temp &= ~(GPIO_OTYPER_OT_0 << position) ;
 8000e08:	ea27 0e0a 	bic.w	lr, r7, sl
        temp |= (((GPIO_Init->Mode & GPIO_OUTPUT_TYPE) >> 4U) << position);
 8000e0c:	092f      	lsrs	r7, r5, #4
 8000e0e:	409f      	lsls	r7, r3
 8000e10:	ea47 070e 	orr.w	r7, r7, lr
        GPIOx->OTYPER = temp;
 8000e14:	6047      	str	r7, [r0, #4]
      temp = GPIOx->PUPDR;
 8000e16:	68c7      	ldr	r7, [r0, #12]
      temp &= ~(GPIO_PUPDR_PUPDR0 << (position * 2U));
 8000e18:	4037      	ands	r7, r6
      temp |= ((GPIO_Init->Pull) << (position * 2U));
 8000e1a:	688e      	ldr	r6, [r1, #8]
 8000e1c:	fa06 f60c 	lsl.w	r6, r6, ip
 8000e20:	433e      	orrs	r6, r7
      GPIOx->PUPDR = temp;
 8000e22:	60c6      	str	r6, [r0, #12]
      if((GPIO_Init->Mode & EXTI_MODE) == EXTI_MODE)
 8000e24:	00ee      	lsls	r6, r5, #3
 8000e26:	d54f      	bpl.n	8000ec8 <HAL_GPIO_Init+0x15c>
        __HAL_RCC_SYSCFG_CLK_ENABLE();
 8000e28:	f8d8 6018 	ldr.w	r6, [r8, #24]
 8000e2c:	f046 0601 	orr.w	r6, r6, #1
 8000e30:	f8c8 6018 	str.w	r6, [r8, #24]
 8000e34:	f8d8 6018 	ldr.w	r6, [r8, #24]
 8000e38:	f023 0703 	bic.w	r7, r3, #3
 8000e3c:	f107 4780 	add.w	r7, r7, #1073741824	@ 0x40000000
 8000e40:	f006 0601 	and.w	r6, r6, #1
 8000e44:	f507 3780 	add.w	r7, r7, #65536	@ 0x10000
 8000e48:	9601      	str	r6, [sp, #4]
        temp &= ~((0x0FU) << (4U * (position & 0x03U)));
 8000e4a:	f003 0c03 	and.w	ip, r3, #3
        __HAL_RCC_SYSCFG_CLK_ENABLE();
 8000e4e:	9e01      	ldr	r6, [sp, #4]
        temp = SYSCFG->EXTICR[position >> 2];
 8000e50:	68be      	ldr	r6, [r7, #8]
        temp &= ~((0x0FU) << (4U * (position & 0x03U)));
 8000e52:	ea4f 0c8c 	mov.w	ip, ip, lsl #2
 8000e56:	fa09 fe0c 	lsl.w	lr, r9, ip
        temp |= (GPIO_GET_INDEX(GPIOx) << (4U * (position & 0x03U)));
 8000e5a:	f1b0 4f90 	cmp.w	r0, #1207959552	@ 0x48000000
        temp &= ~((0x0FU) << (4U * (position & 0x03U)));
 8000e5e:	ea26 0e0e 	bic.w	lr, r6, lr
        temp |= (GPIO_GET_INDEX(GPIOx) << (4U * (position & 0x03U)));
 8000e62:	d033      	beq.n	8000ecc <HAL_GPIO_Init+0x160>
 8000e64:	4e1f      	ldr	r6, [pc, #124]	@ (8000ee4 <HAL_GPIO_Init+0x178>)
 8000e66:	42b0      	cmp	r0, r6
 8000e68:	d032      	beq.n	8000ed0 <HAL_GPIO_Init+0x164>
 8000e6a:	f506 6680 	add.w	r6, r6, #1024	@ 0x400
 8000e6e:	42b0      	cmp	r0, r6
 8000e70:	d030      	beq.n	8000ed4 <HAL_GPIO_Init+0x168>
 8000e72:	f506 6680 	add.w	r6, r6, #1024	@ 0x400
 8000e76:	42b0      	cmp	r0, r6
 8000e78:	d02e      	beq.n	8000ed8 <HAL_GPIO_Init+0x16c>
 8000e7a:	f506 6680 	add.w	r6, r6, #1024	@ 0x400
 8000e7e:	42b0      	cmp	r0, r6
 8000e80:	bf14      	ite	ne
 8000e82:	2605      	movne	r6, #5
 8000e84:	2604      	moveq	r6, #4
 8000e86:	fa06 f60c 	lsl.w	r6, r6, ip
 8000e8a:	ea46 060e 	orr.w	r6, r6, lr
        SYSCFG->EXTICR[position >> 2] = temp;
 8000e8e:	60be      	str	r6, [r7, #8]
        temp = EXTI->IMR;
 8000e90:	6826      	ldr	r6, [r4, #0]
        temp &= ~((uint32_t)iocurrent);
 8000e92:	43d7      	mvns	r7, r2
        if((GPIO_Init->Mode & GPIO_MODE_IT) == GPIO_MODE_IT)
 8000e94:	f415 3f80 	tst.w	r5, #65536	@ 0x10000
        temp &= ~((uint32_t)iocurrent);
 8000e98:	bf0c      	ite	eq
 8000e9a:	403e      	andeq	r6, r7
          temp |= iocurrent;
 8000e9c:	4316      	orrne	r6, r2
        EXTI->IMR = temp;
 8000e9e:	6026      	str	r6, [r4, #0]
        temp = EXTI->EMR;
 8000ea0:	6866      	ldr	r6, [r4, #4]
        if((GPIO_Init->Mode & GPIO_MODE_EVT) == GPIO_MODE_EVT)
 8000ea2:	f415 3f00 	tst.w	r5, #131072	@ 0x20000
        temp &= ~((uint32_t)iocurrent);
 8000ea6:	bf0c      	ite	eq
 8000ea8:	403e      	andeq	r6, r7
          temp |= iocurrent;
 8000eaa:	4316      	orrne	r6, r2
        EXTI->EMR = temp;
 8000eac:	6066      	str	r6, [r4, #4]
        temp = EXTI->RTSR;
 8000eae:	68a6      	ldr	r6, [r4, #8]
        if((GPIO_Init->Mode & RISING_EDGE) == RISING_EDGE)
 8000eb0:	f415 1f80 	tst.w	r5, #1048576	@ 0x100000
        temp &= ~((uint32_t)iocurrent);
 8000eb4:	bf0c      	ite	eq
 8000eb6:	403e      	andeq	r6, r7
          temp |= iocurrent;
 8000eb8:	4316      	orrne	r6, r2
        EXTI->RTSR = temp;
 8000eba:	60a6      	str	r6, [r4, #8]
        temp = EXTI->FTSR;
 8000ebc:	68e6      	ldr	r6, [r4, #12]
        if((GPIO_Init->Mode & FALLING_EDGE) == FALLING_EDGE)
 8000ebe:	02ad      	lsls	r5, r5, #10
        temp &= ~((uint32_t)iocurrent);
 8000ec0:	bf54      	ite	pl
 8000ec2:	403e      	andpl	r6, r7
          temp |= iocurrent;
 8000ec4:	4316      	orrmi	r6, r2
        EXTI->FTSR = temp;
 8000ec6:	60e6      	str	r6, [r4, #12]
    position++;
 8000ec8:	3301      	adds	r3, #1
 8000eca:	e757      	b.n	8000d7c <HAL_GPIO_Init+0x10>
        temp |= (GPIO_GET_INDEX(GPIOx) << (4U * (position & 0x03U)));
 8000ecc:	2600      	movs	r6, #0
 8000ece:	e7da      	b.n	8000e86 <HAL_GPIO_Init+0x11a>
 8000ed0:	2601      	movs	r6, #1
 8000ed2:	e7d8      	b.n	8000e86 <HAL_GPIO_Init+0x11a>
 8000ed4:	2602      	movs	r6, #2
 8000ed6:	e7d6      	b.n	8000e86 <HAL_GPIO_Init+0x11a>
 8000ed8:	2603      	movs	r6, #3
 8000eda:	e7d4      	b.n	8000e86 <HAL_GPIO_Init+0x11a>
 8000edc:	40021000 	.word	0x40021000
 8000ee0:	40010400 	.word	0x40010400
 8000ee4:	48000400 	.word	0x48000400

08000ee8 <HAL_GPIO_WritePin>:
{
  /* Check the parameters */
  assert_param(IS_GPIO_PIN(GPIO_Pin));
  assert_param(IS_GPIO_PIN_ACTION(PinState));

  if(PinState != GPIO_PIN_RESET)
 8000ee8:	b10a      	cbz	r2, 8000eee <HAL_GPIO_WritePin+0x6>
  {
    GPIOx->BSRR = (uint32_t)GPIO_Pin;
 8000eea:	6181      	str	r1, [r0, #24]
 8000eec:	4770      	bx	lr
  }
  else
  {
    GPIOx->BRR = (uint32_t)GPIO_Pin;
 8000eee:	6281      	str	r1, [r0, #40]	@ 0x28
  }
}
 8000ef0:	4770      	bx	lr
 8000ef2:	0000      	movs	r0, r0

08000ef4 <UART_SetConfig>:
   *  set the M bits according to huart->Init.WordLength value
   *  set PCE and PS bits according to huart->Init.Parity value
   *  set TE and RE bits according to huart->Init.Mode value
   *  set OVER8 bit according to huart->Init.OverSampling value */
  tmpreg = (uint32_t)huart->Init.WordLength | huart->Init.Parity | huart->Init.Mode | huart->Init.OverSampling ;
  MODIFY_REG(huart->Instance->CR1, UART_CR1_FIELDS, tmpreg);
 8000ef4:	6802      	ldr	r2, [r0, #0]
  tmpreg = (uint32_t)huart->Init.WordLength | huart->Init.Parity | huart->Init.Mode | huart->Init.OverSampling ;
 8000ef6:	6883      	ldr	r3, [r0, #8]
 8000ef8:	69c1      	ldr	r1, [r0, #28]
{
 8000efa:	b530      	push	{r4, r5, lr}
  tmpreg = (uint32_t)huart->Init.WordLength | huart->Init.Parity | huart->Init.Mode | huart->Init.OverSampling ;
 8000efc:	6905      	ldr	r5, [r0, #16]
  MODIFY_REG(huart->Instance->CR1, UART_CR1_FIELDS, tmpreg);
 8000efe:	6814      	ldr	r4, [r2, #0]
  tmpreg = (uint32_t)huart->Init.WordLength | huart->Init.Parity | huart->Init.Mode | huart->Init.OverSampling ;
 8000f00:	432b      	orrs	r3, r5
 8000f02:	6945      	ldr	r5, [r0, #20]
  MODIFY_REG(huart->Instance->CR1, UART_CR1_FIELDS, tmpreg);
 8000f04:	f424 4416 	bic.w	r4, r4, #38400	@ 0x9600
  tmpreg = (uint32_t)huart->Init.WordLength | huart->Init.Parity | huart->Init.Mode | huart->Init.OverSampling ;
 8000f08:	432b      	orrs	r3, r5
  MODIFY_REG(huart->Instance->CR1, UART_CR1_FIELDS, tmpreg);
 8000f0a:	f024 040c 	bic.w	r4, r4, #12
  tmpreg = (uint32_t)huart->Init.WordLength | huart->Init.Parity | huart->Init.Mode | huart->Init.OverSampling ;
 8000f0e:	430b      	orrs	r3, r1
  MODIFY_REG(huart->Instance->CR1, UART_CR1_FIELDS, tmpreg);
 8000f10:	4323      	orrs	r3, r4
 8000f12:	6013      	str	r3, [r2, #0]

  /*-------------------------- USART CR2 Configuration -----------------------*/
  /* Configure the UART Stop Bits: Set STOP[13:12] bits according
   * to huart->Init.StopBits value */
  MODIFY_REG(huart->Instance->CR2, USART_CR2_STOP, huart->Init.StopBits);
 8000f14:	6853      	ldr	r3, [r2, #4]
 8000f16:	68c4      	ldr	r4, [r0, #12]
  /* Configure
   * - UART HardWare Flow Control: set CTSE and RTSE bits according
   *   to huart->Init.HwFlowCtl value
   * - one-bit sampling method versus three samples' majority rule according
   *   to huart->Init.OneBitSampling */
  tmpreg = (uint32_t)huart->Init.HwFlowCtl | huart->Init.OneBitSampling ;
 8000f18:	6a05      	ldr	r5, [r0, #32]
  MODIFY_REG(huart->Instance->CR2, USART_CR2_STOP, huart->Init.StopBits);
 8000f1a:	f423 5340 	bic.w	r3, r3, #12288	@ 0x3000
 8000f1e:	4323      	orrs	r3, r4
 8000f20:	6053      	str	r3, [r2, #4]
  MODIFY_REG(huart->Instance->CR3, (USART_CR3_RTSE | USART_CR3_CTSE | USART_CR3_ONEBIT), tmpreg);
 8000f22:	6894      	ldr	r4, [r2, #8]
  tmpreg = (uint32_t)huart->Init.HwFlowCtl | huart->Init.OneBitSampling ;
 8000f24:	6983      	ldr	r3, [r0, #24]
  MODIFY_REG(huart->Instance->CR3, (USART_CR3_RTSE | USART_CR3_CTSE | USART_CR3_ONEBIT), tmpreg);
 8000f26:	f424 6430 	bic.w	r4, r4, #2816	@ 0xb00
  tmpreg = (uint32_t)huart->Init.HwFlowCtl | huart->Init.OneBitSampling ;
 8000f2a:	432b      	orrs	r3, r5
  MODIFY_REG(huart->Instance->CR3, (USART_CR3_RTSE | USART_CR3_CTSE | USART_CR3_ONEBIT), tmpreg);
 8000f2c:	4323      	orrs	r3, r4
 8000f2e:	6093      	str	r3, [r2, #8]

  /*-------------------------- USART BRR Configuration -----------------------*/
  UART_GETCLOCKSOURCE(huart, clocksource);
 8000f30:	4b42      	ldr	r3, [pc, #264]	@ (800103c <UART_SetConfig+0x148>)
 8000f32:	429a      	cmp	r2, r3
 8000f34:	d111      	bne.n	8000f5a <UART_SetConfig+0x66>
 8000f36:	f503 4358 	add.w	r3, r3, #55296	@ 0xd800
 8000f3a:	6b1b      	ldr	r3, [r3, #48]	@ 0x30
 8000f3c:	f003 0303 	and.w	r3, r3, #3
 8000f40:	2b02      	cmp	r3, #2
 8000f42:	d05f      	beq.n	8001004 <UART_SetConfig+0x110>
 8000f44:	2b03      	cmp	r3, #3
 8000f46:	d065      	beq.n	8001014 <UART_SetConfig+0x120>

  /* Check UART Over Sampling to set Baud Rate Register */
  if (huart->Init.OverSampling == UART_OVERSAMPLING_8)
 8000f48:	f5b1 4f00 	cmp.w	r1, #32768	@ 0x8000
  {
    switch (clocksource)
    {
      case UART_CLOCKSOURCE_PCLK1:
        usartdiv = (uint16_t)(UART_DIV_SAMPLING8(HAL_RCC_GetPCLK1Freq(), huart->Init.BaudRate));
 8000f4c:	6841      	ldr	r1, [r0, #4]
 8000f4e:	ea4f 0351 	mov.w	r3, r1, lsr #1
  if (huart->Init.OverSampling == UART_OVERSAMPLING_8)
 8000f52:	d045      	beq.n	8000fe0 <UART_SetConfig+0xec>
    {
      case UART_CLOCKSOURCE_PCLK1:
        huart->Instance->BRR = (uint16_t)(UART_DIV_SAMPLING16(HAL_RCC_GetPCLK1Freq(), huart->Init.BaudRate));
        break;
      case UART_CLOCKSOURCE_PCLK2:
        huart->Instance->BRR = (uint16_t)(UART_DIV_SAMPLING16(HAL_RCC_GetPCLK2Freq(), huart->Init.BaudRate));
 8000f54:	f503 03e1 	add.w	r3, r3, #7372800	@ 0x708000
 8000f58:	e048      	b.n	8000fec <UART_SetConfig+0xf8>
  UART_GETCLOCKSOURCE(huart, clocksource);
 8000f5a:	4b39      	ldr	r3, [pc, #228]	@ (8001040 <UART_SetConfig+0x14c>)
 8000f5c:	429a      	cmp	r2, r3
 8000f5e:	d112      	bne.n	8000f86 <UART_SetConfig+0x92>
 8000f60:	f503 33e6 	add.w	r3, r3, #117760	@ 0x1cc00
 8000f64:	6b1b      	ldr	r3, [r3, #48]	@ 0x30
 8000f66:	f403 3340 	and.w	r3, r3, #196608	@ 0x30000
 8000f6a:	f5b3 3f00 	cmp.w	r3, #131072	@ 0x20000
 8000f6e:	d049      	beq.n	8001004 <UART_SetConfig+0x110>
 8000f70:	d9ea      	bls.n	8000f48 <UART_SetConfig+0x54>
 8000f72:	f5b3 3f40 	cmp.w	r3, #196608	@ 0x30000
 8000f76:	d04d      	beq.n	8001014 <UART_SetConfig+0x120>
  if (huart->Init.OverSampling == UART_OVERSAMPLING_8)
 8000f78:	f5b1 4f00 	cmp.w	r1, #32768	@ 0x8000
        ret = HAL_ERROR;
 8000f7c:	f04f 0001 	mov.w	r0, #1
  if (huart->Init.OverSampling == UART_OVERSAMPLING_8)
 8000f80:	d15b      	bne.n	800103a <UART_SetConfig+0x146>
  uint16_t usartdiv                   = 0x0000U;
 8000f82:	2300      	movs	r3, #0
 8000f84:	e053      	b.n	800102e <UART_SetConfig+0x13a>
  UART_GETCLOCKSOURCE(huart, clocksource);
 8000f86:	4b2f      	ldr	r3, [pc, #188]	@ (8001044 <UART_SetConfig+0x150>)
 8000f88:	429a      	cmp	r2, r3
 8000f8a:	d10b      	bne.n	8000fa4 <UART_SetConfig+0xb0>
 8000f8c:	f503 33e4 	add.w	r3, r3, #116736	@ 0x1c800
 8000f90:	6b1b      	ldr	r3, [r3, #48]	@ 0x30
 8000f92:	f403 2340 	and.w	r3, r3, #786432	@ 0xc0000
 8000f96:	f5b3 2f00 	cmp.w	r3, #524288	@ 0x80000
 8000f9a:	d033      	beq.n	8001004 <UART_SetConfig+0x110>
 8000f9c:	d9d4      	bls.n	8000f48 <UART_SetConfig+0x54>
 8000f9e:	f5b3 2f40 	cmp.w	r3, #786432	@ 0xc0000
 8000fa2:	e7e8      	b.n	8000f76 <UART_SetConfig+0x82>
 8000fa4:	4b28      	ldr	r3, [pc, #160]	@ (8001048 <UART_SetConfig+0x154>)
 8000fa6:	429a      	cmp	r2, r3
 8000fa8:	d10b      	bne.n	8000fc2 <UART_SetConfig+0xce>
 8000faa:	f503 33e2 	add.w	r3, r3, #115712	@ 0x1c400
 8000fae:	6b1b      	ldr	r3, [r3, #48]	@ 0x30
 8000fb0:	f403 1340 	and.w	r3, r3, #3145728	@ 0x300000
 8000fb4:	f5b3 1f00 	cmp.w	r3, #2097152	@ 0x200000
 8000fb8:	d024      	beq.n	8001004 <UART_SetConfig+0x110>
 8000fba:	d9c5      	bls.n	8000f48 <UART_SetConfig+0x54>
 8000fbc:	f5b3 1f40 	cmp.w	r3, #3145728	@ 0x300000
 8000fc0:	e7d9      	b.n	8000f76 <UART_SetConfig+0x82>
 8000fc2:	4b22      	ldr	r3, [pc, #136]	@ (800104c <UART_SetConfig+0x158>)
 8000fc4:	429a      	cmp	r2, r3
 8000fc6:	d1d7      	bne.n	8000f78 <UART_SetConfig+0x84>
 8000fc8:	f503 33e0 	add.w	r3, r3, #114688	@ 0x1c000
 8000fcc:	6b1b      	ldr	r3, [r3, #48]	@ 0x30
 8000fce:	f403 0340 	and.w	r3, r3, #12582912	@ 0xc00000
 8000fd2:	f5b3 0f00 	cmp.w	r3, #8388608	@ 0x800000
 8000fd6:	d015      	beq.n	8001004 <UART_SetConfig+0x110>
 8000fd8:	d9b6      	bls.n	8000f48 <UART_SetConfig+0x54>
 8000fda:	f5b3 0f40 	cmp.w	r3, #12582912	@ 0xc00000
 8000fde:	e7ca      	b.n	8000f76 <UART_SetConfig+0x82>
        usartdiv = (uint16_t)(UART_DIV_SAMPLING8(HAL_RCC_GetPCLK1Freq(), huart->Init.BaudRate));
 8000fe0:	f503 0361 	add.w	r3, r3, #14745600	@ 0xe10000
 8000fe4:	e01f      	b.n	8001026 <UART_SetConfig+0x132>
        break;
      case UART_CLOCKSOURCE_SYSCLK:
        huart->Instance->BRR = (uint16_t)(UART_DIV_SAMPLING16(HAL_RCC_GetSysClockFreq(), huart->Init.BaudRate));
        break;
      case UART_CLOCKSOURCE_LSE:
        huart->Instance->BRR = (uint16_t)(UART_DIV_SAMPLING16(LSE_VALUE, huart->Init.BaudRate));
 8000fe6:	084b      	lsrs	r3, r1, #1
 8000fe8:	f503 4300 	add.w	r3, r3, #32768	@ 0x8000
        huart->Instance->BRR = (uint16_t)(UART_DIV_SAMPLING16(HAL_RCC_GetPCLK2Freq(), huart->Init.BaudRate));
 8000fec:	fbb3 f3f1 	udiv	r3, r3, r1
 8000ff0:	b29b      	uxth	r3, r3
 8000ff2:	60d3      	str	r3, [r2, #12]
  HAL_StatusTypeDef ret               = HAL_OK;
 8000ff4:	2000      	movs	r0, #0
        ret = HAL_ERROR;
        break;
    }
  }

  return ret;
 8000ff6:	e020      	b.n	800103a <UART_SetConfig+0x146>
        huart->Instance->BRR = (uint16_t)(UART_DIV_SAMPLING16(HSI_VALUE, huart->Init.BaudRate));
 8000ff8:	084b      	lsrs	r3, r1, #1
 8000ffa:	f503 0374 	add.w	r3, r3, #15990784	@ 0xf40000
 8000ffe:	f503 5310 	add.w	r3, r3, #9216	@ 0x2400
 8001002:	e7f3      	b.n	8000fec <UART_SetConfig+0xf8>
  if (huart->Init.OverSampling == UART_OVERSAMPLING_8)
 8001004:	f5b1 4f00 	cmp.w	r1, #32768	@ 0x8000
 8001008:	6841      	ldr	r1, [r0, #4]
 800100a:	d1ec      	bne.n	8000fe6 <UART_SetConfig+0xf2>
        usartdiv = (uint16_t)(UART_DIV_SAMPLING8(LSE_VALUE, huart->Init.BaudRate));
 800100c:	084b      	lsrs	r3, r1, #1
 800100e:	f503 3380 	add.w	r3, r3, #65536	@ 0x10000
 8001012:	e008      	b.n	8001026 <UART_SetConfig+0x132>
  if (huart->Init.OverSampling == UART_OVERSAMPLING_8)
 8001014:	f5b1 4f00 	cmp.w	r1, #32768	@ 0x8000
 8001018:	6841      	ldr	r1, [r0, #4]
 800101a:	d1ed      	bne.n	8000ff8 <UART_SetConfig+0x104>
        usartdiv = (uint16_t)(UART_DIV_SAMPLING8(HSI_VALUE, huart->Init.BaudRate));
 800101c:	084b      	lsrs	r3, r1, #1
 800101e:	f103 73f4 	add.w	r3, r3, #31981568	@ 0x1e80000
 8001022:	f503 4390 	add.w	r3, r3, #18432	@ 0x4800
        usartdiv = (uint16_t)(UART_DIV_SAMPLING8(HAL_RCC_GetPCLK1Freq(), huart->Init.BaudRate));
 8001026:	fbb3 f3f1 	udiv	r3, r3, r1
  HAL_StatusTypeDef ret               = HAL_OK;
 800102a:	2000      	movs	r0, #0
        usartdiv = (uint16_t)(UART_DIV_SAMPLING8(HAL_RCC_GetPCLK1Freq(), huart->Init.BaudRate));
 800102c:	b29b      	uxth	r3, r3
    brrtemp = usartdiv & 0xFFF0U;
 800102e:	f023 010f 	bic.w	r1, r3, #15
    brrtemp |= (uint16_t)((usartdiv & (uint16_t)0x000FU) >> 1U);
 8001032:	f3c3 0342 	ubfx	r3, r3, #1, #3
    huart->Instance->BRR = brrtemp;
 8001036:	430b      	orrs	r3, r1
 8001038:	60d3      	str	r3, [r2, #12]

}
 800103a:	bd30      	pop	{r4, r5, pc}
 800103c:	40013800 	.word	0x40013800
 8001040:	40004400 	.word	0x40004400
 8001044:	40004800 	.word	0x40004800
 8001048:	40004c00 	.word	0x40004c00
 800104c:	40005000 	.word	0x40005000

08001050 <UART_WaitOnFlagUntilTimeout>:
  * @param  Tickstart Tick start value
  * @param  Timeout Timeout duration
  * @retval HAL status
  */
HAL_StatusTypeDef UART_WaitOnFlagUntilTimeout(UART_HandleTypeDef *huart, uint32_t Flag, FlagStatus Status, uint32_t Tickstart, uint32_t Timeout)
{
 8001050:	e92d 41f0 	stmdb	sp!, {r4, r5, r6, r7, r8, lr}
 8001054:	f8dd 8018 	ldr.w	r8, [sp, #24]
 8001058:	4604      	mov	r4, r0
 800105a:	4616      	mov	r6, r2
 800105c:	461f      	mov	r7, r3
  /* Wait until flag is set */
  while((__HAL_UART_GET_FLAG(huart, Flag) ? SET : RESET) == Status)
 800105e:	6825      	ldr	r5, [r4, #0]
 8001060:	69eb      	ldr	r3, [r5, #28]
 8001062:	ea31 0303 	bics.w	r3, r1, r3
 8001066:	bf0c      	ite	eq
 8001068:	2301      	moveq	r3, #1
 800106a:	2300      	movne	r3, #0
 800106c:	42b3      	cmp	r3, r6
 800106e:	d001      	beq.n	8001074 <UART_WaitOnFlagUntilTimeout+0x24>
        __HAL_UNLOCK(huart);
        return HAL_TIMEOUT;
      }
    }
  }
  return HAL_OK;
 8001070:	2000      	movs	r0, #0
 8001072:	e016      	b.n	80010a2 <UART_WaitOnFlagUntilTimeout+0x52>
    if(Timeout != HAL_MAX_DELAY)
 8001074:	f1b8 3fff 	cmp.w	r8, #4294967295	@ 0xffffffff
 8001078:	d0f2      	beq.n	8001060 <UART_WaitOnFlagUntilTimeout+0x10>
      if((Timeout == 0U) || ((HAL_GetTick()-Tickstart) > Timeout))
 800107a:	f1b8 0f00 	cmp.w	r8, #0
 800107e:	d112      	bne.n	80010a6 <UART_WaitOnFlagUntilTimeout+0x56>
        CLEAR_BIT(huart->Instance->CR1, (USART_CR1_RXNEIE | USART_CR1_PEIE | USART_CR1_TXEIE));
 8001080:	682b      	ldr	r3, [r5, #0]
 8001082:	f423 73d0 	bic.w	r3, r3, #416	@ 0x1a0
 8001086:	602b      	str	r3, [r5, #0]
        CLEAR_BIT(huart->Instance->CR3, USART_CR3_EIE);
 8001088:	68ab      	ldr	r3, [r5, #8]
 800108a:	f023 0301 	bic.w	r3, r3, #1
 800108e:	60ab      	str	r3, [r5, #8]
        huart->gState  = HAL_UART_STATE_READY;
 8001090:	2320      	movs	r3, #32
 8001092:	f884 3069 	strb.w	r3, [r4, #105]	@ 0x69
        huart->RxState = HAL_UART_STATE_READY;
 8001096:	f884 306a 	strb.w	r3, [r4, #106]	@ 0x6a
        __HAL_UNLOCK(huart);
 800109a:	2300      	movs	r3, #0
 800109c:	f884 3068 	strb.w	r3, [r4, #104]	@ 0x68
        return HAL_TIMEOUT;
 80010a0:	2003      	movs	r0, #3
}
 80010a2:	e8bd 81f0 	ldmia.w	sp!, {r4, r5, r6, r7, r8, pc}
      if((Timeout == 0U) || ((HAL_GetTick()-Tickstart) > Timeout))
 80010a6:	f7ff fb73 	bl	8000790 <HAL_GetTick>
 80010aa:	1bc0      	subs	r0, r0, r7
 80010ac:	4540      	cmp	r0, r8
 80010ae:	d9d6      	bls.n	800105e <UART_WaitOnFlagUntilTimeout+0xe>
 80010b0:	e7e6      	b.n	8001080 <UART_WaitOnFlagUntilTimeout+0x30>

080010b2 <UART_CheckIdleState>:
{
 80010b2:	b573      	push	{r0, r1, r4, r5, r6, lr}
 80010b4:	4604      	mov	r4, r0
  huart->ErrorCode = HAL_UART_ERROR_NONE;
 80010b6:	2100      	movs	r1, #0
 80010b8:	66c1      	str	r1, [r0, #108]	@ 0x6c
  tickstart = HAL_GetTick();
 80010ba:	f7ff fb69 	bl	8000790 <HAL_GetTick>
  if((huart->Instance->CR1 & USART_CR1_TE) == USART_CR1_TE)
 80010be:	6826      	ldr	r6, [r4, #0]
 80010c0:	6833      	ldr	r3, [r6, #0]
 80010c2:	071a      	lsls	r2, r3, #28
  tickstart = HAL_GetTick();
 80010c4:	4605      	mov	r5, r0
  if((huart->Instance->CR1 & USART_CR1_TE) == USART_CR1_TE)
 80010c6:	d416      	bmi.n	80010f6 <UART_CheckIdleState+0x44>
  if((huart->Instance->CR1 & USART_CR1_RE) == USART_CR1_RE)
 80010c8:	6833      	ldr	r3, [r6, #0]
 80010ca:	075b      	lsls	r3, r3, #29
 80010cc:	d50a      	bpl.n	80010e4 <UART_CheckIdleState+0x32>
    if(UART_WaitOnFlagUntilTimeout(huart, USART_ISR_REACK, RESET, tickstart, HAL_UART_TIMEOUT_VALUE) != HAL_OK)
 80010ce:	f06f 437e 	mvn.w	r3, #4261412864	@ 0xfe000000
 80010d2:	9300      	str	r3, [sp, #0]
 80010d4:	2200      	movs	r2, #0
 80010d6:	462b      	mov	r3, r5
 80010d8:	f44f 0180 	mov.w	r1, #4194304	@ 0x400000
 80010dc:	4620      	mov	r0, r4
 80010de:	f7ff ffb7 	bl	8001050 <UART_WaitOnFlagUntilTimeout>
 80010e2:	b9a0      	cbnz	r0, 800110e <UART_CheckIdleState+0x5c>
  huart->gState  = HAL_UART_STATE_READY;
 80010e4:	2320      	movs	r3, #32
  __HAL_UNLOCK(huart);
 80010e6:	2000      	movs	r0, #0
  huart->gState  = HAL_UART_STATE_READY;
 80010e8:	f884 3069 	strb.w	r3, [r4, #105]	@ 0x69
  __HAL_UNLOCK(huart);
 80010ec:	f884 0068 	strb.w	r0, [r4, #104]	@ 0x68
  huart->RxState = HAL_UART_STATE_READY;
 80010f0:	f884 306a 	strb.w	r3, [r4, #106]	@ 0x6a
  return HAL_OK;
 80010f4:	e00c      	b.n	8001110 <UART_CheckIdleState+0x5e>
    if(UART_WaitOnFlagUntilTimeout(huart, USART_ISR_TEACK, RESET, tickstart, HAL_UART_TIMEOUT_VALUE) != HAL_OK)
 80010f6:	f06f 437e 	mvn.w	r3, #4261412864	@ 0xfe000000
 80010fa:	9300      	str	r3, [sp, #0]
 80010fc:	460a      	mov	r2, r1
 80010fe:	4603      	mov	r3, r0
 8001100:	f44f 1100 	mov.w	r1, #2097152	@ 0x200000
 8001104:	4620      	mov	r0, r4
 8001106:	f7ff ffa3 	bl	8001050 <UART_WaitOnFlagUntilTimeout>
 800110a:	2800      	cmp	r0, #0
 800110c:	d0dc      	beq.n	80010c8 <UART_CheckIdleState+0x16>
      return HAL_TIMEOUT;
 800110e:	2003      	movs	r0, #3
}
 8001110:	b002      	add	sp, #8
 8001112:	bd70      	pop	{r4, r5, r6, pc}

08001114 <HAL_UART_Init>:
{
 8001114:	b538      	push	{r3, r4, r5, lr}
  if(huart == NULL)
 8001116:	4604      	mov	r4, r0
 8001118:	b320      	cbz	r0, 8001164 <HAL_UART_Init+0x50>
  if(huart->gState == HAL_UART_STATE_RESET)
 800111a:	f890 3069 	ldrb.w	r3, [r0, #105]	@ 0x69
 800111e:	f003 02ff 	and.w	r2, r3, #255	@ 0xff
 8001122:	b90b      	cbnz	r3, 8001128 <HAL_UART_Init+0x14>
    huart->Lock = HAL_UNLOCKED;
 8001124:	f880 2068 	strb.w	r2, [r0, #104]	@ 0x68
  __HAL_UART_DISABLE(huart);
 8001128:	6825      	ldr	r5, [r4, #0]
  huart->gState = HAL_UART_STATE_BUSY;
 800112a:	2324      	movs	r3, #36	@ 0x24
 800112c:	f884 3069 	strb.w	r3, [r4, #105]	@ 0x69
  __HAL_UART_DISABLE(huart);
 8001130:	682b      	ldr	r3, [r5, #0]
 8001132:	f023 0301 	bic.w	r3, r3, #1
 8001136:	602b      	str	r3, [r5, #0]
  if (UART_SetConfig(huart) == HAL_ERROR)
 8001138:	4620      	mov	r0, r4
 800113a:	f7ff fedb 	bl	8000ef4 <UART_SetConfig>
 800113e:	2801      	cmp	r0, #1
 8001140:	d010      	beq.n	8001164 <HAL_UART_Init+0x50>
  CLEAR_BIT(huart->Instance->CR2, (USART_CR2_LINEN | USART_CR2_CLKEN));
 8001142:	686b      	ldr	r3, [r5, #4]
 8001144:	f423 4390 	bic.w	r3, r3, #18432	@ 0x4800
 8001148:	606b      	str	r3, [r5, #4]
  CLEAR_BIT(huart->Instance->CR3, (USART_CR3_SCEN | USART_CR3_HDSEL | USART_CR3_IREN));
 800114a:	68ab      	ldr	r3, [r5, #8]
 800114c:	f023 032a 	bic.w	r3, r3, #42	@ 0x2a
 8001150:	60ab      	str	r3, [r5, #8]
  __HAL_UART_ENABLE(huart);
 8001152:	682b      	ldr	r3, [r5, #0]
 8001154:	f043 0301 	orr.w	r3, r3, #1
 8001158:	602b      	str	r3, [r5, #0]
  return UART_CheckIdleState(huart);
 800115a:	4620      	mov	r0, r4
}
 800115c:	e8bd 4038 	ldmia.w	sp!, {r3, r4, r5, lr}
  return UART_CheckIdleState(huart);
 8001160:	f7ff bfa7 	b.w	80010b2 <UART_CheckIdleState>
}
 8001164:	2001      	movs	r0, #1
 8001166:	bd38      	pop	{r3, r4, r5, pc}

08001168 <HAL_UART_Transmit>:
  * @param Size: Amount of data to be sent.
  * @param Timeout: Timeout duration.
  * @retval HAL status
  */
HAL_StatusTypeDef HAL_UART_Transmit(UART_HandleTypeDef *huart, uint8_t *pData, uint16_t Size, uint32_t Timeout)
{
 8001168:	b5f7      	push	{r0, r1, r2, r4, r5, r6, r7, lr}
 800116a:	461e      	mov	r6, r3
  uint16_t* tmp;
  uint32_t tickstart = 0U;

  /* Check that a Tx process is not already ongoing */
  if(huart->gState == HAL_UART_STATE_READY)
 800116c:	f890 3069 	ldrb.w	r3, [r0, #105]	@ 0x69
 8001170:	2b20      	cmp	r3, #32
{
 8001172:	460d      	mov	r5, r1
 8001174:	4604      	mov	r4, r0
 8001176:	4611      	mov	r1, r2
  if(huart->gState == HAL_UART_STATE_READY)
 8001178:	d14a      	bne.n	8001210 <HAL_UART_Transmit+0xa8>
  {
    if((pData == NULL ) || (Size == 0U))
 800117a:	2d00      	cmp	r5, #0
 800117c:	d046      	beq.n	800120c <HAL_UART_Transmit+0xa4>
 800117e:	2a00      	cmp	r2, #0
 8001180:	d044      	beq.n	800120c <HAL_UART_Transmit+0xa4>
    {
      return  HAL_ERROR;
    }

    /* Process Locked */
    __HAL_LOCK(huart);
 8001182:	f890 3068 	ldrb.w	r3, [r0, #104]	@ 0x68
 8001186:	2b01      	cmp	r3, #1
 8001188:	d042      	beq.n	8001210 <HAL_UART_Transmit+0xa8>
 800118a:	2301      	movs	r3, #1
 800118c:	f880 3068 	strb.w	r3, [r0, #104]	@ 0x68

    huart->ErrorCode = HAL_UART_ERROR_NONE;
 8001190:	2300      	movs	r3, #0
 8001192:	66c3      	str	r3, [r0, #108]	@ 0x6c
    huart->gState = HAL_UART_STATE_BUSY_TX;
 8001194:	2321      	movs	r3, #33	@ 0x21
 8001196:	f880 3069 	strb.w	r3, [r0, #105]	@ 0x69

    /* Init tickstart for timeout managment*/
    tickstart = HAL_GetTick();
 800119a:	f7ff faf9 	bl	8000790 <HAL_GetTick>

    huart->TxXferSize = Size;
 800119e:	f8a4 1050 	strh.w	r1, [r4, #80]	@ 0x50
    tickstart = HAL_GetTick();
 80011a2:	4607      	mov	r7, r0
    huart->TxXferCount = Size;
 80011a4:	f8a4 1052 	strh.w	r1, [r4, #82]	@ 0x52
    while(huart->TxXferCount > 0U)
 80011a8:	f8b4 2052 	ldrh.w	r2, [r4, #82]	@ 0x52
 80011ac:	b292      	uxth	r2, r2
 80011ae:	b962      	cbnz	r2, 80011ca <HAL_UART_Transmit+0x62>
      else
      {
        huart->Instance->TDR = (*pData++ & (uint8_t)0xFFU);
      }
    }
    if(UART_WaitOnFlagUntilTimeout(huart, UART_FLAG_TC, RESET, tickstart, Timeout) != HAL_OK)
 80011b0:	9600      	str	r6, [sp, #0]
 80011b2:	463b      	mov	r3, r7
 80011b4:	2140      	movs	r1, #64	@ 0x40
 80011b6:	4620      	mov	r0, r4
 80011b8:	f7ff ff4a 	bl	8001050 <UART_WaitOnFlagUntilTimeout>
 80011bc:	b998      	cbnz	r0, 80011e6 <HAL_UART_Transmit+0x7e>
    {
      return HAL_TIMEOUT;
    }

    /* At end of Tx process, restore huart->gState to Ready */
    huart->gState = HAL_UART_STATE_READY;
 80011be:	2320      	movs	r3, #32
 80011c0:	f884 3069 	strb.w	r3, [r4, #105]	@ 0x69

    /* Process Unlocked */
    __HAL_UNLOCK(huart);
 80011c4:	f884 0068 	strb.w	r0, [r4, #104]	@ 0x68

    return HAL_OK;
 80011c8:	e00e      	b.n	80011e8 <HAL_UART_Transmit+0x80>
      huart->TxXferCount--;
 80011ca:	f8b4 2052 	ldrh.w	r2, [r4, #82]	@ 0x52
 80011ce:	3a01      	subs	r2, #1
 80011d0:	b292      	uxth	r2, r2
 80011d2:	f8a4 2052 	strh.w	r2, [r4, #82]	@ 0x52
      if(UART_WaitOnFlagUntilTimeout(huart, UART_FLAG_TXE, RESET, tickstart, Timeout) != HAL_OK)
 80011d6:	463b      	mov	r3, r7
 80011d8:	9600      	str	r6, [sp, #0]
 80011da:	2200      	movs	r2, #0
 80011dc:	2180      	movs	r1, #128	@ 0x80
 80011de:	4620      	mov	r0, r4
 80011e0:	f7ff ff36 	bl	8001050 <UART_WaitOnFlagUntilTimeout>
 80011e4:	b110      	cbz	r0, 80011ec <HAL_UART_Transmit+0x84>
        return HAL_TIMEOUT;
 80011e6:	2003      	movs	r0, #3
  }
  else
  {
    return HAL_BUSY;
  }
}
 80011e8:	b003      	add	sp, #12
 80011ea:	bdf0      	pop	{r4, r5, r6, r7, pc}
      if ((huart->Init.WordLength == UART_WORDLENGTH_9B) && (huart->Init.Parity == UART_PARITY_NONE))
 80011ec:	68a3      	ldr	r3, [r4, #8]
        huart->Instance->TDR = (*tmp & (uint16_t)0x01FFU);
 80011ee:	6822      	ldr	r2, [r4, #0]
      if ((huart->Init.WordLength == UART_WORDLENGTH_9B) && (huart->Init.Parity == UART_PARITY_NONE))
 80011f0:	f5b3 5f80 	cmp.w	r3, #4096	@ 0x1000
 80011f4:	d107      	bne.n	8001206 <HAL_UART_Transmit+0x9e>
 80011f6:	6923      	ldr	r3, [r4, #16]
 80011f8:	b92b      	cbnz	r3, 8001206 <HAL_UART_Transmit+0x9e>
        huart->Instance->TDR = (*tmp & (uint16_t)0x01FFU);
 80011fa:	f835 3b02 	ldrh.w	r3, [r5], #2
 80011fe:	f3c3 0308 	ubfx	r3, r3, #0, #9
        huart->Instance->TDR = (*pData++ & (uint8_t)0xFFU);
 8001202:	8513      	strh	r3, [r2, #40]	@ 0x28
 8001204:	e7d0      	b.n	80011a8 <HAL_UART_Transmit+0x40>
 8001206:	f815 3b01 	ldrb.w	r3, [r5], #1
 800120a:	e7fa      	b.n	8001202 <HAL_UART_Transmit+0x9a>
      return  HAL_ERROR;
 800120c:	2001      	movs	r0, #1
 800120e:	e7eb      	b.n	80011e8 <HAL_UART_Transmit+0x80>
    __HAL_LOCK(huart);
 8001210:	2002      	movs	r0, #2
 8001212:	e7e9      	b.n	80011e8 <HAL_UART_Transmit+0x80>

08001214 <HAL_UART_Receive>:
  * @param Size: amount of data to be received.
  * @param Timeout: Timeout duration.
  * @retval HAL status
  */
HAL_StatusTypeDef HAL_UART_Receive(UART_HandleTypeDef *huart, uint8_t *pData, uint16_t Size, uint32_t Timeout)
{
 8001214:	e92d 41f3 	stmdb	sp!, {r0, r1, r4, r5, r6, r7, r8, lr}
 8001218:	461e      	mov	r6, r3
  uint16_t* tmp;
  uint16_t uhMask;
  uint32_t tickstart = 0U;

  /* Check that a Rx process is not already ongoing */
  if(huart->RxState == HAL_UART_STATE_READY)
 800121a:	f890 306a 	ldrb.w	r3, [r0, #106]	@ 0x6a
 800121e:	2b20      	cmp	r3, #32
{
 8001220:	460d      	mov	r5, r1
 8001222:	4604      	mov	r4, r0
 8001224:	4611      	mov	r1, r2
  if(huart->RxState == HAL_UART_STATE_READY)
 8001226:	d15c      	bne.n	80012e2 <HAL_UART_Receive+0xce>
  {
    if((pData == NULL ) || (Size == 0U))
 8001228:	2d00      	cmp	r5, #0
 800122a:	d058      	beq.n	80012de <HAL_UART_Receive+0xca>
 800122c:	2a00      	cmp	r2, #0
 800122e:	d056      	beq.n	80012de <HAL_UART_Receive+0xca>
    {
      return  HAL_ERROR;
    }

    /* Process Locked */
    __HAL_LOCK(huart);
 8001230:	f890 3068 	ldrb.w	r3, [r0, #104]	@ 0x68
 8001234:	2b01      	cmp	r3, #1
 8001236:	d054      	beq.n	80012e2 <HAL_UART_Receive+0xce>
 8001238:	2301      	movs	r3, #1
 800123a:	f880 3068 	strb.w	r3, [r0, #104]	@ 0x68

    huart->Instance->ICR = 0xFFFFFFFF;
 800123e:	6803      	ldr	r3, [r0, #0]
 8001240:	f04f 32ff 	mov.w	r2, #4294967295	@ 0xffffffff
 8001244:	621a      	str	r2, [r3, #32]
    huart->ErrorCode = HAL_UART_ERROR_NONE;
 8001246:	2300      	movs	r3, #0
 8001248:	66c3      	str	r3, [r0, #108]	@ 0x6c
    huart->RxState = HAL_UART_STATE_BUSY_RX;
 800124a:	2322      	movs	r3, #34	@ 0x22
 800124c:	f880 306a 	strb.w	r3, [r0, #106]	@ 0x6a

    /* Init tickstart for timeout managment*/
    tickstart = HAL_GetTick();
 8001250:	f7ff fa9e 	bl	8000790 <HAL_GetTick>

    huart->RxXferSize = Size;
    huart->RxXferCount = Size;

    /* Computation of UART mask to apply to RDR register */
    UART_MASK_COMPUTATION(huart);
 8001254:	68a3      	ldr	r3, [r4, #8]
    huart->RxXferSize = Size;
 8001256:	f8a4 1058 	strh.w	r1, [r4, #88]	@ 0x58
    UART_MASK_COMPUTATION(huart);
 800125a:	f5b3 5f80 	cmp.w	r3, #4096	@ 0x1000
    tickstart = HAL_GetTick();
 800125e:	4680      	mov	r8, r0
    huart->RxXferCount = Size;
 8001260:	f8a4 105a 	strh.w	r1, [r4, #90]	@ 0x5a
    UART_MASK_COMPUTATION(huart);
 8001264:	d115      	bne.n	8001292 <HAL_UART_Receive+0x7e>
 8001266:	6923      	ldr	r3, [r4, #16]
 8001268:	b98b      	cbnz	r3, 800128e <HAL_UART_Receive+0x7a>
 800126a:	f240 13ff 	movw	r3, #511	@ 0x1ff
 800126e:	f8a4 305c 	strh.w	r3, [r4, #92]	@ 0x5c
    uhMask = huart->Mask;
 8001272:	f8b4 705c 	ldrh.w	r7, [r4, #92]	@ 0x5c

    /* as long as data have to be received */
    while(huart->RxXferCount > 0U)
 8001276:	f8b4 005a 	ldrh.w	r0, [r4, #90]	@ 0x5a
 800127a:	b280      	uxth	r0, r0
 800127c:	b980      	cbnz	r0, 80012a0 <HAL_UART_Receive+0x8c>
        *pData++ = (uint8_t)(huart->Instance->RDR & (uint8_t)uhMask);
      }
    }

    /* At end of Rx process, restore huart->RxState to Ready */
    huart->RxState = HAL_UART_STATE_READY;
 800127e:	2320      	movs	r3, #32
 8001280:	f884 306a 	strb.w	r3, [r4, #106]	@ 0x6a

    /* Process Unlocked */
    __HAL_UNLOCK(huart);
 8001284:	f884 0068 	strb.w	r0, [r4, #104]	@ 0x68
  }
  else
  {
    return HAL_BUSY;
  }
}
 8001288:	b002      	add	sp, #8
 800128a:	e8bd 81f0 	ldmia.w	sp!, {r4, r5, r6, r7, r8, pc}
    UART_MASK_COMPUTATION(huart);
 800128e:	23ff      	movs	r3, #255	@ 0xff
 8001290:	e7ed      	b.n	800126e <HAL_UART_Receive+0x5a>
 8001292:	2b00      	cmp	r3, #0
 8001294:	d1ed      	bne.n	8001272 <HAL_UART_Receive+0x5e>
 8001296:	6923      	ldr	r3, [r4, #16]
 8001298:	2b00      	cmp	r3, #0
 800129a:	d0f8      	beq.n	800128e <HAL_UART_Receive+0x7a>
 800129c:	237f      	movs	r3, #127	@ 0x7f
 800129e:	e7e6      	b.n	800126e <HAL_UART_Receive+0x5a>
      huart->RxXferCount--;
 80012a0:	f8b4 205a 	ldrh.w	r2, [r4, #90]	@ 0x5a
 80012a4:	3a01      	subs	r2, #1
 80012a6:	b292      	uxth	r2, r2
 80012a8:	f8a4 205a 	strh.w	r2, [r4, #90]	@ 0x5a
      if(UART_WaitOnFlagUntilTimeout(huart, UART_FLAG_RXNE, RESET, tickstart, Timeout) != HAL_OK)
 80012ac:	4643      	mov	r3, r8
 80012ae:	9600      	str	r6, [sp, #0]
 80012b0:	2200      	movs	r2, #0
 80012b2:	2120      	movs	r1, #32
 80012b4:	4620      	mov	r0, r4
 80012b6:	f7ff fecb 	bl	8001050 <UART_WaitOnFlagUntilTimeout>
 80012ba:	b9a0      	cbnz	r0, 80012e6 <HAL_UART_Receive+0xd2>
      if ((huart->Init.WordLength == UART_WORDLENGTH_9B) && (huart->Init.Parity == UART_PARITY_NONE))
 80012bc:	68a2      	ldr	r2, [r4, #8]
        *tmp = (uint16_t)(huart->Instance->RDR & uhMask);
 80012be:	6823      	ldr	r3, [r4, #0]
      if ((huart->Init.WordLength == UART_WORDLENGTH_9B) && (huart->Init.Parity == UART_PARITY_NONE))
 80012c0:	f5b2 5f80 	cmp.w	r2, #4096	@ 0x1000
 80012c4:	d106      	bne.n	80012d4 <HAL_UART_Receive+0xc0>
 80012c6:	6922      	ldr	r2, [r4, #16]
 80012c8:	b922      	cbnz	r2, 80012d4 <HAL_UART_Receive+0xc0>
        *tmp = (uint16_t)(huart->Instance->RDR & uhMask);
 80012ca:	8c9b      	ldrh	r3, [r3, #36]	@ 0x24
 80012cc:	403b      	ands	r3, r7
 80012ce:	f825 3b02 	strh.w	r3, [r5], #2
        pData +=2U;
 80012d2:	e7d0      	b.n	8001276 <HAL_UART_Receive+0x62>
        *pData++ = (uint8_t)(huart->Instance->RDR & (uint8_t)uhMask);
 80012d4:	8c9b      	ldrh	r3, [r3, #36]	@ 0x24
 80012d6:	403b      	ands	r3, r7
 80012d8:	f805 3b01 	strb.w	r3, [r5], #1
 80012dc:	e7cb      	b.n	8001276 <HAL_UART_Receive+0x62>
      return  HAL_ERROR;
 80012de:	2001      	movs	r0, #1
 80012e0:	e7d2      	b.n	8001288 <HAL_UART_Receive+0x74>
    __HAL_LOCK(huart);
 80012e2:	2002      	movs	r0, #2
 80012e4:	e7d0      	b.n	8001288 <HAL_UART_Receive+0x74>
        return HAL_TIMEOUT;
 80012e6:	2003      	movs	r0, #3
 80012e8:	e7ce      	b.n	8001288 <HAL_UART_Receive+0x74>
 80012ea:	0000      	movs	r0, r0

080012ec <Reset_Handler>:
 80012ec:	2100      	movs	r1, #0
 80012ee:	e003      	b.n	80012f8 <LoopCopyDataInit>

080012f0 <CopyDataInit>:
 80012f0:	4b0b      	ldr	r3, [pc, #44]	@ (8001320 <LoopForever+0x2>)
 80012f2:	585b      	ldr	r3, [r3, r1]
 80012f4:	5043      	str	r3, [r0, r1]
 80012f6:	3104      	adds	r1, #4

080012f8 <LoopCopyDataInit>:
 80012f8:	480a      	ldr	r0, [pc, #40]	@ (8001324 <LoopForever+0x6>)
 80012fa:	4b0b      	ldr	r3, [pc, #44]	@ (8001328 <LoopForever+0xa>)
 80012fc:	1842      	adds	r2, r0, r1
 80012fe:	429a      	cmp	r2, r3
 8001300:	d3f6      	bcc.n	80012f0 <CopyDataInit>
 8001302:	4a0a      	ldr	r2, [pc, #40]	@ (800132c <LoopForever+0xe>)
 8001304:	e002      	b.n	800130c <LoopFillZerobss>

08001306 <FillZerobss>:
 8001306:	2300      	movs	r3, #0
 8001308:	6013      	str	r3, [r2, #0]
 800130a:	3204      	adds	r2, #4

0800130c <LoopFillZerobss>:
 800130c:	4b08      	ldr	r3, [pc, #32]	@ (8001330 <LoopForever+0x12>)
 800130e:	429a      	cmp	r2, r3
 8001310:	d3f9      	bcc.n	8001306 <FillZerobss>
 8001312:	f3af 8000 	nop.w
 8001316:	f000 f80f 	bl	8001338 <__libc_init_array>
 800131a:	f7fe ff71 	bl	8000200 <main>

0800131e <LoopForever>:
 800131e:	e7fe      	b.n	800131e <LoopForever>
 8001320:	0800fa18 	.word	0x0800fa18
 8001324:	20000000 	.word	0x20000000
 8001328:	20000000 	.word	0x20000000
 800132c:	20000000 	.word	0x20000000
 8001330:	20000158 	.word	0x20000158

08001334 <BusFault_Handler>:
 8001334:	e7fe      	b.n	8001334 <BusFault_Handler>
 8001336:	0000      	movs	r0, r0

08001338 <__libc_init_array>:
 8001338:	b570      	push	{r4, r5, r6, lr}
 800133a:	4b0d      	ldr	r3, [pc, #52]	@ (8001370 <__libc_init_array+0x38>)
 800133c:	4d0d      	ldr	r5, [pc, #52]	@ (8001374 <__libc_init_array+0x3c>)
 800133e:	1b5b      	subs	r3, r3, r5
 8001340:	109c      	asrs	r4, r3, #2
 8001342:	2600      	movs	r6, #0
 8001344:	42a6      	cmp	r6, r4
 8001346:	d109      	bne.n	800135c <__libc_init_array+0x24>
 8001348:	f000 f81a 	bl	8001380 <_init>
 800134c:	4d0a      	ldr	r5, [pc, #40]	@ (8001378 <__libc_init_array+0x40>)
 800134e:	4b0b      	ldr	r3, [pc, #44]	@ (800137c <__libc_init_array+0x44>)
 8001350:	1b5b      	subs	r3, r3, r5
 8001352:	109c      	asrs	r4, r3, #2
 8001354:	2600      	movs	r6, #0
 8001356:	42a6      	cmp	r6, r4
 8001358:	d105      	bne.n	8001366 <__libc_init_array+0x2e>
 800135a:	bd70      	pop	{r4, r5, r6, pc}
 800135c:	f855 3b04 	ldr.w	r3, [r5], #4
 8001360:	4798      	blx	r3
 8001362:	3601      	adds	r6, #1
 8001364:	e7ee      	b.n	8001344 <__libc_init_array+0xc>
 8001366:	f855 3b04 	ldr.w	r3, [r5], #4
 800136a:	4798      	blx	r3
 800136c:	3601      	adds	r6, #1
 800136e:	e7f2      	b.n	8001356 <__libc_init_array+0x1e>
 8001370:	0800fa10 	.word	0x0800fa10
 8001374:	0800fa10 	.word	0x0800fa10
 8001378:	0800fa10 	.word	0x0800fa10
 800137c:	0800fa14 	.word	0x0800fa14

08001380 <_init>:
 8001380:	b5f8      	push	{r3, r4, r5, r6, r7, lr}
 8001382:	bf00      	nop
 8001384:	bcf8      	pop	{r3, r4, r5, r6, r7}
 8001386:	bc08      	pop	{r3}
 8001388:	469e      	mov	lr, r3
 800138a:	4770      	bx	lr

0800138c <_fini>:
 800138c:	b5f8      	push	{r3, r4, r5, r6, r7, lr}
 800138e:	bf00      	nop
 8001390:	bcf8      	pop	{r3, r4, r5, r6, r7}
 8001392:	bc08      	pop	{r3}
 8001394:	469e      	mov	lr, r3
 8001396:	4770      	bx	lr
