:020000040800F2
:1000000000A00020ED120008351300083513000889
:1000100035130008351300083513000800000000F0
:100020000000000000000000000000003513000880
:1000300035130008000000003513000835130008D0
:1000400000000000000000000000000000000000B0
:1000500000000000000000000000000000000000A0
:100060000000000000000000000000000000000090
:100070000000000000000000000000000000000080
:100080000000000000000000000000000000000070
:100090000000000000000000000000000000000060
:1000A0000000000000000000000000000000000050
:1000B0000000000000000000000000000000000040
:1000C0000000000000000000000000000000000030
:1000D0000000000000000000000000000000000020
:1000E0000000000000000000000000000000000010
:1000F0000000000000000000000000000000000000
:1001000000000000000000000000000000000000EF
:1001100000000000000000000000000000000000DF
:1001200000000000000000000000000000000000CF
:1001300000000000000000000000000000000000BF
:1001400000000000000000000000000000000000AF
:10015000000000000000000000000000000000009F
:10016000000000000000000000000000000000008F
:10017000000000000000000000000000000000007F
:08018000000000000000000077
:1001880010B5054C237833B9044B13B10448AFF3C9
:1001980000800123237010BD3C01002000000000F6
:1001A8008013000808B5034B1BB103490348AFF39C
:1001B800008008BD000000004001002080130008F6
:1001C80013B51C4600F0AAFA4FF4487300BF013B70
:1001D800FCD1204600F024F84FF44874019000BF89
:1001E800013CFCD100F0A1FA01AA0421722000F020
:1001F8002DF9204602B010BD08B500F0EFF900F067
:100208002BFA00F067FA00F00FF9044A0A2170206F
:1002180000F0F0F800F074F9FCE700BFC90100082D
:100228002DE9F04F464E8BB0074606F1180906F146
:1002380030080025434B4FF0140A05AC0AFB053A79
:10024800A7F1020B07F1120223463BF8020F3AF816
:10025800021BCDE9002300F07DF8009A019B5A4566
:1002680023F8020BF1D100210846374AB4F800C040
:10027800B4F802E000239246B2F800B0E34556D144
:10028800B2F802B0F34552D1062202FB03A3B3F938
:10029800043002310A29184404F10404E5D158F85D
:1002A800042B56F8043B59F804EB1844A2F1020C4D
:1002B8000123C2F1020103FA0CFC02F11E0A23FA1F
:1002C80001F14CEA010103FA0AF3C0FB0E3102F115
:1002D8001F0CC2F10102BCF1200023FA0CF301FA51
:1002E80002F243EA02035CBF41FA00F0034303ACA5
:1002F80083F3030363550135062D9BD1002213496F
:10030800134614F9015B11F9010B0132062A05FBAA
:100318000033F6D10E495A1E00204FF48003C2FB69
:100328000130DB0D43EA40200BB0BDE8F08F01330C
:1003380042F2845B5B4502F106029DD10023A8E7E7
:1003480098130008E01300085E1400085814000809
:100358004CFEAE500B4B30B500221C461D88854222
:1003680008D15D888D4205D1062303FB024494F928
:10037800040030BD0132C42A03F10603EED1002087
:10038800F7E700BF76F5000810B5024601440020E3
:100398008A4200D110BD12F8013B0824584043B2EC
:1003A800002BBABF5B0083F04D034300013CD8B279
:1003B800F5D1EDE730B50022044601238B4201D385
:1003C800002030BD14F8015F15B99D1A85541A46EE
:1003D8000133DBB2F2E730B5047800250246057038
:1003E8002046884200D204B930BD145C1554031964
:1003F800D8B2F6E738B50B4D2B680F2B04DD61201A
:1004080000F0B2F9012038BDFF2901D96220F7E7D1
:100418000C2404FB035401332071C4E902122B603D
:100428000020F0E70000002008B5064A00217620E9
:10043800FFF7E0FFBDE80840034A00217720FFF7F7
:10044800D9BF00BFAF040008CD040008F0B5C1B0A3
:1004580000230D468DF802106C468DF800308DF89B
:1004680001000DF102019D4218DCA91CC9B20DF171
:100478000100FFF789FF63192F1D691DD870002639
:10048800C9B22046E655FFF795FF14F8010B01366F
:1004980000F06AF9B742F8DA41B0F0BDD05C01F873
:1004A800010F0133DFE707B503230DF1070201212F
:1004B80072208DF80730FFF7C9FF002003B05DF800
:1004C80004FB000030B50D48017885B000220C24EB
:1004D800D3B28B4202F1010206DB6A467220FFF7B3
:1004E800B5FF002005B030BD03F1100504FB030380
:1004F8006D441B7905F8103CEAE700BF00000020B6
:100508002DE9F047C2B00DF10707002402AE3C7098
:10051800354600F011F906F8010B48B90520387086
:100528003A4601216520FFF791FF42B0BDE8F08708
:100538000134042CEDD121462846FFF74CFF264E06
:1005480069783268804600230C205FFA83F9914568
:1005580002DB08D10120E2E700FB096C01339CF8BB
:1005680004C08C45F1D1EB780533434507DA042004
:10057800D5E700F0E1F828550028CFD00134EB7812
:100588000433A342F5DA00F0D7F828550028EED155
:10059800C8F1010151FA84F15FFA84FAC9B205EB96
:1005A8000800FFF718FFAAF10201C9B20DF109000E
:1005B8002C44FFF7E9FE14F8013C834209D10C23CF
:1005C80003FB0966EA78F468A97868786B44A04761
:1005D800A5E70220A3E700BF0000002070B596B091
:1005E800002403264FF4A0230CA80125CDE90C63B1
:1005F8001094149400F0D0F80F23214602A8CDE9F6
:100608000235CDE90444069400F00CFB104B114868
:100618005A6942F400225A615B6903F4002301938A
:10062800019B07A94FF4C043CDE90735CDE9094639
:1006380000F098FB2A4607484FF4005100F050FCA0
:1006480004482A464FF4804100F04AFC16B070BDB9
:10065800001002400008004810B54FF4C06288B08E
:100668000223CDE9032301210323CDE90513164C09
:1006780007230793636943F400336361636903F4F1
:100688000033019303A94FF09040019B00F06AFBEF
:100698000E4A0F4B13604FF461300023C2E9010387
:1006A800C2E9033393610C235361A36943F4804384
:1006B800A361A36903F4804302931046029B00F0F0
:1006C80025FD08B010BD00BF00100240C400002086
:1006D8000038014030B5104B5A6942F4003287B0F7
:1006E8005A615B6903F400330093009B4FF4805414
:1006F8000123CDE901430025032301A94FF09040D0
:10070800CDE9035300F02EFB2A4621464FF09040D6
:1007180000F0E6FB07B030BD0010024001224FF4A4
:1007280080514FF0904000F0DBBB00224FF4805125
:100738004FF0904000F0D4BB13B5094C094841F282
:10074800883301220DF1070100F060FD18B99DF80A
:10075800070002B010BD236A43F008032362EDE7E7
:1007680000380140C400002007B541F288338DF8F5
:10077800070001220DF10701024800F0F1FC03B067
:100788005DF804FBC4000020024B1868421C1A6084
:10079800704700BF3401002003682DE9F743D907EB
:1007A800044610D423689A077ED423681E0700F1F4
:1007B800E78023685D0700F12A81E269002A40F09A
:1007C800AD8100201FE0AE494B6803F00C03042BF9
:1007D80007D04B6803F00C03082B17D14B68DB03D9
:1007E80014D54FF4003393FAA3F2096893FAA3F3EC
:1007F8000122B3FA83F302FA03F30B42D2D06368FF
:10080800002BCFD1012003B0BDE8F0836268B2F5B8
:10081800803F22D10B6843F480330B60CB6AA06819
:1008280023F00F030343CB623AB3FFF7ADFF4FF456
:1008380000360546012796FAA6F30A6896FAA6F343
:10084800B3FA83F307FA03F31342ABD1FFF79CFF24
:10085800401B6428EFD90320D5E70B6832B923F48D
:1008680080330B600B6823F48023D6E7B2F5A02F02
:10087800F5D143F480230B60CCE7FFF785FF4FF4F5
:1008880000360546012796FAA6F30A6896FAA6F3F3
:10089800B3FA83F307FA03F3134283D0FFF774FF25
:1008A800401B6428EFD9D6E775494B6813F00C0F45
:1008B80007D04B6803F00C03082B1FD14B68DF03EC
:1008C8001CD4022393FAA3F2086893FAA3F3012233
:1008D800B3FA83F302FA03F3034202D02369934283
:1008E80090D10868F82292FAA2F26369B2FA82F209
:1008F800934020F0F80213430B6056E72269012564
:10090800F2B195FAA5F3B3FA83F303F1845303F52F
:1009180084139B0002271D60FFF736FF064697FAEF
:10092800A7F30A6897FAA7F3B3FA83F305FA03F370
:100938001342D6D1FFF728FF801B0228EFD98AE798
:1009480095FAA5F3B3FA83F303F1845303F58413FB
:100958009B0002271A60FFF717FF064697FAA7F3CE
:100968000A6897FAA7F3B3FA83F305FA03F3134275
:100978003FF41BAFFFF708FF801B0228EED96AE798
:10098800A0693F4D3F4A012100B391FAA1F3B3FAA0
:1009980083F313449B0002261960FFF7F5FE074610
:1009A80096FAA6F396FAA6F396FAA6F36A6A96FA60
:1009B800A6F3B3FA83F301FA03F313427FF4F9AE13
:1009C800FFF7E2FEC01B0228EAD944E791FAA1F337
:1009D800B3FA83F313449B0002261860FFF7D4FE92
:1009E800074696FAA6F396FAA6F396FAA6F36A6A63
:1009F80096FAA6F3B3FA83F301FA03F313423FF42A
:100A0800D8AEFFF7C1FEC01B0228EAD923E71C496C
:100A1800CB69D80031D4CB6943F08053CB61CB6923
:100A280003F080530193019B0125174E3368DA05C3
:100A38002CD5E368012B39D10B6A43F001030B6213
:100A4800FFF7A2FE022607464FF0010841F2883957
:100A580096FAA6F396FAA6F30A6A96FAA6F3B3FAF2
:100A680083F308FA03F3134252D0002D3FF4A5AEE6
:100A7800CB6923F08053CB619FE60025D5E700BF03
:100A8800001002402081901000700040336843F449
:100A980080733360FFF778FE07463368DB05C8D4F8
:100AA800FFF772FEC01B6428F7D9D4E613BB0B6AA4
:100AB80023F001030B620B6A23F004030B62FFF7B8
:100AC80063FE022607464FF0010841F2883996FA7C
:100AD800A6F396FAA6F30A6A96FAA6F3B3FA83F38C
:100AE80008FA03F31342C0D0FFF74EFEC01B484577
:100AF800EDD9B0E6052B0B6A03D143F004030B6272
:100B08009AE723F001030B620B6A23F0040396E7CC
:100B1800FFF73AFEC01B48459AD99CE63F494B6807
:100B280003F00C03082B3FF46DAE022A4FF08073DC
:100B380050D193FAA3F3B3FA83F303F1845303F583
:100B480084139B0000221A60FFF71EFEDFF8D08096
:100B580006464FF00077012597FAA7F30A6897FA37
:100B6800A7F3B3FA83F305FA03F313422CD1D4E9BC
:100B780008034A68034322F4741213434B604FF08E
:100B8800807393FAA3F3B3FA83F303F1845303F561
:100B980084139B00224F1D60FFF7F6FD4FF0007590
:100BA8000446012695FAA5F30A6895FAA5F3B3FA5F
:100BB80083F306FA03F313427FF403AEFFF7E4FD71
:100BC800001BB842EED946E6FFF7DEFD831B43451E
:100BD800C2D940E693FAA3F3B3FA83F303F184533B
:100BE80003F584139B0000221A60FFF7CDFD0C4F1C
:100BF80004464FF00075012695FAA5F30A6895FAA0
:100C0800A5F3B3FA83F306FA03F313423FF4D9AD1D
:100C1800FFF7BAFD001BB842EED91CE600100240EF
:100C2800400D03004D4AF8B5136803F007038B42E3
:100C3800044611D3226895071AD4D00720D4474A0E
:100C4800136803F007038B426CD82268510774D4E9
:100C580013077AD400200AE0136823F007030B4334
:100C68001360136803F007038B42E3D00120F8BD3B
:100C78003B48A568436823F0F0032B434360DCE757
:100C88006268374D012A25D14FF4003393FAA3F057
:100C9800286893FAA3F3B3FA83F302FA03F303423F
:100CA800E4D06B6823F0030313436B60FFF76CFD1C
:100CB8006368012B064641F288371CD16B6803F044
:100CC8000C03042BBBD0FFF75FFD801BB842F5D99E
:100CD8000320CCE7022A0CBF4FF00073022393FADB
:100CE800A3F02E6893FAA3F30120B3FA83F300FA72
:100CF80003F33342D4E7022B0FD16B6803F00C03E4
:100D0800082B9CD0FFF740FD801BB842F5D9DFE7E0
:100D1800FFF73AFD801BB842DAD86B6813F00C0F66
:100D2800F6D18CE7136823F007030B4313601368AD
:100D380003F007038B4299D187E70949E0684B68BC
:100D480023F4E06303434B6082E7054A2169536853
:100D580023F4605343EAC10353607BE70020024059
:100D6800001002402DE9F74FDFF868815A4C002344
:100D78004FF00F090A6832FA03F502D103B0BDE853
:100D8800F08F012505FA03FA1AEA020200F09880AA
:100D98004D6825F0100EBEF1020F11D1DF0800EBEF
:100DA800870703F0070C3E6A4FEA8C0C09FA0CFB24
:100DB80026EA0B0B0E6906FA0CF646EA0B063E62AB
:100DC800D0F800B04FEA430C032606FA0CF72BEADA
:100DD800070BFE4305F0030707FA0CF70EF1FF3E79
:100DE80047EA0B07BEF1010F076010D8876806EACB
:100DF800070ECF6807FA0CF747EA0E0787604768BF
:100E080027EA0A0E2F099F4047EA0E074760C7687E
:100E180037408E6806FA0CF63E43C660EE004FD5A2
:100E2800D8F8186046F00106C8F81860D8F81860B5
:100E380023F0030707F1804706F0010607F580371E
:100E4800019603F0030C019EBE684FEA8C0C09FA68
:100E58000CFEB0F1904F26EA0E0E33D01F4EB04272
:100E680032D006F58066B04230D006F58066B042D2
:100E78002ED006F58066B04214BF0526042606FA71
:100E88000CF646EA0E06BE602668D74315F4803F86
:100E98000CBF3E4016432660666815F4003F0CBF41
:100EA8003E4016436660A66815F4801F0CBF3E409E
:100EB8001643A660E668AD0254BF3E401643E6609E
:100EC800013357E70026DAE70126D8E70226D6E7F6
:100ED8000326D4E700100240000401400004004843
:100EE8000AB18161704781627047000002688368B7
:100EF800C16930B5056914682B43456924F4164463
:100F08002B4324F00C040B43234313605368C46839
:100F1800056A23F44053234353609468836924F497
:100F280030642B4323439360424B9A4211D103F51B
:100F380058431B6B03F00303022B5FD0032B65D0D0
:100F4800B1F5004F41684FEA510345D003F5E1037D
:100F580048E0394B9A4212D103F5E6331B6B03F490
:100F68004033B3F5003F49D0EAD9B3F5403F4DD0FF
:100F7800B1F5004F4FF001005BD1002353E02F4B38
:100F88009A420BD103F5E4331B6B03F44023B3F50A
:100F9800002F33D0D4D9B3F5402FE8E7284B9A4235
:100FA8000BD103F5E2331B6B03F44013B3F5001FB9
:100FB80024D0C5D9B3F5401FD9E7224B9A42D7D1DF
:100FC80003F5E0331B6B03F44003B3F5000F15D0B2
:100FD800B6D9B3F5400FCAE703F561031FE04B0824
:100FE80003F50043B3FBF1F39BB2D360002020E08C
:100FF8004B0803F5740303F51053F3E7B1F5004FFD
:101008004168ECD14B0803F5803308E0B1F5004F97
:101018004168EDD14B0803F1F47303F59043B3FB3A
:10102800F1F300209BB223F00F01C3F342030B43FB
:10103800D36030BD00380140004400400048004003
:10104800004C0040005000402DE9F041DDF81880C8
:10105800044616461F462568EB6931EA03030CBFB0
:1010680001230023B34201D0002016E0B8F1FF3F6E
:10107800F2D0B8F1000F12D12B6823F4D0732B6093
:10108800AB6823F00103AB60202384F8693084F84F
:101098006A30002384F868300320BDE8F081FFF748
:1010A80073FBC01B4045D6D9E6E773B5044600215B
:1010B800C166FFF769FB266833681A07054616D428
:1010C80033685B070AD56FF07E43009300222B46F6
:1010D8004FF480012046FFF7B7FFA0B92023002076
:1010E80084F8693084F8680084F86A300CE06FF09E
:1010F8007E4300930A4603464FF400112046FFF74B
:10110800A3FF0028DCD0032002B070BD38B5044628
:1011180020B390F8693003F0FF020BB980F868201B
:101128002568242384F869302B6823F001032B6099
:101138002046FFF7DBFE012810D06B6823F49043AC
:101148006B60AB6823F02A03AB602B6843F00103A4
:101158002B602046BDE83840FFF7A7BF012038BD07
:10116800F7B51E4690F86930202B0D460446114607
:101178004AD1002D46D0002A44D090F86830012B7F
:1011880042D0012380F868300023C366212380F809
:101198006930FFF7F9FAA4F850100746A4F852107E
:1011A800B4F8522092B262B900963B4640212046DC
:1011B800FFF74AFF98B9202384F8693084F868005B
:1011C8000EE0B4F85220013A92B2A4F852203B46FD
:1011D8000096002280212046FFF736FF10B1032039
:1011E80003B0F0BDA3682268B3F5805F07D1236917
:1011F8002BB935F8023BC3F308031385D0E715F87C
:10120800013BFAE70120EBE70220E9E72DE9F3418A
:101218001E4690F86A30202B0D46044611465CD1D4
:10122800002D58D0002A56D090F86830012B54D0A1
:10123800012380F8683003684FF0FF321A620023F8
:10124800C366222380F86A30FFF79EFAA368A4F8E1
:101258005810B3F5805F8046A4F85A1015D1236959
:101268008BB940F2FF13A4F85C30B4F85C70B4F8A2
:101278005A0080B280B9202384F86A3084F8680064
:1012880002B0BDE8F081FF23EDE7002BEDD1236923
:10129800002BF8D07F23E6E7B4F85A20013A92B23F
:1012A800A4F85A2043460096002220212046FFF742
:1012B800CBFEA0B9A2682368B2F5805F06D1226987
:1012C80022B99B8C3B4025F8023BD0E79B8C3B40E6
:1012D80005F8013BCBE70120D2E70220D0E7032045
:1012E800CEE70000002103E00B4B5B58435004316C
:1012F8000A480B4B42189A42F6D30A4A02E00023E6
:1013080013600432084B9A42F9D3AFF3008000F01F
:101318000FF8FEF771FFFEE718FA0008000000203A
:10132800000000200000002058010020FEE7000017
:1013380070B50D4B0D4D5B1B9C100026A64209D1C4
:1013480000F01AF80A4D0B4B5B1B9C100026A642B6
:1013580005D170BD55F8043B98470136EEE755F8BE
:10136800043B98470136F2E710FA000810FA000823
:1013780010FA000814FA0008F8B500BFF8BC08BC59
:101388009E467047F8B500BFF8BC08BC9E4670473B
:10139800FBFFFFFF0600000008000000120000002D
:1013A800FFFFFFFFFDFFFFFF18D3184B0EF0F86A91
:1013B800960C0C6F0104B54348C5BC494BADD155DB
:1013C8000400000005000000050000000500000002
:1013D800040000000400000006608B4881680C408F
:1013E800066087080960096081688B480520816864
:1013F8000340066087080520096087080960870898
:1014080006600C4087080C400A208B488E688B4881
:101418000A2087080A200A2006600A2088088168AE
:101428008448816803400340870884488B488228A1
:101438008E6882288B488708880887088808870864
:1014480005208B4805208B48066006608E6803409F
:1014580007FCFDFD0706010001009EFF01000200D8
:101468009FFF01000300A0FF01000400A1FF01008D
:101478000500A2FF01000600A3FF01000700A4FF6A
:1014880001000800A5FF01000900A6FF01000A00ED
:10149800A7FF01000B00A8FF01000C00A9FF010035
:1014A8000D00AAFF01000E00ABFF01000F00ACFF0A
:1014B80001001000ADFF01001100AEFF0100120095
:1014C800AFFF01001300B0FF01001400B1FF0100DD
:1014D8001500B2FF01001600B3FF01001700B4FFAA
:1014E80001001800B5FF01001900B6FF01001A003D
:1014F800B7FF01001B00B8FF01001C00B9FF010085
:101508001D00BAFF01001E00BBFF01001F00BCFF49
:1015180001002000BDFF01002100BEFF01002200E4
:10152800BFFF01002300C0FF01002400C1FF01002C
:101538002500C2FF01002600C3FF01002700C4FFE9
:1015480001002800C5FF01002900C6FF01002A008C
:10155800C7FF01002B00C8FF01002C00C9FF0100D4
:101568002D00CAFF01002E00CBFF01002F00CCFF89
:1015780001003000CDFF01003100CEFF0100320034
:10158800D0FF01003300D1FF01003400D2FF010079
:101598003500D3FF01003600D4FF01003700D5FF26
:1015A80001003800D6FF01003900D7FF01003A00DA
:1015B800D8FF01003B00D9FF01003C00DAFF010021
:1015C8003D00DBFF01003E00DCFF01003F00DDFFC6
:1015D80001004000DEFF01004100DFFF0100420082
:1015E800E0FF01004300E1FF01004400E2FF0100C9
:1015F8004500E3FF01004600E4FF01004700E5FF66
:1016080001004800E6FF01004900E7FF01004A0029
:10161800E8FF01004B00E9FF01004C00EAFF010070
:101628004D00EBFF01004E00ECFF01004F00EDFF05
:1016380001005000EEFF01005100EFFF01005200D1
:10164800F0FF01005300F1FF01005400F2FF010018
:101658005500F3FF01005600F4FF01005700F5FFA5
:1016680001005800F6FF01005900F7FF01005A0079
:10167800F8FF01005B00F9FF01005C00FAFF0100C0
:101688005D00FBFF01005E00FCFF01005F00FDFF45
:1016980001006000FEFF01006100FFFF0100620021
:1016A8000000020001009FFF02000200A0FF0200EC
:1016B8000300A1FF02000400A2FF02000500A3FF2F
:1016C80002000600A4FF02000700A5FF02000800B0
:1016D800A6FF02000900A7FF02000A00A8FF0200F7
:1016E8000B00A9FF02000C00AAFF02000D00ABFFCF
:1016F80002000E00ACFF02000F00ADFF0200100058
:10170800AEFF02001100AFFF02001200B0FF02009E
:101718001300B1FF02001400B2FF02001500B3FF6E
:1017280002001600B4FF02001700B5FF02001800FF
:10173800B6FF02001900B7FF02001A00B8FF020046
:101748001B00B9FF02001C00BAFF02001D00BBFF0E
:1017580002001E00BCFF02001F00BDFF02002000A7
:10176800BEFF02002100BFFF02002200C0FF0200EE
:101778002300C1FF02002400C2FF02002500C3FFAE
:1017880002002600C4FF02002700C5FF020028004F
:10179800C6FF02002900C7FF02002A00C8FF020096
:1017A8002B00C9FF02002C00CAFF02002D00CBFF4E
:1017B80002002E00CCFF02002F00CDFF02003000F7
:1017C800CEFF02003100CFFF02003200D1FF02003D
:1017D8003300D2FF02003400D3FF02003500D4FFEB
:1017E80002003600D5FF02003700D6FF020038009D
:1017F800D7FF02003900D8FF02003A00D9FF0200E3
:101808003B00DAFF02003C00DBFF02003D00DCFF8A
:1018180002003E00DDFF02003F00DEFF0200400044
:10182800DFFF02004100E0FF02004200E1FF02008A
:101838004300E2FF02004400E3FF02004500E4FF2A
:1018480002004600E5FF02004700E6FF02004800EC
:10185800E7FF02004900E8FF02004A00E9FF020032
:101868004B00EAFF02004C00EBFF02004D00ECFFCA
:1018780002004E00EDFF02004F00EEFF0200500094
:10188800EFFF02005100F0FF02005200F1FF0200DA
:101898005300F2FF02005400F3FF02005500F4FF6A
:1018A80002005600F5FF02005700F6FF020058003C
:1018B800F7FF02005900F8FF02005A00F9FF020082
:1018C8005B00FAFF02005C00FBFF02005D00FCFF0A
:1018D80002005E00FDFF02005F00FEFF02006000E4
:1018E800FFFF020061000000020062000100030027
:1018F8000100A0FF03000200A1FF03000300A2FFF4
:1019080003000400A3FF03000500A4FF0300060072
:10191800A5FF03000700A6FF03000800A7FF0300B8
:101928000900A8FF03000A00A9FF03000B00AAFF93
:1019380003000C00ABFF03000D00ACFF03000E001A
:10194800ADFF03000F00AEFF03001000AFFF030060
:101958001100B0FF03001200B1FF03001300B2FF33
:1019680003001400B3FF03001500B4FF03001600C2
:10197800B5FF03001700B6FF03001800B7FF030008
:101988001900B8FF03001A00B9FF03001B00BAFFD3
:1019980003001C00BBFF03001D00BCFF03001E006A
:1019A800BDFF03001F00BEFF03002000BFFF0300B0
:1019B8002100C0FF03002200C1FF03002300C2FF73
:1019C80003002400C3FF03002500C4FF0300260012
:1019D800C5FF03002700C6FF03002800C7FF030058
:1019E8002900C8FF03002A00C9FF03002B00CAFF13
:1019F80003002C00CBFF03002D00CCFF03002E00BA
:101A0800CDFF03002F00CEFF03003000CFFF0300FF
:101A18003100D0FF03003200D2FF03003300D3FFB0
:101A280003003400D4FF03003500D5FF030036005F
:101A3800D6FF03003700D7FF03003800D8FF0300A4
:101A48003900D9FF03003A00DAFF03003B00DBFF4F
:101A580003003C00DCFF03003D00DDFF03003E0007
:101A6800DEFF03003F00DFFF03004000E0FF03004C
:101A78004100E1FF03004200E2FF03004300E3FFEF
:101A880003004400E4FF03004500E5FF03004600AF
:101A9800E6FF03004700E7FF03004800E8FF0300F4
:101AA8004900E9FF03004A00EAFF03004B00EBFF8F
:101AB80003004C00ECFF03004D00EDFF03004E0057
:101AC800EEFF03004F00EFFF03005000F0FF03009C
:101AD8005100F1FF03005200F2FF03005300F3FF2F
:101AE80003005400F4FF03005500F5FF03005600FF
:101AF800F6FF03005700F7FF03005800F8FF030044
:101B08005900F9FF03005A00FAFF03005B00FBFFCE
:101B180003005C00FCFF03005D00FDFF03005E00A6
:101B2800FEFF03005F00FFFF0300600000000300EA
:101B38006100010003006200020004000100A1FF2F
:101B480004000200A2FF04000300A3FF0400040035
:101B5800A4FF04000500A5FF04000600A6FF04007A
:101B68000700A7FF04000800A8FF04000900A9FF58
:101B780004000A00AAFF04000B00ABFF04000C00DD
:101B8800ACFF04000D00ADFF04000E00AEFF040022
:101B98000F00AFFF04001000B0FF04001100B1FFF8
:101BA80004001200B2FF04001300B3FF0400140085
:101BB800B4FF04001500B5FF04001600B6FF0400CA
:101BC8001700B7FF04001800B8FF04001900B9FF98
:101BD80004001A00BAFF04001B00BBFF04001C002D
:101BE800BCFF04001D00BDFF04001E00BEFF040072
:101BF8001F00BFFF04002000C0FF04002100C1FF38
:101C080004002200C2FF04002300C3FF04002400D4
:101C1800C4FF04002500C5FF04002600C6FF040019
:101C28002700C7FF04002800C8FF04002900C9FFD7
:101C380004002A00CAFF04002B00CBFF04002C007C
:101C4800CCFF04002D00CDFF04002E00CEFF0400C1
:101C58002F00CFFF04003000D0FF04003100D1FF77
:101C680004003200D3FF04003300D4FF0400340022
:101C7800D5FF04003500D6FF04003600D7FF040066
:101C88003700D8FF04003800D9FF04003900DAFF14
:101C980004003A00DBFF04003B00DCFF04003C00CA
:101CA800DDFF04003D00DEFF04003E00DFFF04000E
:101CB8003F00E0FF04004000E1FF04004100E2FFB4
:101CC80004004200E3FF04004300E4FF0400440072
:101CD800E5FF04004500E6FF04004600E7FF0400B6
:101CE8004700E8FF04004800E9FF04004900EAFF54
:101CF80004004A00EBFF04004B00ECFF04004C001A
:101D0800EDFF04004D00EEFF04004E00EFFF04005D
:101D18004F00F0FF04005000F1FF04005100F2FFF3
:101D280004005200F3FF04005300F4FF04005400C1
:101D3800F5FF04005500F6FF04005600F7FF040005
:101D48005700F8FF04005800F9FF04005900FAFF93
:101D580004005A00FBFF04005B00FCFF04005C0069
:101D6800FDFF04005D00FEFF04005E00FFFF0400AD
:101D78005F00000004006000010004006100020030
:101D880004006200030005000100A2FF0500020034
:101D9800A3FF05000300A4FF05000400A5FF05003C
:101DA8000500A6FF05000600A7FF05000700A8FF1D
:101DB80005000800A9FF05000900AAFF05000A00A0
:101DC800ABFF05000B00ACFF05000C00ADFF0500E4
:101DD8000D00AEFF05000E00AFFF05000F00B0FFBD
:101DE80005001000B1FF05001100B2FF0500120048
:101DF800B3FF05001300B4FF05001400B5FF05008C
:101E08001500B6FF05001600B7FF05001700B8FF5C
:101E180005001800B9FF05001900BAFF05001A00EF
:101E2800BBFF05001B00BCFF05001C00BDFF050033
:101E38001D00BEFF05001E00BFFF05001F00C0FFFC
:101E480005002000C1FF05002100C2FF0500220097
:101E5800C3FF05002300C4FF05002400C5FF0500DB
:101E68002500C6FF05002600C7FF05002700C8FF9C
:101E780005002800C9FF05002900CAFF05002A003F
:101E8800CBFF05002B00CCFF05002C00CDFF050083
:101E98002D00CEFF05002E00CFFF05002F00D0FF3C
:101EA80005003000D1FF05003100D2FF05003200E7
:101EB800D4FF05003300D5FF05003400D6FF050028
:101EC8003500D7FF05003600D8FF05003700D9FFD9
:101ED80005003800DAFF05003900DBFF05003A008D
:101EE800DCFF05003B00DDFF05003C00DEFF0500D0
:101EF8003D00DFFF05003E00E0FF05003F00E1FF79
:101F080005004000E2FF05004100E3FF0500420034
:101F1800E4FF05004300E5FF05004400E6FF050077
:101F28004500E7FF05004600E8FF05004700E9FF18
:101F380005004800EAFF05004900EBFF05004A00DC
:101F4800ECFF05004B00EDFF05004C00EEFF05001F
:101F58004D00EFFF05004E00F0FF05004F00F1FFB8
:101F680005005000F2FF05005100F3FF0500520084
:101F7800F4FF05005300F5FF05005400F6FF0500C7
:101F88005500F7FF05005600F8FF05005700F9FF58
:101F980005005800FAFF05005900FBFF05005A002C
:101FA800FCFF05005B00FDFF05005C00FEFF05006F
:101FB8005D00FFFF05005E00000005005F000100F6
:101FC80005006000020005006100030005006200D2
:101FD800040006000100A3FF06000200A4FF06009B
:101FE8000300A5FF06000400A6FF06000500A7FFE2
:101FF80006000600A8FF06000700A9FF0600080063
:10200800AAFF06000900ABFF06000A00ACFF0600A5
:102018000B00ADFF06000C00AEFF06000D00AFFF81
:1020280006000E00B0FF06000F00B1FF060010000A
:10203800B2FF06001100B3FF06001200B4FF06004D
:102048001300B5FF06001400B6FF06001500B7FF21
:1020580006001600B8FF06001700B9FF06001800B2
:10206800BAFF06001900BBFF06001A00BCFF0600F5
:102078001B00BDFF06001C00BEFF06001D00BFFFC1
:1020880006001E00C0FF06001F00C1FF060020005A
:10209800C2FF06002100C3FF06002200C4FF06009D
:1020A8002300C5FF06002400C6FF06002500C7FF61
:1020B80006002600C8FF06002700C9FF0600280002
:1020C800CAFF06002900CBFF06002A00CCFF060045
:1020D8002B00CDFF06002C00CEFF06002D00CFFF01
:1020E80006002E00D0FF06002F00D1FF06003000AA
:1020F800D2FF06003100D3FF06003200D5FF0600EC
:102108003300D6FF06003400D7FF06003500D8FF9D
:1021180006003600D9FF06003700DAFF060038004F
:10212800DBFF06003900DCFF06003A00DDFF060091
:102138003B00DEFF06003C00DFFF06003D00E0FF3D
:1021480006003E00E1FF06003F00E2FF06004000F7
:10215800E3FF06004100E4FF06004200E5FF060039
:102168004300E6FF06004400E7FF06004500E8FFDD
:1021780006004600E9FF06004700EAFF060048009F
:10218800EBFF06004900ECFF06004A00EDFF0600E1
:102198004B00EEFF06004C00EFFF06004D00F0FF7D
:1021A80006004E00F1FF06004F00F2FF0600500047
:1021B800F3FF06005100F4FF06005200F5FF060089
:1021C8005300F6FF06005400F7FF06005500F8FF1D
:1021D80006005600F9FF06005700FAFF06005800EF
:1021E800FBFF06005900FCFF06005A00FDFF060031
:1021F8005B00FEFF06005C00FFFF06005D000000BC
:1022080006005E00010006005F0002000600600094
:1022180003000600610004000600620005000700D4
:102228000100A4FF07000200A5FF07000300A6FFA6
:1022380007000400A7FF07000500A8FF0700060025
:10224800A9FF07000700AAFF07000800ABFF070067
:102258000900ACFF07000A00ADFF07000B00AEFF46
:1022680007000C00AFFF07000D00B0FF07000E00CD
:10227800B1FF07000F00B2FF07001000B3FF07000F
:102288001100B4FF07001200B5FF07001300B6FFE6
:1022980007001400B7FF07001500B8FF0700160075
:1022A800B9FF07001700BAFF07001800BBFF0700B7
:1022B8001900BCFF07001A00BDFF07001B00BEFF86
:1022C80007001C00BFFF07001D00C0FF07001E001D
:1022D800C1FF07001F00C2FF07002000C3FF07005F
:1022E8002100C4FF07002200C5FF07002300C6FF26
:1022F80007002400C7FF07002500C8FF07002600C5
:10230800C9FF07002700CAFF07002800CBFF070006
:102318002900CCFF07002A00CDFF07002B00CEFFC5
:1023280007002C00CFFF07002D00D0FF07002E006C
:10233800D1FF07002F00D2FF07003000D3FF0700AE
:102348003100D4FF07003200D6FF07003300D7FF63
:1023580007003400D8FF07003500D9FF0700360012
:10236800DAFF07003700DBFF07003800DCFF070053
:102378003900DDFF07003A00DEFF07003B00DFFF02
:1023880007003C00E0FF07003D00E1FF07003E00BA
:10239800E2FF07003F00E3FF07004000E4FF0700FB
:1023A8004100E5FF07004200E6FF07004300E7FFA2
:1023B80007004400E8FF07004500E9FF0700460062
:1023C800EAFF07004700EBFF07004800ECFF0700A3
:1023D8004900EDFF07004A00EEFF07004B00EFFF42
:1023E80007004C00F0FF07004D00F1FF07004E000A
:1023F800F2FF07004F00F3FF07005000F4FF07004B
:102408005100F5FF07005200F6FF07005300F7FFE1
:1024180007005400F8FF07005500F9FF07005600B1
:10242800FAFF07005700FBFF07005800FCFF0700F2
:102438005900FDFF07005A00FEFF07005B00FFFF81
:1024480007005C00000007005D00010007005E0057
:10245800020007005F000300070060000400070097
:102468006100050007006200060008000100A5FFE2
:1024780008000200A6FF08000300A7FF08000400E8
:10248800A8FF08000500A9FF08000600AAFF080029
:102498000700ABFF08000800ACFF08000900ADFF0B
:1024A80008000A00AEFF08000B00AFFF08000C0090
:1024B800B0FF08000D00B1FF08000E00B2FF0800D1
:1024C8000F00B3FF08001000B4FF08001100B5FFAB
:1024D80008001200B6FF08001300B7FF0800140038
:1024E800B8FF08001500B9FF08001600BAFF080079
:1024F8001700BBFF08001800BCFF08001900BDFF4B
:1025080008001A00BEFF08001B00BFFF08001C00DF
:10251800C0FF08001D00C1FF08001E00C2FF080020
:102528001F00C3FF08002000C4FF08002100C5FFEA
:1025380008002200C6FF08002300C7FF0800240087
:10254800C8FF08002500C9FF08002600CAFF0800C8
:102558002700CBFF08002800CCFF08002900CDFF8A
:1025680008002A00CEFF08002B00CFFF08002C002F
:10257800D0FF08002D00D1FF08002E00D2FF080070
:102588002F00D3FF08003000D4FF08003100D5FF2A
:1025980008003200D7FF08003300D8FF08003400D5
:1025A800D9FF08003500DAFF08003600DBFF080015
:1025B8003700DCFF08003800DDFF08003900DEFFC7
:1025C80008003A00DFFF08003B00E0FF08003C007D
:1025D800E1FF08003D00E2FF08003E00E3FF0800BD
:1025E8003F00E4FF08004000E5FF08004100E6FF67
:1025F80008004200E7FF08004300E8FF0800440025
:10260800E9FF08004500EAFF08004600EBFF080064
:102618004700ECFF08004800EDFF08004900EEFF06
:1026280008004A00EFFF08004B00F0FF08004C00CC
:10263800F1FF08004D00F2FF08004E00F3FF08000C
:102648004F00F4FF08005000F5FF08005100F6FFA6
:1026580008005200F7FF08005300F8FF0800540074
:10266800F9FF08005500FAFF08005600FBFF0800B4
:102678005700FCFF08005800FDFF08005900FEFF46
:1026880008005A00FFFF08005B00000008005C001B
:10269800010008005D00020008005E000300080059
:1026A8005F000400080060000500080061000600E3
:1026B80008006200070009000100A6FF09000200E7
:1026C800A7FF09000300A8FF09000400A9FF0900EB
:1026D8000500AAFF09000600ABFF09000700ACFFD0
:1026E80009000800ADFF09000900AEFF09000A0053
:1026F800AFFF09000B00B0FF09000C00B1FF090093
:102708000D00B2FF09000E00B3FF09000F00B4FF6F
:1027180009001000B5FF09001100B6FF09001200FA
:10272800B7FF09001300B8FF09001400B9FF09003A
:102738001500BAFF09001600BBFF09001700BCFF0F
:1027480009001800BDFF09001900BEFF09001A00A2
:10275800BFFF09001B00C0FF09001C00C1FF0900E2
:102768001D00C2FF09001E00C3FF09001F00C4FFAF
:1027780009002000C5FF09002100C6FF090022004A
:10278800C7FF09002300C8FF09002400C9FF09008A
:102798002500CAFF09002600CBFF09002700CCFF4F
:1027A80009002800CDFF09002900CEFF09002A00F2
:1027B800CFFF09002B00D0FF09002C00D1FF090032
:1027C8002D00D2FF09002E00D3FF09002F00D4FFEF
:1027D80009003000D5FF09003100D6FF090032009A
:1027E800D8FF09003300D9FF09003400DAFF0900D7
:1027F8003500DBFF09003600DCFF09003700DDFF8C
:1028080009003800DEFF09003900DFFF09003A003F
:10281800E0FF09003B00E1FF09003C00E2FF09007E
:102828003D00E3FF09003E00E4FF09003F00E5FF2B
:1028380009004000E6FF09004100E7FF09004200E7
:10284800E8FF09004300E9FF09004400EAFF090026
:102858004500EBFF09004600ECFF09004700EDFFCB
:1028680009004800EEFF09004900EFFF09004A008F
:10287800F0FF09004B00F1FF09004C00F2FF0900CE
:102888004D00F3FF09004E00F4FF09004F00F5FF6B
:1028980009005000F6FF09005100F7FF0900520037
:1028A800F8FF09005300F9FF09005400FAFF090076
:1028B8005500FBFF09005600FCFF09005700FDFF0B
:1028C80009005800FEFF09005900FFFF09005A00DF
:1028D800000009005B00010009005C00020009001B
:1028E8005D00030009005E00040009005F000500A8
:1028F8000900600006000900610007000900620085
:1029080008000A000100A7FF0A000200A8FF0A0049
:102918000300A9FF0A000400AAFF0A000500ABFF94
:102928000A000600ACFF0A000700ADFF0A00080015
:10293800AEFF0A000900AFFF0A000A00B0FF0A0054
:102948000B00B1FF0A000C00B2FF0A000D00B3FF34
:102958000A000E00B4FF0A000F00B5FF0A001000BD
:10296800B6FF0A001100B7FF0A001200B8FF0A00FC
:102978001300B9FF0A001400BAFF0A001500BBFFD4
:102988000A001600BCFF0A001700BDFF0A00180065
:10299800BEFF0A001900BFFF0A001A00C0FF0A00A4
:1029A8001B00C1FF0A001C00C2FF0A001D00C3FF74
:1029B8000A001E00C4FF0A001F00C5FF0A0020000D
:1029C800C6FF0A002100C7FF0A002200C8FF0A004C
:1029D8002300C9FF0A002400CAFF0A002500CBFF14
:1029E8000A002600CCFF0A002700CDFF0A002800B5
:1029F800CEFF0A002900CFFF0A002A00D0FF0A00F4
:102A08002B00D1FF0A002C00D2FF0A002D00D3FFB3
:102A18000A002E00D4FF0A002F00D5FF0A0030005C
:102A2800D6FF0A003100D7FF0A003200D9FF0A009A
:102A38003300DAFF0A003400DBFF0A003500DCFF50
:102A48000A003600DDFF0A003700DEFF0A00380002
:102A5800DFFF0A003900E0FF0A003A00E1FF0A0040
:102A68003B00E2FF0A003C00E3FF0A003D00E4FFF0
:102A78000A003E00E5FF0A003F00E6FF0A004000AA
:102A8800E7FF0A004100E8FF0A004200E9FF0A00E8
:102A98004300EAFF0A004400EBFF0A004500ECFF90
:102AA8000A004600EDFF0A004700EEFF0A00480052
:102AB800EFFF0A004900F0FF0A004A00F1FF0A0090
:102AC8004B00F2FF0A004C00F3FF0A004D00F4FF30
:102AD8000A004E00F5FF0A004F00F6FF0A005000FA
:102AE800F7FF0A005100F8FF0A005200F9FF0A0038
:102AF8005300FAFF0A005400FBFF0A005500FCFFD0
:102B08000A005600FDFF0A005700FEFF0A005800A1
:102B1800FFFF0A00590000000A005A0001000A00DD
:102B28005B0002000A005C0003000A005D0004006C
:102B38000A005E0005000A005F0006000A00600047
:102B480007000A00610008000A00620009000B0083
:102B58000100A8FF0B000200A9FF0B000300AAFF59
:102B68000B000400ABFF0B000500ACFF0B000600D8
:102B7800ADFF0B000700AEFF0B000800AFFF0B0016
:102B88000900B0FF0B000A00B1FF0B000B00B2FFF9
:102B98000B000C00B3FF0B000D00B4FF0B000E0080
:102BA800B5FF0B000F00B6FF0B001000B7FF0B00BE
:102BB8001100B8FF0B001200B9FF0B001300BAFF99
:102BC8000B001400BBFF0B001500BCFF0B00160028
:102BD800BDFF0B001700BEFF0B001800BFFF0B0066
:102BE8001900C0FF0B001A00C1FF0B001B00C2FF39
:102BF8000B001C00C3FF0B001D00C4FF0B001E00D0
:102C0800C5FF0B001F00C6FF0B002000C7FF0B000D
:102C18002100C8FF0B002200C9FF0B002300CAFFD8
:102C28000B002400CBFF0B002500CCFF0B00260077
:102C3800CDFF0B002700CEFF0B002800CFFF0B00B5
:102C48002900D0FF0B002A00D1FF0B002B00D2FF78
:102C58000B002C00D3FF0B002D00D4FF0B002E001F
:102C6800D5FF0B002F00D6FF0B003000D7FF0B005D
:102C78003100D8FF0B003200DAFF0B003300DBFF16
:102C88000B003400DCFF0B003500DDFF0B003600C5
:102C9800DEFF0B003700DFFF0B003800E0FF0B0002
:102CA8003900E1FF0B003A00E2FF0B003B00E3FFB5
:102CB8000B003C00E4FF0B003D00E5FF0B003E006D
:102CC800E6FF0B003F00E7FF0B004000E8FF0B00AA
:102CD8004100E9FF0B004200EAFF0B004300EBFF55
:102CE8000B004400ECFF0B004500EDFF0B00460015
:102CF800EEFF0B004700EFFF0B004800F0FF0B0052
:102D08004900F1FF0B004A00F2FF0B004B00F3FFF4
:102D18000B004C00F4FF0B004D00F5FF0B004E00BC
:102D2800F6FF0B004F00F7FF0B005000F8FF0B00F9
:102D38005100F9FF0B005200FAFF0B005300FBFF94
:102D48000B005400FCFF0B005500FDFF0B00560064
:102D5800FEFF0B005700FFFF0B00580000000B00A0
:102D6800590001000B005A0002000B005B00030031
:102D78000B005C0004000B005D0005000B005E000A
:102D880006000B005F0007000B00600008000B0046
:102D9800610009000B0062000A000C000100A9FF95
:102DA8000C000200AAFF0C000300ABFF0C0004009B
:102DB800ACFF0C000500ADFF0C000600AEFF0C00D8
:102DC8000700AFFF0C000800B0FF0C000900B1FFBE
:102DD8000C000A00B2FF0C000B00B3FF0C000C0043
:102DE800B4FF0C000D00B5FF0C000E00B6FF0C0080
:102DF8000F00B7FF0C001000B8FF0C001100B9FF5E
:102E08000C001200BAFF0C001300BBFF0C001400EA
:102E1800BCFF0C001500BDFF0C001600BEFF0C0027
:102E28001700BFFF0C001800C0FF0C001900C1FFFD
:102E38000C001A00C2FF0C001B00C3FF0C001C0092
:102E4800C4FF0C001D00C5FF0C001E00C6FF0C00CF
:102E58001F00C7FF0C002000C8FF0C002100C9FF9D
:102E68000C002200CAFF0C002300CBFF0C0024003A
:102E7800CCFF0C002500CDFF0C002600CEFF0C0077
:102E88002700CFFF0C002800D0FF0C002900D1FF3D
:102E98000C002A00D2FF0C002B00D3FF0C002C00E2
:102EA800D4FF0C002D00D5FF0C002E00D6FF0C001F
:102EB8002F00D7FF0C003000D8FF0C003100D9FFDD
:102EC8000C003200DBFF0C003300DCFF0C00340088
:102ED800DDFF0C003500DEFF0C003600DFFF0C00C4
:102EE8003700E0FF0C003800E1FF0C003900E2FF7A
:102EF8000C003A00E3FF0C003B00E4FF0C003C0030
:102F0800E5FF0C003D00E6FF0C003E00E7FF0C006B
:102F18003F00E8FF0C004000E9FF0C004100EAFF19
:102F28000C004200EBFF0C004300ECFF0C004400D7
:102F3800EDFF0C004500EEFF0C004600EFFF0C0013
:102F48004700F0FF0C004800F1FF0C004900F2FFB9
:102F58000C004A00F3FF0C004B00F4FF0C004C007F
:102F6800F5FF0C004D00F6FF0C004E00F7FF0C00BB
:102F78004F00F8FF0C005000F9FF0C005100FAFF59
:102F88000C005200FBFF0C005300FCFF0C00540027
:102F9800FDFF0C005500FEFF0C005600FFFF0C0063
:102FA800570000000C00580001000C0059000200F6
:102FB8000C005A0003000C005B0004000C005C00CD
:102FC80005000C005D0006000C005E0007000C0008
:102FD8005F0008000C00600009000C0061000A0096
:102FE8000C0062000B000D000100AAFF0D0002009A
:102FF800ABFF0D000300ACFF0D000400ADFF0D009A
:103008000500AEFF0D000600AFFF0D000700B0FF82
:103018000D000800B1FF0D000900B2FF0D000A0005
:10302800B3FF0D000B00B4FF0D000C00B5FF0D0041
:103038000D00B6FF0D000E00B7FF0D000F00B8FF22
:103048000D001000B9FF0D001100BAFF0D001200AD
:10305800BBFF0D001300BCFF0D001400BDFF0D00E9
:103068001500BEFF0D001600BFFF0D001700C0FFC2
:103078000D001800C1FF0D001900C2FF0D001A0055
:10308800C3FF0D001B00C4FF0D001C00C5FF0D0091
:103098001D00C6FF0D001E00C7FF0D001F00C8FF62
:1030A8000D002000C9FF0D002100CAFF0D002200FD
:1030B800CBFF0D002300CCFF0D002400CDFF0D0039
:1030C8002500CEFF0D002600CFFF0D002700D0FF02
:1030D8000D002800D1FF0D002900D2FF0D002A00A5
:1030E800D3FF0D002B00D4FF0D002C00D5FF0D00E1
:1030F8002D00D6FF0D002E00D7FF0D002F00D8FFA2
:103108000D003000D9FF0D003100DAFF0D0032004C
:10311800DCFF0D003300DDFF0D003400DEFF0D0085
:103128003500DFFF0D003600E0FF0D003700E1FF3E
:103138000D003800E2FF0D003900E3FF0D003A00F2
:10314800E4FF0D003B00E5FF0D003C00E6FF0D002D
:103158003D00E7FF0D003E00E8FF0D003F00E9FFDE
:103168000D004000EAFF0D004100EBFF0D0042009A
:10317800ECFF0D004300EDFF0D004400EEFF0D00D5
:103188004500EFFF0D004600F0FF0D004700F1FF7E
:103198000D004800F2FF0D004900F3FF0D004A0042
:1031A800F4FF0D004B00F5FF0D004C00F6FF0D007D
:1031B8004D00F7FF0D004E00F8FF0D004F00F9FF1E
:1031C8000D005000FAFF0D005100FBFF0D005200EA
:1031D800FCFF0D005300FDFF0D005400FEFF0D0025
:1031E8005500FFFF0D00560000000D0057000100BC
:1031F8000D00580002000D00590003000D005A0090
:1032080004000D005B0005000D005C0006000D00C9
:103218005D0007000D005E0008000D005F0009005A
:103228000D0060000A000D0061000B000D00620037
:103238000C000E000100ABFF0E000200ACFF0E00F8
:103248000300ADFF0E000400AEFF0E000500AFFF47
:103258000E000600B0FF0E000700B1FF0E000800C8
:10326800B2FF0E000900B3FF0E000A00B4FF0E0003
:103278000B00B5FF0E000C00B6FF0E000D00B7FFE7
:103288000E000E00B8FF0E000F00B9FF0E00100070
:10329800BAFF0E001100BBFF0E001200BCFF0E00AB
:1032A8001300BDFF0E001400BEFF0E001500BFFF87
:1032B8000E001600C0FF0E001700C1FF0E00180018
:1032C800C2FF0E001900C3FF0E001A00C4FF0E0053
:1032D8001B00C5FF0E001C00C6FF0E001D00C7FF27
:1032E8000E001E00C8FF0E001F00C9FF0E002000C0
:1032F800CAFF0E002100CBFF0E002200CCFF0E00FB
:103308002300CDFF0E002400CEFF0E002500CFFFC6
:103318000E002600D0FF0E002700D1FF0E00280067
:10332800D2FF0E002900D3FF0E002A00D4FF0E00A2
:103338002B00D5FF0E002C00D6FF0E002D00D7FF66
:103348000E002E00D8FF0E002F00D9FF0E0030000F
:10335800DAFF0E003100DBFF0E003200DDFF0E0049
:103368003300DEFF0E003400DFFF0E003500E0FF03
:103378000E003600E1FF0E003700E2FF0E003800B5
:10338800E3FF0E003900E4FF0E003A00E5FF0E00EF
:103398003B00E6FF0E003C00E7FF0E003D00E8FFA3
:1033A8000E003E00E9FF0E003F00EAFF0E0040005D
:1033B800EBFF0E004100ECFF0E004200EDFF0E0097
:1033C8004300EEFF0E004400EFFF0E004500F0FF43
:1033D8000E004600F1FF0E004700F2FF0E00480005
:1033E800F3FF0E004900F4FF0E004A00F5FF0E003F
:1033F8004B00F6FF0E004C00F7FF0E004D00F8FFE3
:103408000E004E00F9FF0E004F00FAFF0E005000AC
:10341800FBFF0E005100FCFF0E005200FDFF0E00E6
:103428005300FEFF0E005400FFFF0E005500000081
:103438000E00560001000E00570002000E00580052
:1034480003000E00590004000E005A0005000E008B
:103458005B0006000E005C0007000E005D0008001F
:103468000E005E0009000E005F000A000E006000FA
:103478000B000E0061000C000E0062000D000F0032
:103488000100ACFF0F000200ADFF0F000300AEFF0C
:103498000F000400AFFF0F000500B0FF0F0006008B
:1034A800B1FF0F000700B2FF0F000800B3FF0F00C5
:1034B8000900B4FF0F000A00B5FF0F000B00B6FFAC
:1034C8000F000C00B7FF0F000D00B8FF0F000E0033
:1034D800B9FF0F000F00BAFF0F001000BBFF0F006D
:1034E8001100BCFF0F001200BDFF0F001300BEFF4C
:1034F8000F001400BFFF0F001500C0FF0F001600DB
:10350800C1FF0F001700C2FF0F001800C3FF0F0014
:103518001900C4FF0F001A00C5FF0F001B00C6FFEB
:103528000F001C00C7FF0F001D00C8FF0F001E0082
:10353800C9FF0F001F00CAFF0F002000CBFF0F00BC
:103548002100CCFF0F002200CDFF0F002300CEFF8B
:103558000F002400CFFF0F002500D0FF0F0026002A
:10356800D1FF0F002700D2FF0F002800D3FF0F0064
:103578002900D4FF0F002A00D5FF0F002B00D6FF2B
:103588000F002C00D7FF0F002D00D8FF0F002E00D2
:10359800D9FF0F002F00DAFF0F003000DBFF0F000C
:1035A8003100DCFF0F003200DEFF0F003300DFFFC9
:1035B8000F003400E0FF0F003500E1FF0F00360078
:1035C800E2FF0F003700E3FF0F003800E4FF0F00B1
:1035D8003900E5FF0F003A00E6FF0F003B00E7FF68
:1035E8000F003C00E8FF0F003D00E9FF0F003E0020
:1035F800EAFF0F003F00EBFF0F004000ECFF0F0059
:103608004100EDFF0F004200EEFF0F004300EFFF07
:103618000F004400F0FF0F004500F1FF0F004600C7
:10362800F2FF0F004700F3FF0F004800F4FF0F0000
:103638004900F5FF0F004A00F6FF0F004B00F7FFA7
:103648000F004C00F8FF0F004D00F9FF0F004E006F
:10365800FAFF0F004F00FBFF0F005000FCFF0F00A8
:103668005100FDFF0F005200FEFF0F005300FFFF47
:103678000F00540000000F00550001000F00560015
:1036880002000F00570003000F00580004000F004D
:10369800590005000F005A0006000F005B000700E4
:1036A8000F005C0008000F005D0009000F005E00BD
:1036B8000A000F005F000B000F0060000C000F00F5
:1036C80061000D000F0062000E0010000100ADFF48
:1036D80010000200AEFF10000300AFFF100004004E
:1036E800B0FF10000500B1FF10000600B2FF100087
:1036F8000700B3FF10000800B4FF10000900B5FF71
:1037080010000A00B6FF10000B00B7FF10000C00F5
:10371800B8FF10000D00B9FF10000E00BAFF10002E
:103728000F00BBFF10001000BCFF10001100BDFF10
:1037380010001200BEFF10001300BFFF100014009D
:10374800C0FF10001500C1FF10001600C2FF1000D6
:103758001700C3FF10001800C4FF10001900C5FFB0
:1037680010001A00C6FF10001B00C7FF10001C0045
:10377800C8FF10001D00C9FF10001E00CAFF10007E
:103788001F00CBFF10002000CCFF10002100CDFF50
:1037980010002200CEFF10002300CFFF10002400ED
:1037A800D0FF10002500D1FF10002600D2FF100026
:1037B8002700D3FF10002800D4FF10002900D5FFF0
:1037C80010002A00D6FF10002B00D7FF10002C0095
:1037D800D8FF10002D00D9FF10002E00DAFF1000CE
:1037E8002F00DBFF10003000DCFF10003100DDFF90
:1037F80010003200DFFF10003300E0FF100034003B
:10380800E1FF10003500E2FF10003600E3FF100072
:103818003700E4FF10003800E5FF10003900E6FF2C
:1038280010003A00E7FF10003B00E8FF10003C00E2
:10383800E9FF10003D00EAFF10003E00EBFF10001A
:103848003F00ECFF10004000EDFF10004100EEFFCC
:1038580010004200EFFF10004300F0FF100044008A
:10386800F1FF10004500F2FF10004600F3FF1000C2
:103878004700F4FF10004800F5FF10004900F6FF6C
:1038880010004A00F7FF10004B00F8FF10004C0032
:10389800F9FF10004D00FAFF10004E00FBFF10006A
:1038A8004F00FCFF10005000FDFF10005100FEFF0C
:1038B80010005200FFFF10005300000010005400D9
:1038C800010010005500020010005600030010000F
:1038D80057000400100058000500100059000600A9
:1038E80010005A00070010005B00080010005C0080
:1038F800090010005D000A0010005E000B001000B7
:103908005F000C00100060000D00100061000E0048
:10391800100062000F0011000100AEFF110002004C
:10392800AFFF11000300B0FF11000400B1FF110048
:103938000500B2FF11000600B3FF11000700B4FF35
:1039480011000800B5FF11000900B6FF11000A00B8
:10395800B7FF11000B00B8FF11000C00B9FF1100F0
:103968000D00BAFF11000E00BBFF11000F00BCFFD5
:1039780011001000BDFF11001100BEFF1100120060
:10398800BFFF11001300C0FF11001400C1FF110098
:103998001500C2FF11001600C3FF11001700C4FF75
:1039A80011001800C5FF11001900C6FF11001A0008
:1039B800C7FF11001B00C8FF11001C00C9FF110040
:1039C8001D00CAFF11001E00CBFF11001F00CCFF15
:1039D80011002000CDFF11002100CEFF11002200B0
:1039E800CFFF11002300D0FF11002400D1FF1100E8
:1039F8002500D2FF11002600D3FF11002700D4FFB5
:103A080011002800D5FF11002900D6FF11002A0057
:103A1800D7FF11002B00D8FF11002C00D9FF11008F
:103A28002D00DAFF11002E00DBFF11002F00DCFF54
:103A380011003000DDFF11003100DEFF11003200FF
:103A4800E0FF11003300E1FF11003400E2FF110034
:103A58003500E3FF11003600E4FF11003700E5FFF1
:103A680011003800E6FF11003900E7FF11003A00A5
:103A7800E8FF11003B00E9FF11003C00EAFF1100DC
:103A88003D00EBFF11003E00ECFF11003F00EDFF91
:103A980011004000EEFF11004100EFFF110042004D
:103AA800F0FF11004300F1FF11004400F2FF110084
:103AB8004500F3FF11004600F4FF11004700F5FF31
:103AC80011004800F6FF11004900F7FF11004A00F5
:103AD800F8FF11004B00F9FF11004C00FAFF11002C
:103AE8004D00FBFF11004E00FCFF11004F00FDFFD1
:103AF80011005000FEFF11005100FFFF110052009D
:103B080000001100530001001100540002001100D0
:103B1800550003001100560004001100570005006D
:103B280011005800060011005900070011005A0042
:103B3800080011005B00090011005C000A00110078
:103B48005D000B0011005E000C0011005F000D000D
:103B5800110060000E00110061000F0011006200EA
:103B6800100012000100AFFF12000200B0FF1200A7
:103B78000300B1FF12000400B2FF12000500B3FFFA
:103B880012000600B4FF12000700B5FF120008007B
:103B9800B6FF12000900B7FF12000A00B8FF1200B2
:103BA8000B00B9FF12000C00BAFF12000D00BBFF9A
:103BB80012000E00BCFF12000F00BDFF1200100023
:103BC800BEFF12001100BFFF12001200C0FF12005A
:103BD8001300C1FF12001400C2FF12001500C3FF3A
:103BE80012001600C4FF12001700C5FF12001800CB
:103BF800C6FF12001900C7FF12001A00C8FF120002
:103C08001B00C9FF12001C00CAFF12001D00CBFFD9
:103C180012001E00CCFF12001F00CDFF1200200072
:103C2800CEFF12002100CFFF12002200D0FF1200A9
:103C38002300D1FF12002400D2FF12002500D3FF79
:103C480012002600D4FF12002700D5FF120028001A
:103C5800D6FF12002900D7FF12002A00D8FF120051
:103C68002B00D9FF12002C00DAFF12002D00DBFF19
:103C780012002E00DCFF12002F00DDFF12003000C2
:103C8800DEFF12003100DFFF12003200E1FF1200F8
:103C98003300E2FF12003400E3FF12003500E4FFB6
:103CA80012003600E5FF12003700E6FF1200380068
:103CB800E7FF12003900E8FF12003A00E9FF12009E
:103CC8003B00EAFF12003C00EBFF12003D00ECFF56
:103CD80012003E00EDFF12003F00EEFF1200400010
:103CE800EFFF12004100F0FF12004200F1FF120046
:103CF8004300F2FF12004400F3FF12004500F4FFF6
:103D080012004600F5FF12004700F6FF12004800B7
:103D1800F7FF12004900F8FF12004A00F9FF1200ED
:103D28004B00FAFF12004C00FBFF12004D00FCFF95
:103D380012004E00FDFF12004F00FEFF120050005F
:103D4800FFFF120051000000120052000100120093
:103D58005300020012005400030012005500040032
:103D68001200560005001200570006001200580005
:103D7800070012005900080012005A00090012003A
:103D88005B000A0012005C000B0012005D000C00D2
:103D980012005E000D0012005F000E0012006000AD
:103DA8000F001200610010001200620011001300E1
:103DB8000100B0FF13000200B1FF13000300B2FFBF
:103DC80013000400B3FF13000500B4FF130006003E
:103DD800B5FF13000700B6FF13000800B7FF130074
:103DE8000900B8FF13000A00B9FF13000B00BAFF5F
:103DF80013000C00BBFF13000D00BCFF13000E00E6
:103E0800BDFF13000F00BEFF13001000BFFF13001B
:103E18001100C0FF13001200C1FF13001300C2FFFE
:103E280013001400C3FF13001500C4FF130016008D
:103E3800C5FF13001700C6FF13001800C7FF1300C3
:103E48001900C8FF13001A00C9FF13001B00CAFF9E
:103E580013001C00CBFF13001D00CCFF13001E0035
:103E6800CDFF13001F00CEFF13002000CFFF13006B
:103E78002100D0FF13002200D1FF13002300D2FF3E
:103E880013002400D3FF13002500D4FF13002600DD
:103E9800D5FF13002700D6FF13002800D7FF130013
:103EA8002900D8FF13002A00D9FF13002B00DAFFDE
:103EB80013002C00DBFF13002D00DCFF13002E0085
:103EC800DDFF13002F00DEFF13003000DFFF1300BB
:103ED8003100E0FF13003200E2FF13003300E3FF7C
:103EE80013003400E4FF13003500E5FF130036002B
:103EF800E6FF13003700E7FF13003800E8FF130060
:103F08003900E9FF13003A00EAFF13003B00EBFF1A
:103F180013003C00ECFF13003D00EDFF13003E00D2
:103F2800EEFF13003F00EFFF13004000F0FF130007
:103F38004100F1FF13004200F2FF13004300F3FFBA
:103F480013004400F4FF13004500F5FF130046007A
:103F5800F6FF13004700F7FF13004800F8FF1300AF
:103F68004900F9FF13004A00FAFF13004B00FBFF5A
:103F780013004C00FCFF13004D00FDFF13004E0022
:103F8800FEFF13004F00FFFF130050000000130056
:103F980051000100130052000200130053000300F7
:103FA80013005400040013005500050013005600C8
:103FB80006001300570007001300580008001300FC
:103FC8005900090013005A000A0013005B000B0097
:103FD80013005C000C0013005D000D0013005E0070
:103FE8000E0013005F000F001300600010001300A4
:103FF8006100110013006200120014000100B1FFFB
:1040080014000200B2FF14000300B3FF1400040000
:10401800B4FF14000500B5FF14000600B6FF140035
:104028000700B7FF14000800B8FF14000900B9FF23
:1040380014000A00BAFF14000B00BBFF14000C00A8
:10404800BCFF14000D00BDFF14000E00BEFF1400DD
:104058000F00BFFF14001000C0FF14001100C1FFC3
:1040680014001200C2FF14001300C3FF1400140050
:10407800C4FF14001500C5FF14001600C6FF140085
:104088001700C7FF14001800C8FF14001900C9FF63
:1040980014001A00CAFF14001B00CBFF14001C00F8
:1040A800CCFF14001D00CDFF14001E00CEFF14002D
:1040B8001F00CFFF14002000D0FF14002100D1FF03
:1040C80014002200D2FF14002300D3FF14002400A0
:1040D800D4FF14002500D5FF14002600D6FF1400D5
:1040E8002700D7FF14002800D8FF14002900D9FFA3
:1040F80014002A00DAFF14002B00DBFF14002C0048
:10410800DCFF14002D00DDFF14002E00DEFF14007C
:104118002F00DFFF14003000E0FF14003100E1FF42
:1041280014003200E3FF14003300E4FF14003400ED
:10413800E5FF14003500E6FF14003600E7FF140021
:104148003700E8FF14003800E9FF14003900EAFFDF
:1041580014003A00EBFF14003B00ECFF14003C0095
:10416800EDFF14003D00EEFF14003E00EFFF1400C9
:104178003F00F0FF14004000F1FF14004100F2FF7F
:1041880014004200F3FF14004300F4FF140044003D
:10419800F5FF14004500F6FF14004600F7FF140071
:1041A8004700F8FF14004800F9FF14004900FAFF1F
:1041B80014004A00FBFF14004B00FCFF14004C00E5
:1041C800FDFF14004D00FEFF14004E00FFFF140019
:1041D8004F000000140050000100140051000200BC
:1041E800140052000300140053000400140054008B
:1041F80005001400550006001400560007001400BE
:1042080057000800140058000900140059000A005B
:1042180014005A000B0014005B000C0014005C0032
:104228000D0014005D000E0014005E000F00140065
:104238005F001000140060001100140061001200FB
:1042480014006200130015000100B2FF15000200FF
:10425800B3FF15000300B4FF15000400B5FF1500F7
:104268000500B6FF15000600B7FF15000700B8FFE8
:1042780015000800B9FF15000900BAFF15000A006B
:10428800BBFF15000B00BCFF15000C00BDFF15009F
:104298000D00BEFF15000E00BFFF15000F00C0FF88
:1042A80015001000C1FF15001100C2FF1500120013
:1042B800C3FF15001300C4FF15001400C5FF150047
:1042C8001500C6FF15001600C7FF15001700C8FF28
:1042D80015001800C9FF15001900CAFF15001A00BB
:1042E800CBFF15001B00CCFF15001C00CDFF1500EF
:1042F8001D00CEFF15001E00CFFF15001F00D0FFC8
:1043080015002000D1FF15002100D2FF1500220062
:10431800D3FF15002300D4FF15002400D5FF150096
:104328002500D6FF15002600D7FF15002700D8FF67
:1043380015002800D9FF15002900DAFF15002A000A
:10434800DBFF15002B00DCFF15002C00DDFF15003E
:104358002D00DEFF15002E00DFFF15002F00E0FF07
:1043680015003000E1FF15003100E2FF15003200B2
:10437800E4FF15003300E5FF15003400E6FF1500E3
:104388003500E7FF15003600E8FF15003700E9FFA4
:1043980015003800EAFF15003900EBFF15003A0058
:1043A800ECFF15003B00EDFF15003C00EEFF15008B
:1043B8003D00EFFF15003E00F0FF15003F00F1FF44
:1043C80015004000F2FF15004100F3FF1500420000
:1043D800F4FF15004300F5FF15004400F6FF150033
:1043E8004500F7FF15004600F8FF15004700F9FFE4
:1043F80015004800FAFF15004900FBFF15004A00A8
:10440800FCFF15004B00FDFF15004C00FEFF1500DA
:104418004D00FFFF15004E00000015004F00010081
:10442800150050000200150051000300150052004D
:10443800040015005300050015005400060015007F
:104448005500070015005600080015005700090020
:10445800150058000A00150059000B0015005A00F5
:104468000C0015005B000D0015005C000E00150027
:104478005D000F0015005E00100015005F001100C0
:10448800150060001200150061001300150062009D
:10449800140016000100B3FF16000200B4FF160056
:1044A8000300B5FF16000400B6FF16000500B7FFAD
:1044B80016000600B8FF16000700B9FF160008002E
:1044C800BAFF16000900BBFF16000A00BCFF160061
:1044D8000B00BDFF16000C00BEFF16000D00BFFF4D
:1044E80016000E00C0FF16000F00C1FF16001000D6
:1044F800C2FF16001100C3FF16001200C4FF160009
:104508001300C5FF16001400C6FF16001500C7FFEC
:1045180016001600C8FF16001700C9FF160018007D
:10452800CAFF16001900CBFF16001A00CCFF1600B0
:104538001B00CDFF16001C00CEFF16001D00CFFF8C
:1045480016001E00D0FF16001F00D1FF1600200025
:10455800D2FF16002100D3FF16002200D4FF160058
:104568002300D5FF16002400D6FF16002500D7FF2C
:1045780016002600D8FF16002700D9FF16002800CD
:10458800DAFF16002900DBFF16002A00DCFF160000
:104598002B00DDFF16002C00DEFF16002D00DFFFCC
:1045A80016002E00E0FF16002F00E1FF1600300075
:1045B800E2FF16003100E3FF16003200E5FF1600A7
:1045C8003300E6FF16003400E7FF16003500E8FF69
:1045D80016003600E9FF16003700EAFF160038001B
:1045E800EBFF16003900ECFF16003A00EDFF16004D
:1045F8003B00EEFF16003C00EFFF16003D00F0FF09
:1046080016003E00F1FF16003F00F2FF16004000C2
:10461800F3FF16004100F4FF16004200F5FF1600F4
:104628004300F6FF16004400F7FF16004500F8FFA8
:1046380016004600F9FF16004700FAFF160048006A
:10464800FBFF16004900FCFF16004A00FDFF16009C
:104658004B00FEFF16004C00FFFF16004D00000047
:1046680016004E00010016004F0002001600500010
:104678000300160051000400160052000500160041
:1046880053000600160054000700160055000800E5
:10469800160056000900160057000A0016005800B8
:1046A8000B00160059000C0016005A000D001600E9
:1046B8005B000E0016005C000F0016005D00100085
:1046C80016005E00110016005F0012001600600060
:1046D8001300160061001400160062001500170090
:1046E8000100B4FF17000200B5FF17000300B6FF72
:1046F80017000400B7FF17000500B8FF17000600F1
:10470800B9FF17000700BAFF17000800BBFF170022
:104718000900BCFF17000A00BDFF17000B00BEFF11
:1047280017000C00BFFF17000D00C0FF17000E0098
:10473800C1FF17000F00C2FF17001000C3FF1700CA
:104748001100C4FF17001200C5FF17001300C6FFB1
:1047580017001400C7FF17001500C8FF1700160040
:10476800C9FF17001700CAFF17001800CBFF170072
:104778001900CCFF17001A00CDFF17001B00CEFF51
:1047880017001C00CFFF17001D00D0FF17001E00E8
:10479800D1FF17001F00D2FF17002000D3FF17001A
:1047A8002100D4FF17002200D5FF17002300D6FFF1
:1047B80017002400D7FF17002500D8FF1700260090
:1047C800D9FF17002700DAFF17002800DBFF1700C2
:1047D8002900DCFF17002A00DDFF17002B00DEFF91
:1047E80017002C00DFFF17002D00E0FF17002E0038
:1047F800E1FF17002F00E2FF17003000E3FF17006A
:104808003100E4FF17003200E6FF17003300E7FF2E
:1048180017003400E8FF17003500E9FF17003600DD
:10482800EAFF17003700EBFF17003800ECFF17000E
:104838003900EDFF17003A00EEFF17003B00EFFFCD
:1048480017003C00F0FF17003D00F1FF17003E0085
:10485800F2FF17003F00F3FF17004000F4FF1700B6
:104868004100F5FF17004200F6FF17004300F7FF6D
:1048780017004400F8FF17004500F9FF170046002D
:10488800FAFF17004700FBFF17004800FCFF17005E
:104898004900FDFF17004A00FEFF17004B00FFFF0D
:1048A80017004C00000017004D00010017004E00D3
:1048B800020017004F000300170050000400170003
:1048C80051000500170052000600170053000700AA
:1048D800170054000800170055000900170056007B
:1048E8000A00170057000B00170058000C001700AB
:1048F80059000D0017005A000E0017005B000F004A
:1049080017005C00100017005D00110017005E0022
:10491800120017005F001300170060001400170052
:104928006100150017006200160018000100B5FFAD
:1049380018000200B6FF18000300B7FF18000400B3
:10494800B8FF18000500B9FF18000600BAFF1800E4
:104958000700BBFF18000800BCFF18000900BDFFD6
:1049680018000A00BEFF18000B00BFFF18000C005B
:10497800C0FF18000D00C1FF18000E00C2FF18008C
:104988000F00C3FF18001000C4FF18001100C5FF76
:1049980018001200C6FF18001300C7FF1800140003
:1049A800C8FF18001500C9FF18001600CAFF180034
:1049B8001700CBFF18001800CCFF18001900CDFF16
:1049C80018001A00CEFF18001B00CFFF18001C00AB
:1049D800D0FF18001D00D1FF18001E00D2FF1800DC
:1049E8001F00D3FF18002000D4FF18002100D5FFB6
:1049F80018002200D6FF18002300D7FF1800240053
:104A0800D8FF18002500D9FF18002600DAFF180083
:104A18002700DBFF18002800DCFF18002900DDFF55
:104A280018002A00DEFF18002B00DFFF18002C00FA
:104A3800E0FF18002D00E1FF18002E00E2FF18002B
:104A48002F00E3FF18003000E4FF18003100E5FFF5
:104A580018003200E7FF18003300E8FF18003400A0
:104A6800E9FF18003500EAFF18003600EBFF1800D0
:104A78003700ECFF18003800EDFF18003900EEFF92
:104A880018003A00EFFF18003B00F0FF18003C0048
:104A9800F1FF18003D00F2FF18003E00F3FF180078
:104AA8003F00F4FF18004000F5FF18004100F6FF32
:104AB80018004200F7FF18004300F8FF18004400F0
:104AC800F9FF18004500FAFF18004600FBFF180020
:104AD8004700FCFF18004800FDFF18004900FEFFD2
:104AE80018004A00FFFF18004B00000018004C0097
:104AF800010018004D00020018004E0003001800C5
:104B08004F0004001800500005001800510006006E
:104B1800180052000700180053000800180054003D
:104B28000900180055000A00180056000B0018006C
:104B380057000C00180058000D00180059000E000E
:104B480018005A000F0018005B00100018005C00E5
:104B5800110018005D00120018005E001300180014
:104B68005F001400180060001500180061001600AE
:104B780018006200170019000100B6FF19000200B2
:104B8800B7FF19000300B8FF19000400B9FF1900A6
:104B98000500BAFF19000600BBFF19000700BCFF9B
:104BA80019000800BDFF19000900BEFF19000A001E
:104BB800BFFF19000B00C0FF19000C00C1FF19004E
:104BC8000D00C2FF19000E00C3FF19000F00C4FF3B
:104BD80019001000C5FF19001100C6FF19001200C6
:104BE800C7FF19001300C8FF19001400C9FF1900F6
:104BF8001500CAFF19001600CBFF19001700CCFFDB
:104C080019001800CDFF19001900CEFF19001A006D
:104C1800CFFF19001B00D0FF19001C00D1FF19009D
:104C28001D00D2FF19001E00D3FF19001F00D4FF7A
:104C380019002000D5FF19002100D6FF1900220015
:104C4800D7FF19002300D8FF19002400D9FF190045
:104C58002500DAFF19002600DBFF19002700DCFF1A
:104C680019002800DDFF19002900DEFF19002A00BD
:104C7800DFFF19002B00E0FF19002C00E1FF1900ED
:104C88002D00E2FF19002E00E3FF19002F00E4FFBA
:104C980019003000E5FF19003100E6FF1900320065
:104CA800E8FF19003300E9FF19003400EAFF190092
:104CB8003500EBFF19003600ECFF19003700EDFF57
:104CC80019003800EEFF19003900EFFF19003A000B
:104CD800F0FF19003B00F1FF19003C00F2FF19003A
:104CE8003D00F3FF19003E00F4FF19003F00F5FFF7
:104CF80019004000F6FF19004100F7FF19004200B3
:104D0800F8FF19004300F9FF19004400FAFF1900E1
:104D18004500FBFF19004600FCFF19004700FDFF96
:104D280019004800FEFF19004900FFFF19004A005A
:104D3800000019004B00010019004C000200190086
:104D48004D00030019004E00040019004F00050033
:104D58001900500006001900510007001900520000
:104D68000800190053000900190054000A0019002E
:104D780055000B00190056000C00190057000D00D3
:104D8800190058000E00190059000F0019005A00A8
:104D9800100019005B00110019005C0012001900D6
:104DA8005D00130019005E00140019005F00150073
:104DB8001900600016001900610017001900620050
:104DC80018001A000100B7FF1A000200B8FF1A0005
:104DD8000300B9FF1A000400BAFF1A000500BBFF60
:104DE8001A000600BCFF1A000700BDFF1A000800E1
:104DF800BEFF1A000900BFFF1A000A00C0FF1A0010
:104E08000B00C1FF1A000C00C2FF1A000D00C3FFFF
:104E18001A000E00C4FF1A000F00C5FF1A00100088
:104E2800C6FF1A001100C7FF1A001200C8FF1A00B7
:104E38001300C9FF1A001400CAFF1A001500CBFF9F
:104E48001A001600CCFF1A001700CDFF1A00180030
:104E5800CEFF1A001900CFFF1A001A00D0FF1A005F
:104E68001B00D1FF1A001C00D2FF1A001D00D3FF3F
:104E78001A001E00D4FF1A001F00D5FF1A002000D8
:104E8800D6FF1A002100D7FF1A002200D8FF1A0007
:104E98002300D9FF1A002400DAFF1A002500DBFFDF
:104EA8001A002600DCFF1A002700DDFF1A00280080
:104EB800DEFF1A002900DFFF1A002A00E0FF1A00AF
:104EC8002B00E1FF1A002C00E2FF1A002D00E3FF7F
:104ED8001A002E00E4FF1A002F00E5FF1A00300028
:104EE800E6FF1A003100E7FF1A003200E9FF1A0056
:104EF8003300EAFF1A003400EBFF1A003500ECFF1C
:104F08001A003600EDFF1A003700EEFF1A003800CD
:104F1800EFFF1A003900F0FF1A003A00F1FF1A00FB
:104F28003B00F2FF1A003C00F3FF1A003D00F4FFBB
:104F38001A003E00F5FF1A003F00F6FF1A00400075
:104F4800F7FF1A004100F8FF1A004200F9FF1A00A3
:104F58004300FAFF1A004400FBFF1A004500FCFF5B
:104F68001A004600FDFF1A004700FEFF1A0048001D
:104F7800FFFF1A00490000001A004A0001001A0049
:104F88004B0002001A004C0003001A004D000400F8
:104F98001A004E0005001A004F0006001A005000C3
:104FA80007001A00510008001A00520009001A00F0
:104FB80053000A001A0054000B001A0055000C0098
:104FC8001A0056000D001A0057000E001A0058006B
:104FD8000F001A00590010001A005A0011001A0098
:104FE8005B0012001A005C0013001A005D00140038
:104FF8001A005E0015001A005F0016001A00600013
:1050080017001A00610018001A00620019001B003E
:105018000100B8FF1B000200B9FF1B000300BAFF24
:105028001B000400BBFF1B000500BCFF1B000600A3
:10503800BDFF1B000700BEFF1B000800BFFF1B00D1
:105048000900C0FF1B000A00C1FF1B000B00C2FFC4
:105058001B000C00C3FF1B000D00C4FF1B000E004B
:10506800C5FF1B000F00C6FF1B001000C7FF1B0079
:105078001100C8FF1B001200C9FF1B001300CAFF64
:105088001B001400CBFF1B001500CCFF1B001600F3
:10509800CDFF1B001700CEFF1B001800CFFF1B0021
:1050A8001900D0FF1B001A00D1FF1B001B00D2FF04
:1050B8001B001C00D3FF1B001D00D4FF1B001E009B
:1050C800D5FF1B001F00D6FF1B002000D7FF1B00C9
:1050D8002100D8FF1B002200D9FF1B002300DAFFA4
:1050E8001B002400DBFF1B002500DCFF1B00260043
:1050F800DDFF1B002700DEFF1B002800DFFF1B0071
:105108002900E0FF1B002A00E1FF1B002B00E2FF43
:105118001B002C00E3FF1B002D00E4FF1B002E00EA
:10512800E5FF1B002F00E6FF1B003000E7FF1B0018
:105138003100E8FF1B003200EAFF1B003300EBFFE1
:105148001B003400ECFF1B003500EDFF1B00360090
:10515800EEFF1B003700EFFF1B003800F0FF1B00BD
:105168003900F1FF1B003A00F2FF1B003B00F3FF80
:105178001B003C00F4FF1B003D00F5FF1B003E0038
:10518800F6FF1B003F00F7FF1B004000F8FF1B0065
:105198004100F9FF1B004200FAFF1B004300FBFF20
:1051A8001B004400FCFF1B004500FDFF1B004600E0
:1051B800FEFF1B004700FFFF1B00480000001B000C
:1051C800490001001B004A0002001B004B000300BD
:1051D8001B004C0004001B004D0005001B004E0086
:1051E80006001B004F0007001B00500008001B00B2
:1051F800510009001B0052000A001B0053000B005D
:105208001B0054000C001B0055000D001B0056002D
:105218000E001B0057000F001B00580010001B0059
:10522800590011001B005A0012001B005B001300FC
:105238001B005C0014001B005D0015001B005E00D5
:1052480016001B005F0017001B00600018001B0001
:10525800610019001B0062001A001C000100B9FF60
:105268001C000200BAFF1C000300BBFF1C00040066
:10527800BCFF1C000500BDFF1C000600BEFF1C0093
:105288000700BFFF1C000800C0FF1C000900C1FF89
:105298001C000A00C2FF1C000B00C3FF1C000C000E
:1052A800C4FF1C000D00C5FF1C000E00C6FF1C003B
:1052B8000F00C7FF1C001000C8FF1C001100C9FF29
:1052C8001C001200CAFF1C001300CBFF1C001400B6
:1052D800CCFF1C001500CDFF1C001600CEFF1C00E3
:1052E8001700CFFF1C001800D0FF1C001900D1FFC9
:1052F8001C001A00D2FF1C001B00D3FF1C001C005E
:10530800D4FF1C001D00D5FF1C001E00D6FF1C008A
:105318001F00D7FF1C002000D8FF1C002100D9FF68
:105328001C002200DAFF1C002300DBFF1C00240005
:10533800DCFF1C002500DDFF1C002600DEFF1C0032
:105348002700DFFF1C002800E0FF1C002900E1FF08
:105358001C002A00E2FF1C002B00E3FF1C002C00AD
:10536800E4FF1C002D00E5FF1C002E00E6FF1C00DA
:105378002F00E7FF1C003000E8FF1C003100E9FFA8
:105388001C003200EBFF1C003300ECFF1C00340053
:10539800EDFF1C003500EEFF1C003600EFFF1C007F
:1053A8003700F0FF1C003800F1FF1C003900F2FF45
:1053B8001C003A00F3FF1C003B00F4FF1C003C00FB
:1053C800F5FF1C003D00F6FF1C003E00F7FF1C0027
:1053D8003F00F8FF1C004000F9FF1C004100FAFFE5
:1053E8001C004200FBFF1C004300FCFF1C004400A3
:1053F800FDFF1C004500FEFF1C004600FFFF1C00CF
:10540800470000001C00480001001C004900020081
:105418001C004A0003001C004B0004001C004C0048
:1054280005001C004D0006001C004E0007001C0073
:105438004F0008001C00500009001C0051000A0021
:105448001C0052000B001C0053000C001C005400F0
:105458000D001C0055000E001C0056000F001C001B
:10546800570010001C00580011001C0059001200C1
:105478001C005A0013001C005B0014001C005C0098
:1054880015001C005D0016001C005E0017001C00C3
:105498005F0018001C00600019001C0061001A0061
:1054A8001C0062001B001D000100BAFF1D00020065
:1054B800BBFF1D000300BCFF1D000400BDFF1D0055
:1054C8000500BEFF1D000600BFFF1D000700C0FF4E
:1054D8001D000800C1FF1D000900C2FF1D000A00D1
:1054E800C3FF1D000B00C4FF1D000C00C5FF1D00FD
:1054F8000D00C6FF1D000E00C7FF1D000F00C8FFEE
:105508001D001000C9FF1D001100CAFF1D00120078
:10551800CBFF1D001300CCFF1D001400CDFF1D00A4
:105528001500CEFF1D001600CFFF1D001700D0FF8D
:105538001D001800D1FF1D001900D2FF1D001A0020
:10554800D3FF1D001B00D4FF1D001C00D5FF1D004C
:105558001D00D6FF1D001E00D7FF1D001F00D8FF2D
:105568001D002000D9FF1D002100DAFF1D002200C8
:10557800DBFF1D002300DCFF1D002400DDFF1D00F4
:105588002500DEFF1D002600DFFF1D002700E0FFCD
:105598001D002800E1FF1D002900E2FF1D002A0070
:1055A800E3FF1D002B00E4FF1D002C00E5FF1D009C
:1055B8002D00E6FF1D002E00E7FF1D002F00E8FF6D
:1055C8001D003000E9FF1D003100EAFF1D00320018
:1055D800ECFF1D003300EDFF1D003400EEFF1D0041
:1055E8003500EFFF1D003600F0FF1D003700F1FF0A
:1055F8001D003800F2FF1D003900F3FF1D003A00BE
:10560800F4FF1D003B00F5FF1D003C00F6FF1D00E8
:105618003D00F7FF1D003E00F8FF1D003F00F9FFA9
:105628001D004000FAFF1D004100FBFF1D00420065
:10563800FCFF1D004300FDFF1D004400FEFF1D0090
:105648004500FFFF1D00460000001D004700010047
:105658001D00480002001D00490003001D004A000B
:1056680004001D004B0005001D004C0006001D0035
:105678004D0007001D004E0008001D004F000900E6
:105688001D0050000A001D0051000B001D005200B3
:105698000C001D0053000D001D0054000E001D00DD
:1056A80055000F001D00560010001D005700110086
:1056B8001D00580012001D00590013001D005A005B
:1056C80014001D005B0015001D005C0016001D0085
:1056D8005D0017001D005E0018001D005F00190026
:1056E8001D0060001A001D0061001B001D00620003
:1056F8001C001E000100BBFF1E000200BCFF1E00B4
:105708000300BDFF1E000400BEFF1E000500BFFF12
:105718001E000600C0FF1E000700C1FF1E00080093
:10572800C2FF1E000900C3FF1E000A00C4FF1E00BE
:105738000B00C5FF1E000C00C6FF1E000D00C7FFB2
:105748001E000E00C8FF1E000F00C9FF1E0010003B
:10575800CAFF1E001100CBFF1E001200CCFF1E0066
:105768001300CDFF1E001400CEFF1E001500CFFF52
:105778001E001600D0FF1E001700D1FF1E001800E3
:10578800D2FF1E001900D3FF1E001A00D4FF1E000E
:105798001B00D5FF1E001C00D6FF1E001D00D7FFF2
:1057A8001E001E00D8FF1E001F00D9FF1E0020008B
:1057B800DAFF1E002100DBFF1E002200DCFF1E00B6
:1057C8002300DDFF1E002400DEFF1E002500DFFF92
:1057D8001E002600E0FF1E002700E1FF1E00280033
:1057E800E2FF1E002900E3FF1E002A00E4FF1E005E
:1057F8002B00E5FF1E002C00E6FF1E002D00E7FF32
:105808001E002E00E8FF1E002F00E9FF1E003000DA
:10581800EAFF1E003100EBFF1E003200EDFF1E0004
:105828003300EEFF1E003400EFFF1E003500F0FFCE
:105838001E003600F1FF1E003700F2FF1E00380080
:10584800F3FF1E003900F4FF1E003A00F5FF1E00AA
:105858003B00F6FF1E003C00F7FF1E003D00F8FF6E
:105868001E003E00F9FF1E003F00FAFF1E00400028
:10587800FBFF1E004100FCFF1E004200FDFF1E0052
:105888004300FEFF1E004400FFFF1E00450000000D
:105898001E00460001001E00470002001E004800CE
:1058A80003001E00490004001E004A0005001E00F7
:1058B8004B0006001E004C0007001E004D000800AB
:1058C8001E004E0009001E004F000A001E00500076
:1058D8000B001E0051000C001E0052000D001E009F
:1058E80053000E001E0054000F001E00550010004B
:1058F8001E00560011001E00570012001E0058001E
:1059080013001E00590014001E005A0015001E0046
:105918005B0016001E005C0017001E005D001800EA
:105928001E005E0019001E005F001A001E006000C5
:105938001B001E0061001C001E0062001D001F00ED
:105948000100BCFF1F000200BDFF1F000300BEFFD7
:105958001F000400BFFF1F000500C0FF1F00060056
:10596800C1FF1F000700C2FF1F000800C3FF1F0080
:105978000900C4FF1F000A00C5FF1F000B00C6FF77
:105988001F000C00C7FF1F000D00C8FF1F000E00FE
:10599800C9FF1F000F00CAFF1F001000CBFF1F0028
:1059A8001100CCFF1F001200CDFF1F001300CEFF17
:1059B8001F001400CFFF1F001500D0FF1F001600A6
:1059C800D1FF1F001700D2FF1F001800D3FF1F00D0
:1059D8001900D4FF1F001A00D5FF1F001B00D6FFB7
:1059E8001F001C00D7FF1F001D00D8FF1F001E004E
:1059F800D9FF1F001F00DAFF1F002000DBFF1F0078
:105A08002100DCFF1F002200DDFF1F002300DEFF56
:105A18001F002400DFFF1F002500E0FF1F002600F5
:105A2800E1FF1F002700E2FF1F002800E3FF1F001F
:105A38002900E4FF1F002A00E5FF1F002B00E6FFF6
:105A48001F002C00E7FF1F002D00E8FF1F002E009D
:105A5800E9FF1F002F00EAFF1F003000EBFF1F00C7
:105A68003100ECFF1F003200EEFF1F003300EFFF94
:105A78001F003400F0FF1F003500F1FF1F00360043
:105A8800F2FF1F003700F3FF1F003800F4FF1F006C
:105A98003900F5FF1F003A00F6FF1F003B00F7FF33
:105AA8001F003C00F8FF1F003D00F9FF1F003E00EB
:105AB800FAFF1F003F00FBFF1F004000FCFF1F0014
:105AC8004100FDFF1F004200FEFF1F004300FFFFD3
:105AD8001F00440000001F00450001001F00460091
:105AE80002001F00470003001F00480004001F00B9
:105AF800490005001F004A0006001F004B00070070
:105B08001F004C0008001F004D0009001F004E0038
:105B18000A001F004F000B001F0050000C001F0060
:105B280051000D001F0052000E001F0053000F000F
:105B38001F00540010001F00550011001F005600E0
:105B480012001F00570013001F00580014001F0008
:105B5800590015001F005A0016001F005B001700AF
:105B68001F005C0018001F005D0019001F005E0088
:105B78001A001F005F001B001F0060001C001F00B0
:105B880061001D001F0062001E0020000100BDFF13
:105B980020000200BEFF20000300BFFF2000040019
:105BA800C0FF20000500C1FF20000600C2FF200042
:105BB8000700C3FF20000800C4FF20000900C5FF3C
:105BC80020000A00C6FF20000B00C7FF20000C00C1
:105BD800C8FF20000D00C9FF20000E00CAFF2000EA
:105BE8000F00CBFF20001000CCFF20001100CDFFDC
:105BF80020001200CEFF20001300CFFF2000140069
:105C0800D0FF20001500D1FF20001600D2FF200091
:105C18001700D3FF20001800D4FF20001900D5FF7B
:105C280020001A00D6FF20001B00D7FF20001C0010
:105C3800D8FF20001D00D9FF20001E00DAFF200039
:105C48001F00DBFF20002000DCFF20002100DDFF1B
:105C580020002200DEFF20002300DFFF20002400B8
:105C6800E0FF20002500E1FF20002600E2FF2000E1
:105C78002700E3FF20002800E4FF20002900E5FFBB
:105C880020002A00E6FF20002B00E7FF20002C0060
:105C9800E8FF20002D00E9FF20002E00EAFF200089
:105CA8002F00EBFF20003000ECFF20003100EDFF5B
:105CB80020003200EFFF20003300F0FF2000340006
:105CC800F1FF20003500F2FF20003600F3FF20002E
:105CD8003700F4FF20003800F5FF20003900F6FFF8
:105CE80020003A00F7FF20003B00F8FF20003C00AE
:105CF800F9FF20003D00FAFF20003E00FBFF2000D6
:105D08003F00FCFF20004000FDFF20004100FEFF97
:105D180020004200FFFF2000430000002000440054
:105D2800010020004500020020004600030020007A
:105D38004700040020004800050020004900060034
:105D480020004A00070020004B00080020004C00FB
:105D5800090020004D000A0020004E000B00200022
:105D68004F000C00200050000D00200051000E00D4
:105D7800200052000F0020005300100020005400A3
:105D880011002000550012002000560013002000CA
:105D98005700140020005800150020005900160074
:105DA80020005A00170020005B00180020005C004B
:105DB800190020005D001A0020005E001B00200072
:105DC8005F001C00200060001D00200061001E0014
:105DD800200062001F0021000100BEFF2100020018
:105DE800BFFF21000300C0FF21000400C1FF210004
:105DF8000500C2FF21000600C3FF21000700C4FF01
:105E080021000800C5FF21000900C6FF21000A0083
:105E1800C7FF21000B00C8FF21000C00C9FF2100AB
:105E28000D00CAFF21000E00CBFF21000F00CCFFA0
:105E380021001000CDFF21001100CEFF210012002B
:105E4800CFFF21001300D0FF21001400D1FF210053
:105E58001500D2FF21001600D3FF21001700D4FF40
:105E680021001800D5FF21001900D6FF21001A00D3
:105E7800D7FF21001B00D8FF21001C00D9FF2100FB
:105E88001D00DAFF21001E00DBFF21001F00DCFFE0
:105E980021002000DDFF21002100DEFF210022007B
:105EA800DFFF21002300E0FF21002400E1FF2100A3
:105EB8002500E2FF21002600E3FF21002700E4FF80
:105EC80021002800E5FF21002900E6FF21002A0023
:105ED800E7FF21002B00E8FF21002C00E9FF21004B
:105EE8002D00EAFF21002E00EBFF21002F00ECFF20
:105EF80021003000EDFF21003100EEFF21003200CB
:105F0800F0FF21003300F1FF21003400F2FF2100EF
:105F18003500F3FF21003600F4FF21003700F5FFBC
:105F280021003800F6FF21003900F7FF21003A0070
:105F3800F8FF21003B00F9FF21003C00FAFF210097
:105F48003D00FBFF21003E00FCFF21003F00FDFF5C
:105F580021004000FEFF21004100FFFF2100420018
:105F6800000021004300010021004400020021003C
:105F780045000300210046000400210047000500F9
:105F880021004800060021004900070021004A00BE
:105F9800080021004B00090021004C000A002100E4
:105FA8004D000B0021004E000C0021004F000D0099
:105FB800210050000E00210051000F002100520066
:105FC800100021005300110021005400120021008C
:105FD8005500130021005600140021005700150039
:105FE80021005800160021005900170021005A000E
:105FF800180021005B00190021005C001A00210034
:106008005D001B0021005E001C0021005F001D00D8
:10601800210060001E00210061001F0021006200B5
:10602800200022000100BFFF22000200C0FF220062
:106038000300C1FF22000400C2FF22000500C3FFC5
:1060480022000600C4FF22000700C5FF2200080046
:10605800C6FF22000900C7FF22000A00C8FF22006D
:106068000B00C9FF22000C00CAFF22000D00CBFF65
:1060780022000E00CCFF22000F00CDFF22001000EE
:10608800CEFF22001100CFFF22001200D0FF220015
:106098001300D1FF22001400D2FF22001500D3FF05
:1060A80022001600D4FF22001700D5FF2200180096
:1060B800D6FF22001900D7FF22001A00D8FF2200BD
:1060C8001B00D9FF22001C00DAFF22001D00DBFFA5
:1060D80022001E00DCFF22001F00DDFF220020003E
:1060E800DEFF22002100DFFF22002200E0FF220065
:1060F8002300E1FF22002400E2FF22002500E3FF45
:1061080022002600E4FF22002700E5FF22002800E5
:10611800E6FF22002900E7FF22002A00E8FF22000C
:106128002B00E9FF22002C00EAFF22002D00EBFFE4
:1061380022002E00ECFF22002F00EDFF220030008D
:10614800EEFF22003100EFFF22003200F1FF2200B3
:106158003300F2FF22003400F3FF22003500F4FF81
:1061680022003600F5FF22003700F6FF2200380033
:10617800F7FF22003900F8FF22003A00F9FF220059
:106188003B00FAFF22003C00FBFF22003D00FCFF21
:1061980022003E00FDFF22003F00FEFF22004000DB
:1061A800FFFF2200410000002200420001002200FF
:1061B80043000200220044000300220045000400BE
:1061C8002200460005002200470006002200480081
:1061D800070022004900080022004A0009002200A6
:1061E8004B000A0022004C000B0022004D000C005E
:1061F80022004E000D0022004F000E002200500029
:106208000F0022005100100022005200110022004D
:1062180053001200220054001300220055001400FD
:1062280022005600150022005700160022005800D0
:10623800170022005900180022005A0019002200F5
:106248005B001A0022005C001B0022005D001C009D
:1062580022005E001D0022005F001E002200600078
:106268001F0022006100200022006200210023009C
:106278000100C0FF23000200C1FF23000300C2FF8A
:1062880023000400C3FF23000500C4FF2300060009
:10629800C5FF23000700C6FF23000800C7FF23002F
:1062A8000900C8FF23000A00C9FF23000B00CAFF2A
:1062B80023000C00CBFF23000D00CCFF23000E00B1
:1062C800CDFF23000F00CEFF23001000CFFF2300D7
:1062D8001100D0FF23001200D1FF23001300D2FFCA
:1062E80023001400D3FF23001500D4FF2300160059
:1062F800D5FF23001700D6FF23001800D7FF23007F
:106308001900D8FF23001A00D9FF23001B00DAFF69
:1063180023001C00DBFF23001D00DCFF23001E0000
:10632800DDFF23001F00DEFF23002000DFFF230026
:106338002100E0FF23002200E1FF23002300E2FF09
:1063480023002400E3FF23002500E4FF23002600A8
:10635800E5FF23002700E6FF23002800E7FF2300CE
:106368002900E8FF23002A00E9FF23002B00EAFFA9
:1063780023002C00EBFF23002D00ECFF23002E0050
:10638800EDFF23002F00EEFF23003000EFFF230076
:106398003100F0FF23003200F2FF23003300F3FF47
:1063A80023003400F4FF23003500F5FF23003600F6
:1063B800F6FF23003700F7FF23003800F8FF23001B
:1063C8003900F9FF23003A00FAFF23003B00FBFFE6
:1063D80023003C00FCFF23003D00FDFF23003E009E
:1063E800FEFF23003F00FFFF2300400000002300C2
:1063F8004100010023004200020023004300030083
:106408002300440004002300450005002300460043
:106418000600230047000700230048000800230067
:106428004900090023004A000A0023004B000B0022
:1064380023004C000C0023004D000D0023004E00EB
:106448000E0023004F000F0023005000100023000F
:1064580051001100230052001200230053001300C2
:106468002300540014002300550015002300560093
:1064780016002300570017002300580018002300B7
:106488005900190023005A001A0023005B001B0062
:1064980023005C001C0023005D001D0023005E003B
:1064A8001E0023005F001F0023006000200023005F
:1064B8006100210023006200220024000100C1FFC6
:1064C80024000200C2FF24000300C3FF24000400CC
:1064D800C4FF24000500C5FF24000600C6FF2400F1
:1064E8000700C7FF24000800C8FF24000900C9FFEF
:1064F80024000A00CAFF24000B00CBFF24000C0074
:10650800CCFF24000D00CDFF24000E00CEFF240098
:106518000F00CFFF24001000D0FF24001100D1FF8E
:1065280024001200D2FF24001300D3FF240014001B
:10653800D4FF24001500D5FF24001600D6FF240040
:106548001700D7FF24001800D8FF24001900D9FF2E
:1065580024001A00DAFF24001B00DBFF24001C00C3
:10656800DCFF24001D00DDFF24001E00DEFF2400E8
:106578001F00DFFF24002000E0FF24002100E1FFCE
:1065880024002200E2FF24002300E3FF240024006B
:10659800E4FF24002500E5FF24002600E6FF240090
:1065A8002700E7FF24002800E8FF24002900E9FF6E
:1065B80024002A00EAFF24002B00EBFF24002C0013
:1065C800ECFF24002D00EDFF24002E00EEFF240038
:1065D8002F00EFFF24003000F0FF24003100F1FF0E
:1065E80024003200F3FF24003300F4FF24003400B9
:1065F800F5FF24003500F6FF24003600F7FF2400DD
:106608003700F8FF24003800F9FF24003900FAFFAA
:1066180024003A00FBFF24003B00FCFF24003C0060
:10662800FDFF24003D00FEFF24003E00FFFF240084
:106638003F00000024004000010024004100020047
:106648002400420003002400430004002400440006
:106658000500240045000600240046000700240029
:1066680047000800240048000900240049000A00E7
:1066780024004A000B0024004B000C0024004C00AE
:106688000D0024004D000E0024004E000F002400D1
:106698004F00100024005000110024005100120087
:1066A8002400520013002400530014002400540056
:1066B8001500240055001600240056001700240079
:1066C80057001800240058001900240059001A0027
:1066D80024005A001B0024005B001C0024005C00FE
:1066E8001D0024005D001E0024005E001F00240021
:1066F8005F002000240060002100240061002200C7
:1067080024006200230025000100C2FF25000200CA
:10671800C3FF25000300C4FF25000400C5FF2500B2
:106728000500C6FF25000600C7FF25000700C8FFB3
:1067380025000800C9FF25000900CAFF25000A0036
:10674800CBFF25000B00CCFF25000C00CDFF25005A
:106758000D00CEFF25000E00CFFF25000F00D0FF53
:1067680025001000D1FF25001100D2FF25001200DE
:10677800D3FF25001300D4FF25001400D5FF250002
:106788001500D6FF25001600D7FF25001700D8FFF3
:1067980025001800D9FF25001900DAFF25001A0086
:1067A800DBFF25001B00DCFF25001C00DDFF2500AA
:1067B8001D00DEFF25001E00DFFF25001F00E0FF93
:1067C80025002000E1FF25002100E2FF250022002E
:1067D800E3FF25002300E4FF25002400E5FF250052
:1067E8002500E6FF25002600E7FF25002700E8FF33
:1067F80025002800E9FF25002900EAFF25002A00D6
:10680800EBFF25002B00ECFF25002C00EDFF2500F9
:106818002D00EEFF25002E00EFFF25002F00F0FFD2
:1068280025003000F1FF25003100F2FF250032007D
:10683800F4FF25003300F5FF25003400F6FF25009E
:106848003500F7FF25003600F8FF25003700F9FF6F
:1068580025003800FAFF25003900FBFF25003A0023
:10686800FCFF25003B00FDFF25003C00FEFF250046
:106878003D00FFFF25003E00000025003F0001000D
:1068880025004000020025004100030025004200C9
:1068980004002500430005002500440006002500EB
:1068A80045000700250046000800250047000900AC
:1068B800250048000A00250049000B0025004A0071
:1068C8000C0025004B000D0025004C000E00250093
:1068D8004D000F0025004E00100025004F0011004C
:1068E8002500500012002500510013002500520019
:1068F800140025005300150025005400160025003B
:1069080055001700250056001800250057001900EB
:10691800250058001A00250059001B0025005A00C0
:106928001C0025005B001D0025005C001E002500E2
:106938005D001F0025005E00200025005F0021008B
:106948002500600022002500610023002500620068
:10695800240026000100C3FF26000200C4FF260011
:106968000300C5FF26000400C6FF26000500C7FF78
:1069780026000600C8FF26000700C9FF26000800F9
:10698800CAFF26000900CBFF26000A00CCFF26001C
:106998000B00CDFF26000C00CEFF26000D00CFFF18
:1069A80026000E00D0FF26000F00D1FF26001000A1
:1069B800D2FF26001100D3FF26001200D4FF2600C4
:1069C8001300D5FF26001400D6FF26001500D7FFB8
:1069D80026001600D8FF26001700D9FF2600180049
:1069E800DAFF26001900DBFF26001A00DCFF26006C
:1069F8001B00DDFF26001C00DEFF26001D00DFFF58
:106A080026001E00E0FF26001F00E1FF26002000F0
:106A1800E2FF26002100E3FF26002200E4FF260013
:106A28002300E5FF26002400E6FF26002500E7FFF7
:106A380026002600E8FF26002700E9FF2600280098
:106A4800EAFF26002900EBFF26002A00ECFF2600BB
:106A58002B00EDFF26002C00EEFF26002D00EFFF97
:106A680026002E00F0FF26002F00F1FF2600300040
:106A7800F2FF26003100F3FF26003200F5FF260062
:106A88003300F6FF26003400F7FF26003500F8FF34
:106A980026003600F9FF26003700FAFF26003800E6
:106AA800FBFF26003900FCFF26003A00FDFF260008
:106AB8003B00FEFF26003C00FFFF26003D000000D3
:106AC80026003E00010026003F000200260040008C
:106AD80003002600410004002600420005002600AD
:106AE8004300060026004400070026004500080071
:106AF800260046000900260047000A002600480034
:106B08000B00260049000C0026004A000D00260054
:106B18004B000E0026004C000F0026004D00100010
:106B280026004E00110026004F00120026005000DB
:106B380013002600510014002600520015002600FC
:106B480053001600260054001700260055001800B0
:106B5800260056001900260057001A002600580083
:106B68001B00260059001C0026005A001D002600A4
:106B78005B001E0026005C001F0026005D00200050
:106B880026005E00210026005F002200260060002B
:106B9800230026006100240026006200250027004B
:106BA8000100C4FF27000200C5FF27000300C6FF3D
:106BB80027000400C7FF27000500C8FF27000600BC
:106BC800C9FF27000700CAFF27000800CBFF2700DE
:106BD8000900CCFF27000A00CDFF27000B00CEFFDD
:106BE80027000C00CFFF27000D00D0FF27000E0064
:106BF800D1FF27000F00D2FF27001000D3FF270086
:106C08001100D4FF27001200D5FF27001300D6FF7C
:106C180027001400D7FF27001500D8FF270016000B
:106C2800D9FF27001700DAFF27001800DBFF27002D
:106C38001900DCFF27001A00DDFF27001B00DEFF1C
:106C480027001C00DFFF27001D00E0FF27001E00B3
:106C5800E1FF27001F00E2FF27002000E3FF2700D5
:106C68002100E4FF27002200E5FF27002300E6FFBC
:106C780027002400E7FF27002500E8FF270026005B
:106C8800E9FF27002700EAFF27002800EBFF27007D
:106C98002900ECFF27002A00EDFF27002B00EEFF5C
:106CA80027002C00EFFF27002D00F0FF27002E0003
:106CB800F1FF27002F00F2FF27003000F3FF270025
:106CC8003100F4FF27003200F6FF27003300F7FFFA
:106CD80027003400F8FF27003500F9FF27003600A9
:106CE800FAFF27003700FBFF27003800FCFF2700CA
:106CF8003900FDFF27003A00FEFF27003B00FFFF99
:106D080027003C00000027003D00010027003E004E
:106D1800020027003F00030027004000040027006E
:106D28004100050027004200060027004300070035
:106D380027004400080027004500090027004600F6
:106D48000A00270047000B00270048000C00270016
:106D580049000D0027004A000E0027004B000F00D5
:106D680027004C00100027004D00110027004E009E
:106D7800120027004F0013002700500014002700BE
:106D88005100150027005200160027005300170075
:106D98002700540018002700550019002700560046
:106DA8001A00270057001B00270058001C00270066
:106DB80059001D0027005A001E0027005B001F0015
:106DC80027005C00200027005D00210027005E00EE
:106DD800220027005F00230027006000240027000E
:106DE8006100250027006200260028000100C5FF79
:106DF80028000200C6FF28000300C7FF280004007F
:106E0800C8FF28000500C9FF28000600CAFF28009F
:106E18000700CBFF28000800CCFF28000900CDFFA1
:106E280028000A00CEFF28000B00CFFF28000C0026
:106E3800D0FF28000D00D1FF28000E00D2FF280047
:106E48000F00D3FF28001000D4FF28001100D5FF41
:106E580028001200D6FF28001300D7FF28001400CE
:106E6800D8FF28001500D9FF28001600DAFF2800EF
:106E78001700DBFF28001800DCFF28001900DDFFE1
:106E880028001A00DEFF28001B00DFFF28001C0076
:106E9800E0FF28001D00E1FF28001E00E2FF280097
:106EA8001F00E3FF28002000E4FF28002100E5FF81
:106EB80028002200E6FF28002300E7FF280024001E
:106EC800E8FF28002500E9FF28002600EAFF28003F
:106ED8002700EBFF28002800ECFF28002900EDFF21
:106EE80028002A00EEFF28002B00EFFF28002C00C6
:106EF800F0FF28002D00F1FF28002E00F2FF2800E7
:106F08002F00F3FF28003000F4FF28003100F5FFC0
:106F180028003200F7FF28003300F8FF280034006B
:106F2800F9FF28003500FAFF28003600FBFF28008B
:106F38003700FCFF28003800FDFF28003900FEFF5D
:106F480028003A00FFFF28003B00000028003C0012
:106F5800010028003D00020028003E000300280030
:106F68003F000400280040000500280041000600FA
:106F780028004200070028004300080028004400B9
:106F88000900280045000A00280046000B002800D8
:106F980047000C00280048000D00280049000E009A
:106FA80028004A000F0028004B00100028004C0061
:106FB800110028004D00120028004E001300280080
:106FC8004F0014002800500015002800510016003A
:106FD8002800520017002800530018002800540009
:106FE8001900280055001A00280056001B00280028
:106FF80057001C00280058001D00280059001E00DA
:1070080028005A001F0028005B00200028005C00B0
:10701800210028005D00220028005E0023002800CF
:107028005F00240028006000250028006100260079
:1070380028006200270029000100C6FF290002007D
:10704800C7FF29000300C8FF29000400C9FF290061
:107058000500CAFF29000600CBFF29000700CCFF66
:1070680029000800CDFF29000900CEFF29000A00E9
:10707800CFFF29000B00D0FF29000C00D1FF290009
:107088000D00D2FF29000E00D3FF29000F00D4FF06
:1070980029001000D5FF29001100D6FF2900120091
:1070A800D7FF29001300D8FF29001400D9FF2900B1
:1070B8001500DAFF29001600DBFF29001700DCFFA6
:1070C80029001800DDFF29001900DEFF29001A0039
:1070D800DFFF29001B00E0FF29001C00E1FF290059
:1070E8001D00E2FF29001E00E3FF29001F00E4FF46
:1070F80029002000E5FF29002100E6FF29002200E1
:10710800E7FF29002300E8FF29002400E9FF290000
:107118002500EAFF29002600EBFF29002700ECFFE5
:1071280029002800EDFF29002900EEFF29002A0088
:10713800EFFF29002B00F0FF29002C00F1FF2900A8
:107148002D00F2FF29002E00F3FF29002F00F4FF85
:1071580029003000F5FF29003100F6FF2900320030
:10716800F8FF29003300F9FF29003400FAFF29004D
:107178003500FBFF29003600FCFF29003700FDFF22
:1071880029003800FEFF29003900FFFF29003A00D6
:10719800000029003B00010029003C0002002900F2
:1071A8003D00030029003E00040029003F000500BF
:1071B800290040000600290041000700290042007C
:1071C8000800290043000900290044000A0029009A
:1071D80045000B00290046000C00290047000D005F
:1071E800290048000E00290049000F0029004A0024
:1071F800100029004B00110029004C001200290042
:107208004D00130029004E00140029004F001500FE
:1072180029005000160029005100170029005200CB
:107228001800290053001900290054001A002900E9
:1072380055001B00290056001C00290057001D009E
:10724800290058001E00290059001F0029005A0073
:10725800200029005B00210029005C002200290091
:107268005D00230029005E00240029005F0025003E
:10727800290060002600290061002700290062001B
:1072880028002A000100C7FF2A000200C8FF2A00C0
:107298000300C9FF2A000400CAFF2A000500CBFF2B
:1072A8002A000600CCFF2A000700CDFF2A000800AC
:1072B800CEFF2A000900CFFF2A000A00D0FF2A00CB
:1072C8000B00D1FF2A000C00D2FF2A000D00D3FFCB
:1072D8002A000E00D4FF2A000F00D5FF2A00100054
:1072E800D6FF2A001100D7FF2A001200D8FF2A0073
:1072F8001300D9FF2A001400DAFF2A001500DBFF6B
:107308002A001600DCFF2A001700DDFF2A001800FB
:10731800DEFF2A001900DFFF2A001A00E0FF2A001A
:107328001B00E1FF2A001C00E2FF2A001D00E3FF0A
:107338002A001E00E4FF2A001F00E5FF2A002000A3
:10734800E6FF2A002100E7FF2A002200E8FF2A00C2
:107358002300E9FF2A002400EAFF2A002500EBFFAA
:107368002A002600ECFF2A002700EDFF2A0028004B
:10737800EEFF2A002900EFFF2A002A00F0FF2A006A
:107388002B00F1FF2A002C00F2FF2A002D00F3FF4A
:107398002A002E00F4FF2A002F00F5FF2A003000F3
:1073A800F6FF2A003100F7FF2A003200F9FF2A0011
:1073B8003300FAFF2A003400FBFF2A003500FCFFE7
:1073C8002A003600FDFF2A003700FEFF2A00380099
:1073D800FFFF2A00390000002A003A0001002A00B5
:1073E8003B0002002A003C0003002A003D00040084
:1073F8002A003E0005002A003F0006002A0040003F
:1074080007002A00410008002A00420009002A005B
:1074180043000A002A0044000B002A0045000C0023
:107428002A0046000D002A0047000E002A004800E6
:107438000F002A00490010002A004A0011002A0003
:107448004B0012002A004C0013002A004D001400C3
:107458002A004E0015002A004F0016002A0050008E
:1074680017002A00510018002A00520019002A00AB
:1074780053001A002A0054001B002A0055001C0063
:107488002A0056001D002A0057001E002A00580036
:107498001F002A00590020002A005A0021002A0053
:1074A8005B0022002A005C0023002A005D00240003
:1074B8002A005E0025002A005F0026002A006000DE
:1074C80027002A00610028002A00620029002B00FA
:1074D8000100C8FF2B000200C9FF2B000300CAFFF0
:1074E8002B000400CBFF2B000500CCFF2B0006006F
:1074F800CDFF2B000700CEFF2B000800CFFF2B008D
:107508000900D0FF2B000A00D1FF2B000B00D2FF8F
:107518002B000C00D3FF2B000D00D4FF2B000E0016
:10752800D5FF2B000F00D6FF2B001000D7FF2B0034
:107538001100D8FF2B001200D9FF2B001300DAFF2F
:107548002B001400DBFF2B001500DCFF2B001600BE
:10755800DDFF2B001700DEFF2B001800DFFF2B00DC
:107568001900E0FF2B001A00E1FF2B001B00E2FFCF
:107578002B001C00E3FF2B001D00E4FF2B001E0066
:10758800E5FF2B001F00E6FF2B002000E7FF2B0084
:107598002100E8FF2B002200E9FF2B002300EAFF6F
:1075A8002B002400EBFF2B002500ECFF2B0026000E
:1075B800EDFF2B002700EEFF2B002800EFFF2B002C
:1075C8002900F0FF2B002A00F1FF2B002B00F2FF0F
:1075D8002B002C00F3FF2B002D00F4FF2B002E00B6
:1075E800F5FF2B002F00F6FF2B003000F7FF2B00D4
:1075F8003100F8FF2B003200FAFF2B003300FBFFAD
:107608002B003400FCFF2B003500FDFF2B0036005B
:10761800FEFF2B003700FFFF2B00380000002B0077
:10762800390001002B003A0002002B003B00030048
:107638002B003C0004002B003D0005002B003E0001
:1076480006002B003F0007002B00400008002B001D
:10765800410009002B0042000A002B0043000B00E8
:107668002B0044000C002B0045000D002B004600A9
:107678000E002B0047000F002B00480010002B00C5
:10768800490011002B004A0012002B004B00130088
:107698002B004C0014002B004D0015002B004E0051
:1076A80016002B004F0017002B00500018002B006D
:1076B800510019002B0052001A002B0053001B0028
:1076C8002B0054001C002B0055001D002B005600F9
:1076D8001E002B0057001F002B00580020002B0015
:1076E800590021002B005A0022002B005B002300C8
:1076F8002B005C0024002B005D0025002B005E00A1
:1077080026002B005F0027002B00600028002B00BC
:10771800610029002B0062002A002C000100C9FF2B
:107728002C000200CAFF2C000300CBFF2C00040031
:10773800CCFF2C000500CDFF2C000600CEFF2C004E
:107748000700CFFF2C000800D0FF2C000900D1FF54
:107758002C000A00D2FF2C000B00D3FF2C000C00D9
:10776800D4FF2C000D00D5FF2C000E00D6FF2C00F6
:107778000F00D7FF2C001000D8FF2C001100D9FFF4
:107788002C001200DAFF2C001300DBFF2C00140081
:10779800DCFF2C001500DDFF2C001600DEFF2C009E
:1077A8001700DFFF2C001800E0FF2C001900E1FF94
:1077B8002C001A00E2FF2C001B00E3FF2C001C0029
:1077C800E4FF2C001D00E5FF2C001E00E6FF2C0046
:1077D8001F00E7FF2C002000E8FF2C002100E9FF34
:1077E8002C002200EAFF2C002300EBFF2C002400D1
:1077F800ECFF2C002500EDFF2C002600EEFF2C00EE
:107808002700EFFF2C002800F0FF2C002900F1FFD3
:107818002C002A00F2FF2C002B00F3FF2C002C0078
:10782800F4FF2C002D00F5FF2C002E00F6FF2C0095
:107838002F00F7FF2C003000F8FF2C003100F9FF73
:107848002C003200FBFF2C003300FCFF2C0034001E
:10785800FDFF2C003500FEFF2C003600FFFF2C003A
:10786800370000002C00380001002C00390002000D
:107878002C003A0003002C003B0004002C003C00C4
:1078880005002C003D0006002C003E0007002C00DF
:107898003F0008002C00400009002C0041000A00AD
:1078A8002C0042000B002C0043000C002C0044006C
:1078B8000D002C0045000E002C0046000F002C0087
:1078C800470010002C00480011002C00490012004D
:1078D8002C004A0013002C004B0014002C004C0014
:1078E80015002C004D0016002C004E0017002C002F
:1078F8004F0018002C00500019002C0051001A00ED
:107908002C0052001B002C0053001C002C005400BB
:107918001D002C0055001E002C0056001F002C00D6
:10792800570020002C00580021002C00590022008C
:107938002C005A0023002C005B0024002C005C0063
:1079480025002C005D0026002C005E0027002C007E
:107958005F0028002C00600029002C0061002A002C
:107968002C0062002B002D000100CAFF2D00020030
:10797800CBFF2D000300CCFF2D000400CDFF2D0010
:107988000500CEFF2D000600CFFF2D000700D0FF19
:107998002D000800D1FF2D000900D2FF2D000A009C
:1079A800D3FF2D000B00D4FF2D000C00D5FF2D00B8
:1079B8000D00D6FF2D000E00D7FF2D000F00D8FFB9
:1079C8002D001000D9FF2D001100DAFF2D00120044
:1079D800DBFF2D001300DCFF2D001400DDFF2D0060
:1079E8001500DEFF2D001600DFFF2D001700E0FF59
:1079F8002D001800E1FF2D001900E2FF2D001A00EC
:107A0800E3FF2D001B00E4FF2D001C00E5FF2D0007
:107A18001D00E6FF2D001E00E7FF2D001F00E8FFF8
:107A28002D002000E9FF2D002100EAFF2D00220093
:107A3800EBFF2D002300ECFF2D002400EDFF2D00AF
:107A48002500EEFF2D002600EFFF2D002700F0FF98
:107A58002D002800F1FF2D002900F2FF2D002A003B
:107A6800F3FF2D002B00F4FF2D002C00F5FF2D0057
:107A78002D00F6FF2D002E00F7FF2D002F00F8FF38
:107A88002D003000F9FF2D003100FAFF2D003200E3
:107A9800FCFF2D003300FDFF2D003400FEFF2D00FC
:107AA8003500FFFF2D00360000002D0037000100D3
:107AB8002D00380002002D00390003002D003A0087
:107AC80004002D003B0005002D003C0006002D00A1
:107AD8003D0007002D003E0008002D003F00090072
:107AE8002D0040000A002D0041000B002D0042002F
:107AF8000C002D0043000D002D0044000E002D0049
:107B080045000F002D00460010002D004700110011
:107B18002D00480012002D00490013002D004A00D6
:107B280014002D004B0015002D004C0016002D00F0
:107B38004D0017002D004E0018002D004F001900B1
:107B48002D0050001A002D0051001B002D0052007E
:107B58001C002D0053001D002D0054001E002D0098
:107B680055001F002D00560020002D005700210051
:107B78002D00580022002D00590023002D005A0026
:107B880024002D005B0025002D005C0026002D0040
:107B98005D0027002D005E0028002D005F002900F1
:107BA8002D0060002A002D0061002B002D006200CE
:107BB8002C002E000100CBFF2E000200CCFF2E006F
:107BC8000300CDFF2E000400CEFF2E000500CFFFDE
:107BD8002E000600D0FF2E000700D1FF2E0008005F
:107BE800D2FF2E000900D3FF2E000A00D4FF2E007A
:107BF8000B00D5FF2E000C00D6FF2E000D00D7FF7E
:107C08002E000E00D8FF2E000F00D9FF2E00100006
:107C1800DAFF2E001100DBFF2E001200DCFF2E0021
:107C28001300DDFF2E001400DEFF2E001500DFFF1D
:107C38002E001600E0FF2E001700E1FF2E001800AE
:107C4800E2FF2E001900E3FF2E001A00E4FF2E00C9
:107C58001B00E5FF2E001C00E6FF2E001D00E7FFBD
:107C68002E001E00E8FF2E001F00E9FF2E00200056
:107C7800EAFF2E002100EBFF2E002200ECFF2E0071
:107C88002300EDFF2E002400EEFF2E002500EFFF5D
:107C98002E002600F0FF2E002700F1FF2E002800FE
:107CA800F2FF2E002900F3FF2E002A00F4FF2E0019
:107CB8002B00F5FF2E002C00F6FF2E002D00F7FFFD
:107CC8002E002E00F8FF2E002F00F9FF2E003000A6
:107CD800FAFF2E003100FBFF2E003200FDFF2E00C0
:107CE8003300FEFF2E003400FFFF2E003500000099
:107CF8002E00360001002E00370002002E0038004A
:107D080003002E00390004002E003A0005002E0062
:107D18003B0006002E003C0007002E003D00080036
:107D28002E003E0009002E003F000A002E004000F1
:107D38000B002E0041000C002E0042000D002E000A
:107D480043000E002E0044000F002E0045001000D6
:107D58002E00460011002E00470012002E00480099
:107D680013002E00490014002E004A0015002E00B2
:107D78004B0016002E004C0017002E004D00180076
:107D88002E004E0019002E004F001A002E00500041
:107D98001B002E0051001C002E0052001D002E005A
:107DA80053001E002E0054001F002E005500200016
:107DB8002E00560021002E00570022002E005800E9
:107DC80023002E00590024002E005A0025002E0002
:107DD8005B0026002E005C0027002E005D002800B6
:107DE8002E005E0029002E005F002A002E00600091
:107DF8002B002E0061002C002E0062002D002F00A9
:107E08000100CCFF2F000200CDFF2F000300CEFFA2
:107E18002F000400CFFF2F000500D0FF2F00060021
:107E2800D1FF2F000700D2FF2F000800D3FF2F003B
:107E38000900D4FF2F000A00D5FF2F000B00D6FF42
:107E48002F000C00D7FF2F000D00D8FF2F000E00C9
:107E5800D9FF2F000F00DAFF2F001000DBFF2F00E3
:107E68001100DCFF2F001200DDFF2F001300DEFFE2
:107E78002F001400DFFF2F001500E0FF2F00160071
:107E8800E1FF2F001700E2FF2F001800E3FF2F008B
:107E98001900E4FF2F001A00E5FF2F001B00E6FF82
:107EA8002F001C00E7FF2F001D00E8FF2F001E0019
:107EB800E9FF2F001F00EAFF2F002000EBFF2F0033
:107EC8002100ECFF2F002200EDFF2F002300EEFF22
:107ED8002F002400EFFF2F002500F0FF2F002600C1
:107EE800F1FF2F002700F2FF2F002800F3FF2F00DB
:107EF8002900F4FF2F002A00F5FF2F002B00F6FFC2
:107F08002F002C00F7FF2F002D00F8FF2F002E0068
:107F1800F9FF2F002F00FAFF2F003000FBFF2F0082
:107F28003100FCFF2F003200FEFF2F003300FFFF5F
:107F38002F00340000002F00350001002F0036000C
:107F480002002F00370003002F00380004002F0024
:107F5800390005002F003A0006002F003B000700FB
:107F68002F003C0008002F003D0009002F003E00B4
:107F78000A002F003F000B002F0040000C002F00CC
:107F880041000D002F0042000E002F0043000F009B
:107F98002F00440010002F00450011002F0046005C
:107FA80012002F00470013002F00480014002F0074
:107FB800490015002F004A0016002F004B0017003B
:107FC8002F004C0018002F004D0019002F004E0004
:107FD8001A002F004F001B002F0050001C002F001C
:107FE80051001D002F0052001E002F0053001F00DB
:107FF8002F00540020002F00550021002F005600AC
:1080080022002F00570023002F00580024002F00C3
:10801800590025002F005A0026002F005B0027007A
:108028002F005C0028002F005D0029002F005E0053
:108038002A002F005F002B002F0060002C002F006B
:1080480061002D002F0062002E0030000100CDFFDE
:1080580030000200CEFF30000300CFFF30000400E4
:10806800D0FF30000500D1FF30000600D2FF3000FD
:108078000700D3FF30000800D4FF30000900D5FF07
:1080880030000A00D6FF30000B00D7FF30000C008C
:10809800D8FF30000D00D9FF30000E00DAFF3000A5
:1080A8000F00DBFF30001000DCFF30001100DDFFA7
:1080B80030001200DEFF30001300DFFF3000140034
:1080C800E0FF30001500E1FF30001600E2FF30004D
:1080D8001700E3FF30001800E4FF30001900E5FF47
:1080E80030001A00E6FF30001B00E7FF30001C00DC
:1080F800E8FF30001D00E9FF30001E00EAFF3000F5
:108108001F00EBFF30002000ECFF30002100EDFFE6
:1081180030002200EEFF30002300EFFF3000240083
:10812800F0FF30002500F1FF30002600F2FF30009C
:108138002700F3FF30002800F4FF30002900F5FF86
:1081480030002A00F6FF30002B00F7FF30002C002B
:10815800F8FF30002D00F9FF30002E00FAFF300044
:108168002F00FBFF30003000FCFF30003100FDFF26
:1081780030003200FFFF30003300000030003400D0
:1081880001003000350002003000360003003000E6
:1081980037000400300038000500300039000600C0
:1081A80030003A00070030003B00080030003C0077
:1081B800090030003D000A0030003E000B0030008E
:1081C8003F000C00300040000D00300041000E0060
:1081D800300042000F00300043001000300044001F
:1081E8001100300045001200300046001300300036
:1081F8004700140030004800150030004900160000
:1082080030004A00170030004B00180030004C00C6
:10821800190030004D001A0030004E001B003000DD
:108228004F001C00300050001D00300051001E009F
:10823800300052001F00300053002000300054006E
:108248002100300055002200300056002300300085
:10825800570024003000580025003000590026003F
:1082680030005A00270030005B00280030005C0016
:10827800290030005D002A0030005E002B0030002D
:108288005F002C00300060002D00300061002E00DF
:10829800300062002F0031000100CEFF31000200E3
:1082A800CFFF31000300D0FF31000400D1FF3100BF
:1082B8000500D2FF31000600D3FF31000700D4FFCC
:1082C80031000800D5FF31000900D6FF31000A004F
:1082D800D7FF31000B00D8FF31000C00D9FF310067
:1082E8000D00DAFF31000E00DBFF31000F00DCFF6C
:1082F80031001000DDFF31001100DEFF31001200F7
:10830800DFFF31001300E0FF31001400E1FF31000E
:108318001500E2FF31001600E3FF31001700E4FF0B
:1083280031001800E5FF31001900E6FF31001A009E
:10833800E7FF31001B00E8FF31001C00E9FF3100B6
:108348001D00EAFF31001E00EBFF31001F00ECFFAB
:1083580031002000EDFF31002100EEFF3100220046
:10836800EFFF31002300F0FF31002400F1FF31005E
:108378002500F2FF31002600F3FF31002700F4FF4B
:1083880031002800F5FF31002900F6FF31002A00EE
:10839800F7FF31002B00F8FF31002C00F9FF310006
:1083A8002D00FAFF31002E00FBFF31002F00FCFFEB
:1083B80031003000FDFF31003100FEFF3100320096
:1083C80000003100330001003100340002003100A8
:1083D8003500030031003600040031003700050085
:1083E80031003800060031003900070031003A003A
:1083F800080031003B00090031003C000A00310050
:108408003D000B0031003E000C0031003F000D0024
:10841800310040000E00310041000F0031004200E1
:1084280010003100430011003100440012003100F7
:1084380045001300310046001400310047001500C4
:1084480031004800160031004900170031004A0089
:10845800180031004B00190031004C001A0031009F
:108468004D001B0031004E001C0031004F001D0064
:10847800310050001E00310051001F003100520031
:108488002000310053002100310054002200310047
:108498005500230031005600240031005700250004
:1084A80031005800260031005900270031005A00D9
:1084B800280031005B00290031005C002A003100EF
:1084C8005D002B0031005E002C0031005F002D00A4
:1084D800310060002E00310061002F003100620081
:1084E800300032000100D0FF32000200D1FF32001C
:1084F8000300D2FF32000400D3FF32000500D4FF8E
:1085080032000600D5FF32000700D6FF320008000F
:10851800D7FF32000900D8FF32000A00D9FF320025
:108528000B00DAFF32000C00DBFF32000D00DCFF2D
:1085380032000E00DDFF32000F00DEFF32001000B7
:10854800DFFF32001100E0FF32001200E1FF3200CD
:108558001300E2FF32001400E3FF32001500E4FFCD
:1085680032001600E5FF32001700E6FF320018005F
:10857800E7FF32001900E8FF32001A00E9FF320075
:108588001B00EAFF32001C00EBFF32001D00ECFF6D
:1085980032001E00EDFF32001F00EEFF3200200007
:1085A800EFFF32002100F0FF32002200F1FF32001D
:1085B8002300F2FF32002400F3FF32002500F4FF0D
:1085C80032002600F5FF32002700F6FF32002800AF
:1085D800F7FF32002900F8FF32002A00F9FF3200C5
:1085E8002B00FAFF32002C00FBFF32002D00FCFFAD
:1085F80032002E00FDFF32002F00FEFF3200300057
:10860800FFFF320031000000320032000200320069
:108618003300030032003400040032003500050046
:1086280032003600060032003700070032003800FA
:10863800080032003900090032003A000A0032000E
:108648003B000B0032003C000C0032003D000D00E6
:1086580032003E000E0032003F000F0032004000A2
:1086680010003200410011003200420012003200B6
:108678004300130032004400140032004500150086
:10868800320046001600320047001700320048004A
:10869800180032004900190032004A001A0032005E
:1086A8004B001B0032004C001C0032004D001D0026
:1086B80032004E001E0032004F001F0032005000F2
:1086C8002000320051002100320052002200320006
:1086D80053002300320054002400320055002500C6
:1086E800320056002600320057002700320058009A
:1086F800280032005900290032005A002A003200AE
:108708005B002B0032005C002C0032005D002D0065
:1087180032005E002E0032005F002F003200600041
:108728003000320061003100320062003200330054
:108738000100D1FF33000200D2FF33000300D3FF52
:1087480033000400D4FF33000500D5FF33000600D2
:10875800D6FF33000700D7FF33000800D8FF3300E7
:108768000900D9FF33000A00DAFF33000B00DBFFF2
:1087780033000C00DCFF33000D00DDFF33000E007A
:10878800DEFF33000F00DFFF33001000E0FF33008F
:108798001100E1FF33001200E2FF33001300E3FF92
:1087A80033001400E4FF33001500E5FF3300160022
:1087B800E6FF33001700E7FF33001800E8FF330037
:1087C8001900E9FF33001A00EAFF33001B00EBFF32
:1087D80033001C00ECFF33001D00EDFF33001E00CA
:1087E800EEFF33001F00EFFF33002000F0FF3300DF
:1087F8002100F1FF33002200F2FF33002300F3FFD2
:1088080033002400F4FF33002500F5FF3300260071
:10881800F6FF33002700F7FF33002800F8FF330086
:108828002900F9FF33002A00FAFF33002B00FBFF71
:1088380033002C00FCFF33002D00FDFF33002E0019
:10884800FEFF33002F00FFFF33003000000033002D
:10885800310001003300320003003300330004000C
:1088680033003400050033003500060033003600BD
:1088780007003300370008003300380009003300D0
:1088880039000A0033003A000B0033003B000C00AB
:1088980033003C000D0033003D000E0033003E0065
:1088A8000F0033003F001000330040001100330078
:1088B800410012003300420013003300430014004B
:1088C800330044001500330045001600330046000D
:1088D8001700330047001800330048001900330020
:1088E80049001A0033004A001B0033004B001C00EB
:1088F80033004C001D0033004D001E0033004E00B5
:108908001F0033004F0020003300500021003300C7
:10891800510022003300520023003300530024008A
:10892800330054002500330055002600330056005C
:10893800270033005700280033005800290033006F
:1089480059002A0033005A002B0033005B002C002A
:1089580033005C002D0033005D002E0033005E0004
:108968002F0033005F003000330060003100330017
:108978006100320033006200330034000100D2FF8E
:1089880034000200D3FF34000300D4FF3400040095
:10899800D5FF34000500D6FF34000600D7FF3400A9
:1089A8000700D8FF34000800D9FF34000900DAFFB7
:1089B80034000A00DBFF34000B00DCFF34000C003D
:1089C800DDFF34000D00DEFF34000E00DFFF340051
:1089D8000F00E0FF34001000E1FF34001100E2FF57
:1089E80034001200E3FF34001300E4FF34001400E5
:1089F800E5FF34001500E6FF34001600E7FF3400F9
:108A08001700E8FF34001800E9FF34001900EAFFF6
:108A180034001A00EBFF34001B00ECFF34001C008C
:108A2800EDFF34001D00EEFF34001E00EFFF3400A0
:108A38001F00F0FF34002000F1FF34002100F2FF96
:108A480034002200F3FF34002300F4FF3400240034
:108A5800F5FF34002500F6FF34002600F7FF340048
:108A68002700F8FF34002800F9FF34002900FAFF36
:108A780034002A00FBFF34002B00FCFF34002C00DC
:108A8800FDFF34002D00FEFF34002E00FFFF3400F0
:108A98002F000000340030000100340031000200D3
:108AA8003400320004003400330005003400340080
:108AB8000600340035000700340036000800340092
:108AC80037000900340038000A00340039000B0070
:108AD80034003A000C0034003B000D0034003C0028
:108AE8000E0034003D000F0034003E00100034003A
:108AF8003F00110034004000120034004100130010
:108B080034004200140034004300150034004400CF
:108B180016003400450017003400460018003400E1
:108B280047001900340048001A00340049001B00AF
:108B380034004A001C0034004B001D0034004C0077
:108B48001E0034004D001F0034004E002000340089
:108B58004F0021003400500022003400510023004F
:108B6800340052002400340053002500340054001F
:108B78002600340055002700340056002800340031
:108B880057002900340058002A00340059002B00EF
:108B980034005A002C0034005B002D0034005C00C7
:108BA8002E0034005D002F0034005E0030003400D9
:108BB8005F0031003400600032003400610033008F
:108BC80034006200340035000100D3FF3500020094
:108BD800D4FF35000300D5FF35000400D6FF35006B
:108BE8000500D7FF35000600D8FF35000700D9FF7C
:108BF80035000800DAFF35000900DBFF35000A0000
:108C0800DCFF35000B00DDFF35000C00DEFF350012
:108C18000D00DFFF35000E00E0FF35000F00E1FF1B
:108C280035001000E2FF35001100E3FF35001200A7
:108C3800E4FF35001300E5FF35001400E6FF3500BA
:108C48001500E7FF35001600E8FF35001700E9FFBB
:108C580035001800EAFF35001900EBFF35001A004F
:108C6800ECFF35001B00EDFF35001C00EEFF350062
:108C78001D00EFFF35001E00F0FF35001F00F1FF5B
:108C880035002000F2FF35002100F3FF35002200F7
:108C9800F4FF35002300F5FF35002400F6FF35000A
:108CA8002500F7FF35002600F8FF35002700F9FFFB
:108CB80035002800FAFF35002900FBFF35002A009F
:108CC800FCFF35002B00FDFF35002C00FEFF3500B2
:108CD8002D00FFFF35002E00000035002F00010099
:108CE8003500300002003500310003003500320045
:108CF8000500350033000600350034000700350054
:108D080035000800350036000900350037000A0034
:108D1800350038000B00350039000C0035003A00EA
:108D28000D0035003B000E0035003C000F003500FB
:108D38003D00100035003E00110035003F001200D4
:108D48003500400013003500410014003500420092
:108D580015003500430016003500440017003500A3
:108D680045001800350046001900350047001A0074
:108D7800350048001B00350049001C0035004A003A
:108D88001D0035004B001E0035004C001F0035004B
:108D98004D00200035004E00210035004F00220014
:108DA80035005000230035005100240035005200E2
:108DB80025003500530026003500540027003500F3
:108DC80055002800350056002900350057002A00B4
:108DD800350058002B00350059002C0035005A008A
:108DE8002D0035005B002E0035005C002F0035009B
:108DF8005D00300035005E00310035005F00320054
:108E08003500600033003500610034003500620031
:108E1800350036000100D4FF36000200D5FF3600C9
:108E28000300D6FF36000400D7FF36000500D8FF40
:108E380036000600D9FF36000700DAFF36000800C2
:108E4800DBFF36000900DCFF36000A00DDFF3600D4
:108E58000B00DEFF36000C00DFFF36000D00E0FFE0
:108E680036000E00E1FF36000F00E2FF360010006A
:108E7800E3FF36001100E4FF36001200E5FF36007C
:108E88001300E6FF36001400E7FF36001500E8FF80
:108E980036001600E9FF36001700EAFF3600180012
:108EA800EBFF36001900ECFF36001A00EDFF360024
:108EB8001B00EEFF36001C00EFFF36001D00F0FF20
:108EC80036001E00F1FF36001F00F2FF36002000BA
:108ED800F3FF36002100F4FF36002200F5FF3600CC
:108EE8002300F6FF36002400F7FF36002500F8FFC0
:108EF80036002600F9FF36002700FAFF3600280062
:108F0800FBFF36002900FCFF36002A00FDFF360073
:108F18002B00FEFF36002C00FFFF36002D0000005E
:108F280036002E00010036002F0002003600300007
:108F38000300360031000400360032000600360017
:108F480033000700360034000800360035000900F9
:108F5800360036000A00360037000B0036003800AD
:108F68000C00360039000D0036003A000E003600BD
:108F78003B000F0036003C00100036003D00110099
:108F880036003E00120036003F0013003600400055
:108F98001400360041001500360042001600360065
:108FA8004300170036004400180036004500190039
:108FB800360046001A00360047001B0036004800FD
:108FC8001C00360049001D0036004A001E0036000D
:108FD8004B001F0036004C00200036004D002100D9
:108FE80036004E00220036004F00230036005000A5
:108FF80024003600510025003600520026003600B5
:109008005300270036005400280036005500290078
:10901800360056002A00360057002B00360058004C
:109028002C00360059002D0036005A002E0036005C
:109038005B002F0036005C00300036005D00310018
:1090480036005E00320036005F00330036006000F4
:109058003400360061003500360062003600370003
:109068000100D5FF37000200D6FF37000300D7FF05
:1090780037000400D8FF37000500D9FF3700060085
:10908800DAFF37000700DBFF37000800DCFF370096
:109098000900DDFF37000A00DEFF37000B00DFFFA5
:1090A80037000C00E0FF37000D00E1FF37000E002D
:1090B800E2FF37000F00E3FF37001000E4FF37003E
:1090C8001100E5FF37001200E6FF37001300E7FF45
:1090D80037001400E8FF37001500E9FF37001600D5
:1090E800EAFF37001700EBFF37001800ECFF3700E6
:1090F8001900EDFF37001A00EEFF37001B00EFFFE5
:1091080037001C00F0FF37001D00F1FF37001E007C
:10911800F2FF37001F00F3FF37002000F4FF37008D
:109128002100F5FF37002200F6FF37002300F7FF84
:1091380037002400F8FF37002500F9FF3700260024
:10914800FAFF37002700FBFF37002800FCFF370035
:109158002900FDFF37002A00FEFF37002B00FFFF24
:1091680037002C00000037002D00010037002E00CA
:10917800020037002F0003003700300004003700DA
:1091880031000500370032000700370033000800BF
:10919800370034000900370035000A003700360070
:1091A8000B00370037000C00370038000D0037007F
:1091B80039000E0037003A000F0037003B0010005E
:1091C80037003C00110037003D00120037003E0018
:1091D800130037003F001400370040001500370027
:1091E80041001600370042001700370043001800FE
:1091F800370044001900370045001A0037004600C0
:109208001B00370047001C00370048001D003700CE
:1092180049001E0037004A001F0037004B0020009D
:1092280037004C00210037004D00220037004E0067
:10923800230037004F002400370050002500370076
:10924800510026003700520027003700530028003D
:10925800370054002900370055002A00370056000F
:109268002B00370057002C00370058002D0037001E
:1092780059002E0037005A002F0037005B003000DD
:1092880037005C00310037005D00320037005E00B7
:10929800330037005F0034003700600035003700C6
:1092A8006100360037006200370038000100D6FF41
:1092B80038000200D7FF38000300D8FF3800040048
:1092C800D9FF38000500DAFF38000600DBFF380058
:1092D8000700DCFF38000800DDFF38000900DEFF6A
:1092E80038000A00DFFF38000B00E0FF38000C00F0
:1092F800E1FF38000D00E2FF38000E00E3FF380000
:109308000F00E4FF38001000E5FF38001100E6FF09
:1093180038001200E7FF38001300E8FF3800140097
:10932800E9FF38001500EAFF38001600EBFF3800A7
:109338001700ECFF38001800EDFF38001900EEFFA9
:1093480038001A00EFFF38001B00F0FF38001C003F
:10935800F1FF38001D00F2FF38001E00F3FF38004F
:109368001F00F4FF38002000F5FF38002100F6FF49
:1093780038002200F7FF38002300F8FF38002400E7
:10938800F9FF38002500FAFF38002600FBFF3800F7
:109398002700FCFF38002800FDFF38002900FEFFE9
:1093A80038002A00FFFF38002B00000038002C008E
:1093B800010038002D00020038002E00030038009C
:1093C8002F00040038003000050038003100060086
:1093D8003800320008003800330009003800340033
:1093E8000A00380035000B00380036000C00380041
:1093F80037000D00380038000E00380039000F0023
:1094080038003A00100038003B00110038003C00DA
:10941800120038003D00130038003E0014003800E8
:109428003F001500380040001600380041001700C2
:109438003800420018003800430019003800440082
:109448001A00380045001B00380046001C00380090
:1094580047001D00380048001E00380049001F0062
:1094680038004A00200038004B00210038004C002A
:10947800220038004D00230038004E002400380038
:109488004F00250038005000260038005100270002
:1094980038005200280038005300290038005400D2
:1094A8002A00380055002B00380056002C003800E0
:1094B80057002D00380058002E00380059002F00A2
:1094C80038005A00300038005B00310038005C007A
:1094D800320038005D00330038005E003400380088
:1094E8005F00350038006000360038006100370042
:1094F80038006200380039000100D7FF3900020047
:10950800D8FF39000300D9FF39000400DAFF390019
:109518000500DBFF39000600DCFF39000700DDFF2E
:1095280039000800DEFF39000900DFFF39000A00B2
:10953800E0FF39000B00E1FF39000C00E2FF3900C1
:109548000D00E3FF39000E00E4FF39000F00E5FFCE
:1095580039001000E6FF39001100E7FF390012005A
:10956800E8FF39001300E9FF39001400EAFF390069
:109578001500EBFF39001600ECFF39001700EDFF6E
:1095880039001800EEFF39001900EFFF39001A0002
:10959800F0FF39001B00F1FF39001C00F2FF390011
:1095A8001D00F3FF39001E00F4FF39001F00F5FF0E
:1095B80039002000F6FF39002100F7FF39002200AA
:1095C800F8FF39002300F9FF39002400FAFF3900B9
:1095D8002500FBFF39002600FCFF39002700FDFFAE
:1095E80039002800FEFF39002900FFFF39002A0052
:1095F800000039002B00010039002C00020039005E
:109608002D00030039002E00040039002F0005004A
:1096180039003000060039003100070039003200F7
:109628000900390033000A00390034000B00390002
:1096380035000C00390036000D00390037000E00E7
:10964800390038000F0039003900100039003A009D
:10965800110039003B00120039003C0013003900AA
:109668003D00140039003E00150039003F00160087
:109678003900400017003900410018003900420045
:109688001900390043001A00390044001B00390052
:1096980045001C00390046001D00390047001E0027
:1096A800390048001F0039004900200039004A00ED
:1096B800210039004B00220039004C0023003900FA
:1096C8004D00240039004E00250039004F002600C7
:1096D8003900500027003900510028003900520095
:1096E8002900390053002A00390054002B003900A2
:1096F80055002C00390056002D00390057002E0067
:10970800390058002F0039005900300039005A003C
:10971800310039005B00320039005C003300390049
:109728005D00340039005E00350039005F00360006
:1097380039006000370039006100380039006200E4
:1097480039003A000100D8FF3A000200D9FF3A0078
:109758000300DAFF3A000400DBFF3A000500DCFFF3
:109768003A000600DDFF3A000700DEFF3A00080075
:10977800DFFF3A000900E0FF3A000A00E1FF3A0083
:109788000B00E2FF3A000C00E3FF3A000D00E4FF93
:109798003A000E00E5FF3A000F00E6FF3A0010001D
:1097A800E7FF3A001100E8FF3A001200E9FF3A002B
:1097B8001300EAFF3A001400EBFF3A001500ECFF33
:1097C8003A001600EDFF3A001700EEFF3A001800C5
:1097D800EFFF3A001900F0FF3A001A00F1FF3A00D3
:1097E8001B00F2FF3A001C00F3FF3A001D00F4FFD3
:1097F8003A001E00F5FF3A001F00F6FF3A0020006D
:10980800F7FF3A002100F8FF3A002200F9FF3A007A
:109818002300FAFF3A002400FBFF3A002500FCFF72
:109828003A002600FDFF3A002700FEFF3A00280014
:10983800FFFF3A00290000003A002A0001003A0020
:109848002B0002003A002C0003003A002D0004000F
:109858003A002E0005003A002F0006003A003000BA
:1098680007003A00310008003A0032000A003A00C6
:1098780033000B003A0034000C003A0035000D00AC
:109888003A0036000E003A0037000F003A00380060
:1098980010003A00390011003A003A0012003A006C
:1098A8003B0013003A003C0014003A003D0015004C
:1098B8003A003E0016003A003F0017003A00400008
:1098C80018003A00410019003A0042001A003A0014
:1098D80043001B003A0044001C003A0045001D00EC
:1098E8003A0046001E003A0047001F003A004800B0
:1098F80020003A00490021003A004A0022003A00BC
:109908004B0023003A004C0024003A004D0025008B
:109918003A004E0026003A004F0027003A00500057
:1099280028003A00510029003A0052002A003A0063
:1099380053002B003A0054002C003A0055002D002B
:109948003A0056002E003A0057002F003A005800FF
:1099580030003A00590031003A005A0032003A000B
:109968005B0033003A005C0034003A005D003500CB
:109978003A005E0036003A005F0037003A006000A7
:1099880038003A00610039003A0062003A003B00B2
:109998000100D9FF3B000200DAFF3B000300DBFFB8
:1099A8003B000400DCFF3B000500DDFF3B00060038
:1099B800DEFF3B000700DFFF3B000800E0FF3B0045
:1099C8000900E1FF3B000A00E2FF3B000B00E3FF58
:1099D8003B000C00E4FF3B000D00E5FF3B000E00E0
:1099E800E6FF3B000F00E7FF3B001000E8FF3B00ED
:1099F8001100E9FF3B001200EAFF3B001300EBFFF8
:109A08003B001400ECFF3B001500EDFF3B00160087
:109A1800EEFF3B001700EFFF3B001800F0FF3B0094
:109A28001900F1FF3B001A00F2FF3B001B00F3FF97
:109A38003B001C00F4FF3B001D00F5FF3B001E002F
:109A4800F6FF3B001F00F7FF3B002000F8FF3B003C
:109A58002100F9FF3B002200FAFF3B002300FBFF37
:109A68003B002400FCFF3B002500FDFF3B002600D7
:109A7800FEFF3B002700FFFF3B00280000003B00E3
:109A8800290001003B002A0002003B002B000300D4
:109A98003B002C0004003B002D0005003B002E007D
:109AA80006003B002F0007003B00300008003B0089
:109AB800310009003B0032000B003B0033000C0072
:109AC8003B0034000D003B0035000E003B00360023
:109AD8000F003B00370010003B00380011003B002E
:109AE800390012003B003A0013003B003B00140011
:109AF8003B003C0015003B003D0016003B003E00CB
:109B080017003B003F0018003B00400019003B00D5
:109B180041001A003B0042001B003B0043001C00B0
:109B28003B0044001D003B0045001E003B00460072
:109B38001F003B00470020003B00480021003B007D
:109B4800490022003B004A0023003B004B00240050
:109B58003B004C0025003B004D0026003B004E001A
:109B680027003B004F0028003B00500029003B0025
:109B780051002A003B0052002B003B0053002C00F0
:109B88003B0054002D003B0055002E003B005600C2
:109B98002F003B00570030003B00580031003B00CD
:109BA800590032003B005A0033003B005B00340090
:109BB8003B005C0035003B005D0036003B005E006A
:109BC80037003B005F0038003B00600039003B0075
:109BD80061003A003B0062003B003C000100DAFFF4
:109BE8003C000200DBFF3C000300DCFF3C000400FB
:109BF800DDFF3C000500DEFF3C000600DFFF3C0007
:109C08000700E0FF3C000800E1FF3C000900E2FF1C
:109C18003C000A00E3FF3C000B00E4FF3C000C00A2
:109C2800E5FF3C000D00E6FF3C000E00E7FF3C00AE
:109C38000F00E8FF3C001000E9FF3C001100EAFFBC
:109C48003C001200EBFF3C001300ECFF3C0014004A
:109C5800EDFF3C001500EEFF3C001600EFFF3C0056
:109C68001700F0FF3C001800F1FF3C001900F2FF5C
:109C78003C001A00F3FF3C001B00F4FF3C001C00F2
:109C8800F5FF3C001D00F6FF3C001E00F7FF3C00FE
:109C98001F00F8FF3C002000F9FF3C002100FAFFFC
:109CA8003C002200FBFF3C002300FCFF3C0024009A
:109CB800FDFF3C002500FEFF3C002600FFFF3C00A6
:109CC800270000003C00280001003C002900020099
:109CD8003C002A0003003C002B0004003C002C0040
:109CE80005003C002D0006003C002E0007003C004B
:109CF8002F0008003C00300009003C0031000A0039
:109D08003C0032000C003C0033000D003C003400E5
:109D18000E003C0035000F003C00360010003C00EF
:109D2800370011003C00380012003C0039001300D5
:109D38003C003A0014003C003B0015003C003C008D
:109D480016003C003D0017003C003E0018003C0097
:109D58003F0019003C0040001A003C0041001B0075
:109D68003C0042001C003C0043001D003C00440035
:109D78001E003C0045001F003C00460020003C003F
:109D8800470021003C00480022003C004900230015
:109D98003C004A0024003C004B0025003C004C00DD
:109DA80026003C004D0027003C004E0028003C00E7
:109DB8004F0029003C0050002A003C0051002B00B5
:109DC8003C0052002C003C0053002D003C00540085
:109DD8002E003C0055002F003C00560030003C008F
:109DE800570031003C00580032003C005900330055
:109DF8003C005A0034003C005B0035003C005C002D
:109E080036003C005D0037003C005E0038003C0036
:109E18005F0039003C0060003A003C0061003B00F4
:109E28003C0062003C003D000100DBFF3D000200F9
:109E3800DCFF3D000300DDFF3D000400DEFF3D00C8
:109E48000500DFFF3D000600E0FF3D000700E1FFE1
:109E58003D000800E2FF3D000900E3FF3D000A0065
:109E6800E4FF3D000B00E5FF3D000C00E6FF3D0070
:109E78000D00E7FF3D000E00E8FF3D000F00E9FF81
:109E88003D001000EAFF3D001100EBFF3D0012000D
:109E9800ECFF3D001300EDFF3D001400EEFF3D0018
:109EA8001500EFFF3D001600F0FF3D001700F1FF21
:109EB8003D001800F2FF3D001900F3FF3D001A00B5
:109EC800F4FF3D001B00F5FF3D001C00F6FF3D00C0
:109ED8001D00F7FF3D001E00F8FF3D001F00F9FFC1
:109EE8003D002000FAFF3D002100FBFF3D0022005D
:109EF800FCFF3D002300FDFF3D002400FEFF3D0068
:109F08002500FFFF3D00260000003D00270001005E
:109F18003D00280002003D00290003003D002A0002
:109F280004003D002B0005003D002C0006003D000C
:109F38002D0007003D002E0008003D002F000900FD
:109F48003D0030000A003D0031000B003D003200AA
:109F58000D003D0033000E003D0034000F003D00B1
:109F6800350010003D00360011003D00370012009A
:109F78003D00380013003D00390014003D003A0050
:109F880015003D003B0016003D003C0017003D0059
:109F98003D0018003D003E0019003D003F001A003A
:109FA8003D0040001B003D0041001C003D004200F8
:109FB8001D003D0043001E003D0044001F003D0001
:109FC800450020003D00460021003D0047002200DA
:109FD8003D00480023003D00490024003D004A00A0
:109FE80025003D004B0026003D004C0027003D00A9
:109FF8004D0028003D004E0029003D004F002A007A
:10A008003D0050002B003D0051002C003D00520047
:10A018002D003D0053002E003D0054002F003D0050
:10A02800550030003D00560031003D005700320019
:10A038003D00580033003D00590034003D005A00EF
:10A0480035003D005B0036003D005C0037003D00F8
:10A058005D0038003D005E0039003D005F003A00B9
:10A068003D0060003B003D0061003C003D00620097
:10A078003D003E000100DCFF3E000200DDFF3E0027
:10A088000300DEFF3E000400DFFF3E000500E0FFA6
:10A098003E000600E1FF3E000700E2FF3E00080028
:10A0A800E3FF3E000900E4FF3E000A00E5FF3E0032
:10A0B8000B00E6FF3E000C00E7FF3E000D00E8FF46
:10A0C8003E000E00E9FF3E000F00EAFF3E001000D0
:10A0D800EBFF3E001100ECFF3E001200EDFF3E00DA
:10A0E8001300EEFF3E001400EFFF3E001500F0FFE6
:10A0F8003E001600F1FF3E001700F2FF3E00180078
:10A10800F3FF3E001900F4FF3E001A00F5FF3E0081
:10A118001B00F6FF3E001C00F7FF3E001D00F8FF85
:10A128003E001E00F9FF3E001F00FAFF3E0020001F
:10A13800FBFF3E002100FCFF3E002200FDFF3E0029
:10A148002300FEFF3E002400FFFF3E002500000024
:10A158003E00260001003E00270002003E002800C5
:10A1680003003E00290004003E002A0005003E00CE
:10A178002B0006003E002C0007003E002D000800C2
:10A188003E002E0009003E002F000A003E0030006D
:10A198000B003E0031000C003E0032000E003E0075
:10A1A80033000F003E00340010003E00350011005F
:10A1B8003E00360012003E00370013003E00380013
:10A1C80014003E00390015003E003A0016003E001B
:10A1D8003B0017003E003C0018003E003D001900FF
:10A1E8003E003E001A003E003F001B003E004000BB
:10A1F8001C003E0041001D003E0042001E003E00C3
:10A2080043001F003E00440020003E00450021009E
:10A218003E00460022003E00470023003E00480062
:10A2280024003E00490025003E004A0026003E006A
:10A238004B0027003E004C0028003E004D0029003E
:10A248003E004E002A003E004F002B003E0050000A
:10A258002C003E0051002D003E0052002E003E0012
:10A2680053002F003E00540030003E0055003100DE
:10A278003E00560032003E00570033003E005800B2
:10A2880034003E00590035003E005A0036003E00BA
:10A298005B0037003E005C0038003E005D0039007E
:10A2A8003E005E003A003E005F003B003E0060005A
:10A2B8003C003E0061003D003E0062003E003F0061
:10A2C8000100DDFF3F000200DEFF3F000300DFFF6B
:10A2D8003F000400E0FF3F000500E1FF3F000600EB
:10A2E800E2FF3F000700E3FF3F000800E4FF3F00F4
:10A2F8000900E5FF3F000A00E6FF3F000B00E7FF0B
:10A308003F000C00E8FF3F000D00E9FF3F000E0092
:10A31800EAFF3F000F00EBFF3F001000ECFF3F009B
:10A328001100EDFF3F001200EEFF3F001300EFFFAA
:10A338003F001400F0FF3F001500F1FF3F0016003A
:10A34800F2FF3F001700F3FF3F001800F4FF3F0043
:10A358001900F5FF3F001A00F6FF3F001B00F7FF4A
:10A368003F001C00F8FF3F001D00F9FF3F001E00E2
:10A37800FAFF3F001F00FBFF3F002000FCFF3F00EB
:10A388002100FDFF3F002200FEFF3F002300FFFFEA
:10A398003F00240000003F00250001003F00260088
:10A3A80002003F00270003003F00280004003F0090
:10A3B800290005003F002A0006003F002B00070087
:10A3C8003F002C0008003F002D0009003F002E0030
:10A3D8000A003F002F000B003F0030000C003F0038
:10A3E80031000D003F0032000F003F003300100025
:10A3F8003F00340011003F00350012003F003600D6
:10A4080013003F00370014003F00380015003F00DC
:10A41800390016003F003A0017003F003B001800C3
:10A428003F003C0019003F003D001A003F003E007D
:10A438001B003F003F001C003F0040001D003F0084
:10A4480041001E003F0042001F003F004300200063
:10A458003F00440021003F00450022003F00460025
:10A4680023003F00470024003F00480025003F002C
:10A47800490026003F004A0027003F004B00280003
:10A488003F004C0029003F004D002A003F004E00CD
:10A498002B003F004F002C003F0050002D003F00D4
:10A4A80051002E003F0052002F003F0053003000A3
:10A4B8003F00540031003F00550032003F00560075
:10A4C80033003F00570034003F00580035003F007C
:10A4D800590036003F005A0037003F005B00380043
:10A4E8003F005C0039003F005D003A003F005E001D
:10A4F8003B003F005F003C003F0060003D003F0024
:10A5080061003E003F0062003F0040000100DEFFA6
:10A5180040000200DFFF40000300E0FF40000400AD
:10A52800E1FF40000500E2FF40000600E3FF4000B5
:10A538000700E4FF40000800E5FF40000900E6FFCF
:10A5480040000A00E7FF40000B00E8FF40000C0055
:10A55800E9FF40000D00EAFF40000E00EBFF40005D
:10A568000F00ECFF40001000EDFF40001100EEFF6F
:10A5780040001200EFFF40001300F0FF40001400FD
:10A58800F1FF40001500F2FF40001600F3FF400005
:10A598001700F4FF40001800F5FF40001900F6FF0F
:10A5A80040001A00F7FF40001B00F8FF40001C00A5
:10A5B800F9FF40001D00FAFF40001E00FBFF4000AD
:10A5C8001F00FCFF40002000FDFF40002100FEFFAF
:10A5D80040002200FFFF400023000000400024004C
:10A5E8000100400025000200400026000300400052
:10A5F800270004004000280005004000290006004C
:10A6080040002A00070040002B00080040002C00F2
:10A61800090040002D000A0040002E000B004000F9
:10A628002F000C00400030000D00400031000E00EB
:10A638004000320010004000330011004000340098
:10A64800120040003500130040003600140040009E
:10A658003700150040003800160040003900170088
:10A6680040003A00180040003B00190040003C0040
:10A678001A0040003D001B0040003E001C00400046
:10A688003F001D00400040001E00400041001F0028
:10A6980040004200200040004300210040004400E8
:10A6A80022004000450023004000460024004000EE
:10A6B80047002500400048002600400049002700C8
:10A6C80040004A00280040004B00290040004C0090
:10A6D8002A0040004D002B0040004E002C00400096
:10A6E8004F002D00400050002E00400051002F0068
:10A6F8004000520030004000530031004000540038
:10A70800320040005500330040005600340040003D
:10A718005700350040005800360040005900370007
:10A7280040005A00380040005B00390040005C00DF
:10A738003A0040005D003B0040005E003C004000E5
:10A748005F003D00400060003E00400061003F00A7
:10A7580040006200400041000100DFFF41000200AC
:10A76800E0FF41000300E1FF41000400E2FF410077
:10A778000500E3FF41000600E4FF41000700E5FF94
:10A7880041000800E6FF41000900E7FF41000A0018
:10A79800E8FF41000B00E9FF41000C00EAFF41001F
:10A7A8000D00EBFF41000E00ECFF41000F00EDFF34
:10A7B80041001000EEFF41001100EFFF41001200C0
:10A7C800F0FF41001300F1FF41001400F2FF4100C7
:10A7D8001500F3FF41001600F4FF41001700F5FFD4
:10A7E80041001800F6FF41001900F7FF41001A0068
:10A7F800F8FF41001B00F9FF41001C00FAFF41006F
:10A808001D00FBFF41001E00FCFF41001F00FDFF73
:10A8180041002000FEFF41002100FFFF410022000F
:10A828000000410023000100410024000200410013
:10A838002500030041002600040041002700050010
:10A8480041002800060041002900070041002A00B5
:10A85800080041002B00090041002C000A004100BB
:10A868002D000B0041002E000C0041002F000D00B0
:10A87800410030000E00410031000F00410032005D
:10A888001100410033001200410034001300410060
:10A89800350014004100360015004100370016004D
:10A8A80041003800170041003900180041003A0003
:10A8B800190041003B001A0041003C001B00410008
:10A8C8003D001C0041003E001D0041003F001E00ED
:10A8D800410040001F0041004100200041004200AB
:10A8E80021004100430022004100440023004100B0
:10A8F800450024004100460025004100470026008D
:10A9080041004800270041004900280041004A0052
:10A91800290041004B002A0041004C002B00410057
:10A928004D002C0041004E002D0041004F002E002C
:10A93800410050002F0041005100300041005200FA
:10A9480031004100530032004100540033004100FF
:10A9580055003400410056003500410057003600CC
:10A9680041005800370041005900380041005A00A2
:10A97800390041005B003A0041005C003B004100A7
:10A988005D003C0041005E003D0041005F003E006C
:10A99800410060003F00410061004000410062004A
:10A9A800410042000100E0FF42000200E1FF4200D6
:10A9B8000300E2FF42000400E3FF42000500E4FF59
:10A9C80042000600E5FF42000700E6FF42000800DB
:10A9D800E7FF42000900E8FF42000A00E9FF4200E1
:10A9E8000B00EAFF42000C00EBFF42000D00ECFFF9
:10A9F80042000E00EDFF42000F00EEFF4200100083
:10AA0800EFFF42001100F0FF42001200F1FF420088
:10AA18001300F2FF42001400F3FF42001500F4FF98
:10AA280042001600F5FF42001700F6FF420018002A
:10AA3800F7FF42001900F8FF42001A00F9FF420030
:10AA48001B00FAFF42001C00FBFF42001D00FCFF38
:10AA580042001E00FDFF42001F00FEFF42002000D2
:10AA6800FFFF4200210000004200220001004200D6
:10AA780023000200420024000300420025000400D5
:10AA88004200260005004200270006004200280078
:10AA9800070042002900080042002A00090042007D
:10AAA8002B000A0042002C000B0042002D000C0075
:10AAB80042002E000D0042002F000E004200300020
:10AAC8000F00420031001000420032001200420024
:10AAD8003300130042003400140042003500150012
:10AAE80042003600160042003700170042003800C6
:10AAF800180042003900190042003A001A004200CA
:10AB08003B001B0042003C001C0042003D001D00B1
:10AB180042003E001E0042003F001F00420040006D
:10AB28002000420041002100420042002200420071
:10AB38004300230042004400240042004500250051
:10AB48004200460026004200470027004200480015
:10AB5800280042004900290042004A002A00420019
:10AB68004B002B0042004C002C0042004D002D00F1
:10AB780042004E002E0042004F002F0042005000BD
:10AB880030004200510031004200520032004200C1
:10AB98005300330042005400340042005500350091
:10ABA8004200560036004200570037004200580065
:10ABB800380042005900390042005A003A00420069
:10ABC8005B003B0042005C003C0042005D003D0031
:10ABD80042005E003E0042005F003F00420060000D
:10ABE8004000420061004100420062004200430010
:10ABF8000100E1FF43000200E2FF43000300E3FF1E
:10AC080043000400E4FF43000500E5FF430006009D
:10AC1800E6FF43000700E7FF43000800E8FF4300A2
:10AC28000900E9FF43000A00EAFF43000B00EBFFBD
:10AC380043000C00ECFF43000D00EDFF43000E0045
:10AC4800EEFF43000F00EFFF43001000F0FF43004A
:10AC58001100F1FF43001200F2FF43001300F3FF5D
:10AC680043001400F4FF43001500F5FF43001600ED
:10AC7800F6FF43001700F7FF43001800F8FF4300F2
:10AC88001900F9FF43001A00FAFF43001B00FBFFFD
:10AC980043001C00FCFF43001D00FDFF43001E0095
:10ACA800FEFF43001F00FFFF430020000000430099
:10ACB800210001004300220002004300230003009A
:10ACC800430024000400430025000500430026003B
:10ACD800060043002700070043002800080043003F
:10ACE8002900090043002A000A0043002B000B003A
:10ACF80043002C000C0043002D000D0043002E00E3
:10AD08000E0043002F000F004300300010004300E6
:10AD180031001100430032001300430033001400D7
:10AD28004300340015004300350016004300360088
:10AD3800170043003700180043003800190043008B
:10AD480039001A0043003A001B0043003B001C0076
:10AD580043003C001D0043003D001E0043003E0030
:10AD68001F0043003F002000430040002100430033
:10AD78004100220043004200230043004300240016
:10AD880043004400250043004500260043004600D8
:10AD980027004300470028004300480029004300DB
:10ADA80049002A0043004A002B0043004B002C00B6
:10ADB80043004C002D0043004D002E0043004E0080
:10ADC8002F0043004F003000430050003100430083
:10ADD8005100320043005200330043005300340056
:10ADE8004300540035004300550036004300560028
:10ADF800370043005700380043005800390043002B
:10AE080059003A0043005A003B0043005B003C00F5
:10AE180043005C003D0043005D003E0043005E00CF
:10AE28003F0043005F0040004300600041004300D2
:10AE38006100420043006200430044000100E2FF59
:10AE480044000200E3FF44000300E4FF4400040060
:10AE5800E5FF44000500E6FF44000600E7FF440064
:10AE68000700E8FF44000800E9FF44000900EAFF82
:10AE780044000A00EBFF44000B00ECFF44000C0008
:10AE8800EDFF44000D00EEFF44000E00EFFF44000C
:10AE98000F00F0FF44001000F1FF44001100F2FF22
:10AEA80044001200F3FF44001300F4FF44001400B0
:10AEB800F5FF44001500F6FF44001600F7FF4400B4
:10AEC8001700F8FF44001800F9FF44001900FAFFC2
:10AED80044001A00FBFF44001B00FCFF44001C0058
:10AEE800FDFF44001D00FEFF44001E00FFFF44005C
:10AEF8001F0000004400200001004400210002005F
:10AF080044002200030044002300040044002400FD
:10AF18000500440025000600440026000700440000
:10AF280027000800440028000900440029000A00FE
:10AF380044002A000B0044002B000C0044002C00A5
:10AF48000D0044002D000E0044002E000F004400A8
:10AF58002F0010004400300011004400310012009E
:10AF6800440032001400440033001500440034004B
:10AF7800160044003500170044003600180044004D
:10AF880037001900440038001A00440039001B003B
:10AF980044003A001C0044003B001D0044003C00F3
:10AFA8001E0044003D001F0044003E0020004400F5
:10AFB8003F002100440040002200440041002300DB
:10AFC800440042002400440043002500440044009B
:10AFD800260044004500270044004600280044009D
:10AFE80047002900440048002A00440049002B007B
:10AFF80044004A002C0044004B002D0044004C0043
:10B008002E0044004D002F0044004E003000440044
:10B018004F0031004400500032004400510033001A
:10B0280044005200340044005300350044005400EA
:10B0380036004400550037004400560038004400EC
:10B0480057003900440058003A00440059003B00BA
:10B0580044005A003C0044005B003D0044005C0092
:10B068003E0044005D003F0044005E004000440094
:10B078005F0041004400600042004400610043005A
:10B0880044006200440045000100E3FF450002005F
:10B09800E4FF45000300E5FF45000400E6FF450026
:10B0A8000500E7FF45000600E8FF45000700E9FF47
:10B0B80045000800EAFF45000900EBFF45000A00CB
:10B0C800ECFF45000B00EDFF45000C00EEFF4500CE
:10B0D8000D00EFFF45000E00F0FF45000F00F1FFE7
:10B0E80045001000F2FF45001100F3FF4500120073
:10B0F800F4FF45001300F5FF45001400F6FF450076
:10B108001500F7FF45001600F8FF45001700F9FF86
:10B1180045001800FAFF45001900FBFF45001A001A
:10B12800FCFF45001B00FDFF45001C00FEFF45001D
:10B138001D00FFFF45001E00000045001F00010024
:10B1480045002000020045002100030045002200C0
:10B1580004004500230005004500240006004500C2
:10B1680025000700450026000800450027000900C3
:10B17800450028000A00450029000B0045002A0068
:10B188000C0045002B000D0045002C000E0045006A
:10B198002D000F0045002E00100045002F00110063
:10B1A8004500300012004500310013004500320010
:10B1B800150045003300160045003400170045000F
:10B1C80035001800450036001900450037001A0000
:10B1D800450038001B00450039001C0045003A00B6
:10B1E8001D0045003B001E0045003C001F004500B7
:10B1F8003D00200045003E00210045003F002200A0
:10B20800450040002300450041002400450042005D
:10B21800250045004300260045004400270045005E
:10B2280045002800450046002900450047002A003F
:10B23800450048002B00450049002C0045004A0005
:10B248002D0045004B002E0045004C002F00450006
:10B258004D00300045004E00310045004F003200DF
:10B2680045005000330045005100340045005200AD
:10B2780035004500530036004500540037004500AE
:10B2880055003800450056003900450057003A007F
:10B29800450058003B00450059003C0045005A0055
:10B2A8003D0045005B003E0045005C003F00450056
:10B2B8005D00400045005E00410045005F0042001F
:10B2C80045006000430045006100440045006200FD
:10B2D800450046000100E4FF46000200E5FF460085
:10B2E8000300E6FF46000400E7FF46000500E8FF0C
:10B2F80046000600E9FF46000700EAFF460008008E
:10B30800EBFF46000900ECFF46000A00EDFF46008F
:10B318000B00EEFF46000C00EFFF46000D00F0FFAB
:10B3280046000E00F1FF46000F00F2FF4600100035
:10B33800F3FF46001100F4FF46001200F5FF460037
:10B348001300F6FF46001400F7FF46001500F8FF4B
:10B3580046001600F9FF46001700FAFF46001800DD
:10B36800FBFF46001900FCFF46001A00FDFF4600DF
:10B378001B00FEFF46001C00FFFF46001D000000EA
:10B3880046001E00010046001F0002004600200083
:10B398000300460021000400460022000500460084
:10B3A8002300060046002400070046002500080088
:10B3B800460026000900460027000A00460028002B
:10B3C8000B00460029000C0046002A000D0046002C
:10B3D8002B000E0046002C000F0046002D00100028
:10B3E80046002E00110046002F00120046003000D3
:10B3F80013004600310014004600320016004600D3
:10B4080033001700460034001800460035001900C4
:10B41800460036001A00460037001B004600380078
:10B428001C00460039001D0046003A001E00460078
:10B438003B001F0046003C00200046003D00210064
:10B4480046003E00220046003F0023004600400020
:10B458002400460041002500460042002600460020
:10B468004300270046004400280046004500290004
:10B47800460046002A00460047002B0046004800C8
:10B488002C00460049002D0046004A002E004600C8
:10B498004B002F0046004C00300046004D003100A4
:10B4A80046004E00320046004F0033004600500070
:10B4B8003400460051003500460052003600460070
:10B4C8005300370046005400380046005500390044
:10B4D800460056003A00460057003B004600580018
:10B4E8003C00460059003D0046005A003E00460018
:10B4F8005B003F0046005C00400046005D004100E4
:10B5080046005E00420046005F00430046006000BF
:10B5180044004600610045004600620046004700BE
:10B528000100E5FF47000200E6FF47000300E7FFD0
:10B5380047000400E8FF47000500E9FF4700060050
:10B54800EAFF47000700EBFF47000800ECFF470051
:10B558000900EDFF47000A00EEFF47000B00EFFF70
:10B5680047000C00F0FF47000D00F1FF47000E00F8
:10B57800F2FF47000F00F3FF47001000F4FF4700F9
:10B588001100F5FF47001200F6FF47001300F7FF10
:10B5980047001400F8FF47001500F9FF47001600A0
:10B5A800FAFF47001700FBFF47001800FCFF4700A1
:10B5B8001900FDFF47001A00FEFF47001B00FFFFB0
:10B5C80047001C00000047001D00010047001E0046
:10B5D800020047001F000300470020000400470046
:10B5E800210005004700220006004700230007004D
:10B5F80047002400080047002500090047002600EE
:10B608000A00470027000B00470028000C004700ED
:10B6180029000D0047002A000E0047002B000F00EC
:10B6280047002C00100047002D00110047002E0095
:10B63800120047002F001300470030001400470095
:10B64800310015004700320017004700330018008A
:10B65800470034001900470035001A00470036003B
:10B668001B00470037001C00470038001D0047003A
:10B6780039001E0047003A001F0047003B00200029
:10B6880047003C00210047003D00220047003E00E3
:10B69800230047003F0024004700400025004700E2
:10B6A80041002600470042002700470043002800C9
:10B6B800470044002900470045002A00470046008B
:10B6C8002B00470047002C00470048002D0047008A
:10B6D80049002E0047004A002F0047004B00300069
:10B6E80047004C00310047004D00320047004E0033
:10B6F800330047004F003400470050003500470032
:10B708005100360047005200370047005300380008
:10B71800470054003900470055003A0047005600DA
:10B728003B00470057003C00470058003D004700D9
:10B7380059003E0047005A003F0047005B004000A8
:10B7480047005C00410047005D00420047005E0082
:10B75800430047005F004400470060004500470081
:10B768006100460047006200470048000100E6FF0C
:10B7780048000200E7FF48000300E8FF4800040013
:10B78800E9FF48000500EAFF48000600EBFF480013
:10B798000700ECFF48000800EDFF48000900EEFF35
:10B7A80048000A00EFFF48000B00F0FF48000C00BB
:10B7B800F1FF48000D00F2FF48000E00F3FF4800BB
:10B7C8000F00F4FF48001000F5FF48001100F6FFD5
:10B7D80048001200F7FF48001300F8FF4800140063
:10B7E800F9FF48001500FAFF48001600FBFF480063
:10B7F8001700FCFF48001800FDFF48001900FEFF75
:10B8080048001A00FFFF48001B00000048001C0009
:10B81800010048001D00020048001E000300480007
:10B828001F00040048002000050048002100060011
:10B8380048002200070048002300080048002400B0
:10B848000900480025000A00480026000B004800AF
:10B8580027000C00480028000D00480029000E00B1
:10B8680048002A000F0048002B00100048002C0058
:10B87800110048002D00120048002E001300480057
:10B888002F00140048003000150048003100160051
:10B8980048003200180048003300190048003400FE
:10B8A8001A00480035001B00480036001C004800FC
:10B8B80037001D00480038001E00480039001F00EE
:10B8C80048003A00200048003B00210048003C00A6
:10B8D800220048003D00230048003E0024004800A4
:10B8E8003F0025004800400026004800410027008E
:10B8F800480042002800480043002900480044004E
:10B908002A00480045002B00480046002C0048004B
:10B9180047002D00480048002E00480049002F002D
:10B9280048004A00300048004B00310048004C00F5
:10B93800320048004D00330048004E0034004800F3
:10B948004F003500480050003600480051003700CD
:10B95800480052003800480053003900480054009D
:10B968003A00480055003B00480056003C0048009B
:10B9780057003D00480058003E00480059003F006D
:10B9880048005A00400048005B00410048005C0045
:10B99800420048005D00430048005E004400480043
:10B9A8005F0045004800600046004800610047000D
:10B9B80048006200480049000100E7FF4900020012
:10B9C800E8FF49000300E9FF49000400EAFF4900D5
:10B9D8000500EBFF49000600ECFF49000700EDFFFA
:10B9E80049000800EEFF49000900EFFF49000A007E
:10B9F800F0FF49000B00F1FF49000C00F2FF49007D
:10BA08000D00F3FF49000E00F4FF49000F00F5FF99
:10BA180049001000F6FF49001100F7FF4900120025
:10BA2800F8FF49001300F9FF49001400FAFF490024
:10BA38001500FBFF49001600FCFF49001700FDFF39
:10BA480049001800FEFF49001900FFFF49001A00CD
:10BA5800000049001B00010049001C0002004900C9
:10BA68001D00030049001E00040049001F000500D6
:10BA78004900200006004900210007004900220073
:10BA88000800490023000900490024000A00490071
:10BA980025000B00490026000C00490027000D0076
:10BAA800490028000E00490029000F0049002A001B
:10BAB800100049002B00110049002C001200490019
:10BAC8002D00130049002E00140049002F00150016
:10BAD80049003000160049003100170049003200C3
:10BAE8001900490033001A00490034001B004900BE
:10BAF80035001C00490036001D00490037001E00B3
:10BB0800490038001F0049003900200049003A0068
:10BB1800210049003B00220049003C002300490065
:10BB28003D00240049003E00250049003F00260052
:10BB38004900400027004900410028004900420010
:10BB48002900490043002A00490044002B0049000D
:10BB580045002C00490046002D00490047002E00F2
:10BB6800490048002F0049004900300049004A00B8
:10BB7800310049004B00320049004C0033004900B5
:10BB88004D00340049004E00350049004F00360092
:10BB98004900500037004900510038004900520060
:10BBA8003900490053003A00490054003B0049005D
:10BBB80055003C00490056003D00490057003E0032
:10BBC800490058003F0049005900400049005A0008
:10BBD800410049005B00420049005C004300490005
:10BBE8005D00440049005E00450049005F004600D2
:10BBF80049006000470049006100480049006200B0
:10BC080049004A000100E8FF4A000200E9FF4A0033
:10BC18000300EAFF4A000400EBFF4A000500ECFFBE
:10BC28004A000600EDFF4A000700EEFF4A00080040
:10BC3800EFFF4A000900F0FF4A000A00F1FF4A003E
:10BC48000B00F2FF4A000C00F3FF4A000D00F4FF5E
:10BC58004A000E00F5FF4A000F00F6FF4A001000E8
:10BC6800F7FF4A001100F8FF4A001200F9FF4A00E6
:10BC78001300FAFF4A001400FBFF4A001500FCFFFE
:10BC88004A001600FDFF4A001700FEFF4A00180090
:10BC9800FFFF4A00190000004A001A0001004A008C
:10BCA8001B0002004A001C0003004A001D0004009B
:10BCB8004A001E0005004A001F0006004A00200036
:10BCC80007004A00210008004A00220009004A0033
:10BCD80023000A004A0024000B004A0025000C003B
:10BCE8004A0026000D004A0027000E004A002800DE
:10BCF8000F004A00290010004A002A0011004A00DB
:10BD08002B0012004A002C0013004A002D001400DA
:10BD18004A002E0015004A002F0016004A00300085
:10BD280017004A00310018004A0032001A004A0081
:10BD380033001B004A0034001C004A0035001D0077
:10BD48004A0036001E004A0037001F004A0038002B
:10BD580020004A00390021004A003A0022004A0027
:10BD68003B0023004A003C0024004A003D00250017
:10BD78004A003E0026004A003F0027004A004000D3
:10BD880028004A00410029004A0042002A004A00CF
:10BD980043002B004A0044002C004A0045002D00B7
:10BDA8004A0046002E004A0047002F004A0048007B
:10BDB80030004A00490031004A004A0032004A0077
:10BDC8004B0033004A004C0034004A004D00350057
:10BDD8004A004E0036004A004F0037004A00500023
:10BDE80038004A00510039004A0052003A004A001F
:10BDF80053003B004A0054003C004A0055003D00F7
:10BE08004A0056003E004A0057003F004A005800CA
:10BE180040004A00590041004A005A0042004A00C6
:10BE28005B0043004A005C0044004A005D00450096
:10BE38004A005E0046004A005F0047004A00600072
:10BE480048004A00610049004A0062004A004B006D
:10BE58000100E9FF4B000200EAFF4B000300EBFF83
:10BE68004B000400ECFF4B000500EDFF4B00060003
:10BE7800EEFF4B000700EFFF4B000800F0FF4B0000
:10BE88000900F1FF4B000A00F2FF4B000B00F3FF23
:10BE98004B000C00F4FF4B000D00F5FF4B000E00AB
:10BEA800F6FF4B000F00F7FF4B001000F8FF4B00A8
:10BEB8001100F9FF4B001200FAFF4B001300FBFFC3
:10BEC8004B001400FCFF4B001500FDFF4B00160053
:10BED800FEFF4B001700FFFF4B00180000004B004F
:10BEE800190001004B001A0002004B001B00030060
:10BEF8004B001C0004004B001D0005004B001E00F9
:10BF080006004B001F0007004B00200008004B00F4
:10BF1800210009004B0022000A004B0023000B00FF
:10BF28004B0024000C004B0025000D004B002600A0
:10BF38000E004B0027000F004B00280010004B009C
:10BF4800290011004B002A0012004B002B0013009F
:10BF58004B002C0014004B002D0015004B002E0048
:10BF680016004B002F0017004B00300018004B0044
:10BF7800310019004B0032001B004B0033001C003D
:10BF88004B0034001D004B0035001E004B003600EE
:10BF98001F004B00370020004B00380021004B00E9
:10BFA800390022004B003A0023004B003B002400DC
:10BFB8004B003C0025004B003D0026004B003E0096
:10BFC80027004B003F0028004B00400029004B0091
:10BFD80041002A004B0042002B004B0043002C007C
:10BFE8004B0044002D004B0045002E004B0046003E
:10BFF8002F004B00470030004B00480031004B0039
:10C00800490032004B004A0033004B004B0034001B
:10C018004B004C0035004B004D0036004B004E00E5
:10C0280037004B004F0038004B00500039004B00E0
:10C0380051003A004B0052003B004B0053003C00BB
:10C048004B0054003D004B0055003E004B0056008D
:10C058003F004B00570040004B00580041004B0088
:10C06800590042004B005A0043004B005B0044005B
:10C078004B005C0045004B005D0046004B005E0035
:10C0880047004B005F0048004B00600049004B0030
:10C0980061004A004B0062004B004C000100EAFFBF
:10C0A8004C000200EBFF4C000300ECFF4C000400C6
:10C0B800EDFF4C000500EEFF4C000600EFFF4C00C2
:10C0C8000700F0FF4C000800F1FF4C000900F2FFE8
:10C0D8004C000A00F3FF4C000B00F4FF4C000C006E
:10C0E800F5FF4C000D00F6FF4C000E00F7FF4C006A
:10C0F8000F00F8FF4C001000F9FF4C001100FAFF88
:10C108004C001200FBFF4C001300FCFF4C00140015
:10C11800FDFF4C001500FEFF4C001600FFFF4C0011
:10C12800170000004C00180001004C001900020024
:10C138004C001A0003004C001B0004004C001C00BB
:10C1480005004C001D0006004C001E0007004C00B6
:10C158001F0008004C00200009004C0021000A00C4
:10C168004C0022000B004C0023000C004C00240063
:10C178000D004C0025000E004C0026000F004C005E
:10C18800270010004C00280011004C002900120064
:10C198004C002A0013004C002B0014004C002C000B
:10C1A80015004C002D0016004C002E0017004C0006
:10C1B8002F0018004C00300019004C0031001A0004
:10C1C8004C0032001C004C0033001D004C003400B1
:10C1D8001E004C0035001F004C00360020004C00AB
:10C1E800370021004C00380022004C0039002300A1
:10C1F8004C003A0024004C003B0025004C003C0059
:10C2080026004C003D0027004C003E0028004C0052
:10C218003F0029004C0040002A004C0041002B0040
:10C228004C0042002C004C0043002D004C00440000
:10C238002E004C0045002F004C00460030004C00FA
:10C24800470031004C00480032004C0049003300E0
:10C258004C004A0034004C004B0035004C004C00A8
:10C2680036004C004D0037004C004E0038004C00A2
:10C278004F0039004C0050003A004C0051003B0080
:10C288004C0052003C004C0053003D004C00540050
:10C298003E004C0055003F004C00560040004C004A
:10C2A800570041004C00580042004C005900430020
:10C2B8004C005A0044004C005B0045004C005C00F8
:10C2C80046004C005D0047004C005E0048004C00F2
:10C2D8005F0049004C0060004A004C0061004B00C0
:10C2E8004C0062004C004D000100EBFF4D000200C5
:10C2F800ECFF4D000300EDFF4D000400EEFF4D0084
:10C308000500EFFF4D000600F0FF4D000700F1FFAC
:10C318004D000800F2FF4D000900F3FF4D000A0030
:10C32800F4FF4D000B00F5FF4D000C00F6FF4D002B
:10C338000D00F7FF4D000E00F8FF4D000F00F9FF4C
:10C348004D001000FAFF4D001100FBFF4D001200D8
:10C35800FCFF4D001300FDFF4D001400FEFF4D00D3
:10C368001500FFFF4D00160000004D0017000100EA
:10C378004D00180002004D00190003004D001A007E
:10C3880004004D001B0005004D001C0006004D0078
:10C398001D0007004D001E0008004D001F00090089
:10C3A8004D0020000A004D0021000B004D00220026
:10C3B8000C004D0023000D004D0024000E004D0020
:10C3C80025000F004D00260010004D002700110029
:10C3D8004D00280012004D00290013004D002A00CE
:10C3E80014004D002B0015004D002C0016004D00C8
:10C3F8002D0017004D002E0018004D002F001900C9
:10C408004D0030001A004D0031001B004D00320075
:10C418001D004D0033001E004D0034001F004D006C
:10C42800350020004D00360021004D003700220065
:10C438004D00380023004D00390024004D003A001B
:10C4480025004D003B0026004D003C0027004D0014
:10C458003D0028004D003E0029004D003F002A0005
:10C468004D0040002B004D0041002C004D004200C3
:10C478002D004D0043002E004D0044002F004D00BC
:10C48800450030004D00460031004D0047003200A5
:10C498004D00480033004D00490034004D004A006B
:10C4A80035004D004B0036004D004C0037004D0064
:10C4B8004D0038004D004E0039004D004F003A0045
:10C4C8004D0050003B004D0051003C004D00520013
:10C4D8003D004D0053003E004D0054003F004D000C
:10C4E800550040004D00560041004D0057004200E5
:10C4F8004D00580043004D00590044004D005A00BB
:10C5080045004D005B0046004D005C0047004D00B3
:10C518005D0048004D005E0049004D005F004A0084
:10C528004D0060004B004D0061004C004D00620062
:10C538004D004E000100ECFF4E000200EDFF4E00E2
:10C548000300EEFF4E000400EFFF4E000500F0FF71
:10C558004E000600F1FF4E000700F2FF4E000800F3
:10C56800F3FF4E000900F4FF4E000A00F5FF4E00ED
:10C578000B00F6FF4E000C00F7FF4E000D00F8FF11
:10C588004E000E00F9FF4E000F00FAFF4E0010009B
:10C59800FBFF4E001100FCFF4E001200FDFF4E0095
:10C5A8001300FEFF4E001400FFFF4E0015000000B0
:10C5B8004E00160001004E00170002004E00180041
:10C5C80003004E00190004004E001A0005004E003A
:10C5D8001B0006004E001C0007004E001D0008004E
:10C5E8004E001E0009004E001F000A004E002000E9
:10C5F8000B004E0021000C004E0022000D004E00E2
:10C6080023000E004E0024000F004E0025001000ED
:10C618004E00260011004E00270012004E00280090
:10C6280013004E00290014004E002A0015004E0089
:10C638002B0016004E002C0017004E002D0018008D
:10C648004E002E0019004E002F001A004E00300038
:10C658001B004E0031001C004E0032001E004E0030
:10C6680033001F004E00340020004E00350021002A
:10C678004E00360022004E00370023004E003800DE
:10C6880024004E00390025004E003A0026004E00D6
:10C698003B0027004E003C0028004E003D002900CA
:10C6A8004E003E002A004E003F002B004E00400086
:10C6B8002C004E0041002D004E0042002E004E007E
:10C6C80043002F004E00440030004E00450031006A
:10C6D8004E00460032004E00470033004E0048002E
:10C6E80034004E00490035004E004A0036004E0026
:10C6F8004B0037004E004C0038004E004D0039000A
:10C708004E004E003A004E004F003B004E005000D5
:10C718003C004E0051003D004E0052003E004E00CD
:10C7280053003F004E00540040004E0055004100A9
:10C738004E00560042004E00570043004E0058007D
:10C7480044004E00590045004E005A0046004E0075
:10C758005B0047004E005C0048004E005D00490049
:10C768004E005E004A004E005F004B004E00600025
:10C778004C004E0061004D004E0062004E004F001C
:10C788000100EDFF4F000200EEFF4F000300EFFF36
:10C798004F000400F0FF4F000500F1FF4F000600B6
:10C7A800F2FF4F000700F3FF4F000800F4FF4F00AF
:10C7B8000900F5FF4F000A00F6FF4F000B00F7FFD6
:10C7C8004F000C00F8FF4F000D00F9FF4F000E005E
:10C7D800FAFF4F000F00FBFF4F001000FCFF4F0057
:10C7E8001100FDFF4F001200FEFF4F001300FFFF76
:10C7F8004F00140000004F00150001004F00160004
:10C8080002004F00170003004F00180004004F00FB
:10C81800190005004F001A0006004F001B00070012
:10C828004F001C0008004F001D0009004F001E00AB
:10C838000A004F001F000B004F0020000C004F00A3
:10C8480021000D004F0022000E004F0023000F00B2
:10C858004F00240010004F00250011004F00260053
:10C8680012004F00270013004F00280014004F004B
:10C87800290015004F002A0016004F002B00170052
:10C888004F002C0018004F002D0019004F002E00FB
:10C898001A004F002F001B004F0030001C004F00F3
:10C8A80031001D004F0032001F004F0033002000F0
:10C8B8004F00340021004F00350022004F003600A1
:10C8C80023004F00370024004F00380025004F0098
:10C8D800390026004F003A0027004F003B0028008F
:10C8E8004F003C0029004F003D002A004F003E0049
:10C8F8002B004F003F002C004F0040002D004F0040
:10C9080041002E004F0042002F004F00430030002E
:10C918004F00440031004F00450032004F004600F0
:10C9280033004F00470034004F00480035004F00E7
:10C93800490036004F004A0037004F004B003800CE
:10C948004F004C0039004F004D003A004F004E0098
:10C958003B004F004F003C004F0050003D004F008F
:10C9680051003E004F0052003F004F00530040006E
:10C978004F00540041004F00550042004F00560040
:10C9880043004F00570044004F00580045004F0037
:10C99800590046004F005A0047004F005B0048000E
:10C9A8004F005C0049004F005D004A004F005E00E8
:10C9B8004B004F005F004C004F0060004D004F00DF
:10C9C80061004E004F0062004F0050000100EEFF72
:10C9D80050000200EFFF50000300F0FF5000040079
:10C9E800F1FF50000500F2FF50000600F3FF500071
:10C9F8000700F4FF50000800F5FF50000900F6FF9B
:10CA080050000A00F7FF50000B00F8FF50000C0020
:10CA1800F9FF50000D00FAFF50000E00FBFF500018
:10CA28000F00FCFF50001000FDFF50001100FEFF3A
:10CA380050001200FFFF50001300000050001400C7
:10CA480001005000150002005000160003005000BD
:10CA580017000400500018000500500019000600D7
:10CA680050001A00070050001B00080050001C006E
:10CA7800090050001D000A0050001E000B00500065
:10CA88001F000C00500020000D00500021000E0077
:10CA9800500022000F005000230010005000240016
:10CAA800110050002500120050002600130050000D
:10CAB8002700140050002800150050002900160017
:10CAC80050002A00170050002B00180050002C00BE
:10CAD800190050002D001A0050002E001B005000B5
:10CAE8002F001C00500030001D00500031001E00B7
:10CAF8005000320020005000330021005000340064
:10CB08002200500035002300500036002400500059
:10CB18003700250050003800260050003900270053
:10CB280050003A00280050003B00290050003C000B
:10CB38002A0050003D002B0050003E002C00500001
:10CB48003F002D00500040002E00500041002F00F3
:10CB580050004200300050004300310050004400B3
:10CB680032005000450033005000460034005000A9
:10CB78004700350050004800360050004900370093
:10CB880050004A00380050004B00390050004C005B
:10CB98003A0050004D003B0050004E003C00500051
:10CBA8004F003D00500050003E00500051003F0033
:10CBB8005000520040005000530041005000540003
:10CBC80042005000550043005000560044005000F9
:10CBD80057004500500058004600500059004700D3
:10CBE80050005A00480050005B00490050005C00AB
:10CBF8004A0050005D004B0050005E004C005000A1
:10CC08005F004D00500060004E00500061004F0072
:10CC180050006200500051000100EFFF5100020077
:10CC2800F0FF51000300F1FF51000400F2FF510032
:10CC38000500F3FF51000600F4FF51000700F5FF5F
:10CC480051000800F6FF51000900F7FF51000A00E3
:10CC5800F8FF51000B00F9FF51000C00FAFF5100DA
:10CC68000D00FBFF51000E00FCFF51000F00FDFFFF
:10CC780051001000FEFF51001100FFFF510012008B
:10CC8800000051001300010051001400020051007F
:10CC9800150003005100160004005100170005009C
:10CCA80051001800060051001900070051001A0031
:10CCB800080051001B00090051001C000A00510027
:10CCC8001D000B0051001E000C0051001F000D003C
:10CCD800510020000E00510021000F0051002200D9
:10CCE80010005100230011005100240012005100CF
:10CCF80025001300510026001400510027001500DC
:10CD080051002800160051002900170051002A0080
:10CD1800180051002B00190051002C001A00510076
:10CD28002D001B0051002E001C0051002F001D007B
:10CD3800510030001E00510031001F005100320028
:10CD4800210051003300220051003400230051001B
:10CD58003500240051003600250051003700260018
:10CD680051003800270051003900280051003A00CE
:10CD7800290051003B002A0051003C002B005100C3
:10CD88003D002C0051003E002D0051003F002E00B8
:10CD9800510040002F005100410030005100420076
:10CDA800310051004300320051004400330051006B
:10CDB8004500340051004600350051004700360058
:10CDC80051004800370051004900380051004A001E
:10CDD800390051004B003A0051004C003B00510013
:10CDE8004D003C0051004E003D0051004F003E00F8
:10CDF800510050003F0051005100400051005200C6
:10CE080041005100530042005100540043005100BA
:10CE18005500440051005600450051005700460097
:10CE280051005800470051005900480051005A006D
:10CE3800490051005B004A0051005C004B00510062
:10CE48005D004C0051005E004D0051005F004E0037
:10CE5800510060004F005100610050005100620015
:10CE6800510052000100F0FF52000200F1FF520091
:10CE78000300F2FF52000400F3FF52000500F4FF24
:10CE880052000600F5FF52000700F6FF52000800A6
:10CE9800F7FF52000900F8FF52000A00F9FF52009C
:10CEA8000B00FAFF52000C00FBFF52000D00FCFFC4
:10CEB80052000E00FDFF52000F00FEFF520010004E
:10CEC800FFFF520011000000520012000100520042
:10CED8001300020052001400030052001500040061
:10CEE80052001600050052001700060052001800F4
:10CEF800070052001900080052001A0009005200E9
:10CF08001B000A0052001C000B0052001D000C0000
:10CF180052001E000D0052001F000E00520020009B
:10CF28000F00520021001000520022001100520090
:10CF380023001200520024001300520025001400A0
:10CF48005200260015005200270016005200280043
:10CF5800170052002900180052002A001900520038
:10CF68002B001A0052002C001B0052002D001C0040
:10CF780052002E001D0052002F001E0052003000EB
:10CF88001F005200310020005200320022005200DF
:10CF980033002300520034002400520035002500DD
:10CFA8005200360026005200370027005200380091
:10CFB800280052003900290052003A002A00520085
:10CFC8003B002B0052003C002C0052003D002D007D
:10CFD80052003E002E0052003F002F005200400039
:10CFE800300052004100310052004200320052002D
:10CFF800430033005200440034005200450035001D
:10D0080052004600360052004700370052004800E0
:10D01800380052004900390052004A003A005200D4
:10D028004B003B0052004C003C0052004D003D00BC
:10D0380052004E003E0052004F003F005200500088
:10D04800400052005100410052005200420052007C
:10D05800530043005200540044005200550045005C
:10D068005200560046005200570047005200580030
:10D07800480052005900490052005A004A00520024
:10D088005B004B0052005C004C0052005D004D00FC
:10D0980052005E004E0052005F004F0052006000D8
:10D0A80050005200610051005200620052005300CB
:10D0B8000100F1FF53000200F2FF53000300F3FFE9
:10D0C80053000400F4FF53000500F5FF5300060069
:10D0D800F6FF53000700F7FF53000800F8FF53005E
:10D0E8000900F9FF53000A00FAFF53000B00FBFF89
:10D0F80053000C00FCFF53000D00FDFF53000E0011
:10D10800FEFF53000F00FFFF530010000000530004
:10D118001100010053001200020053001300030025
:10D1280053001400040053001500050053001600B6
:10D1380006005300170007005300180008005300AA
:10D148001900090053001A000A0053001B000B00C5
:10D1580053001C000C0053001D000D0053001E005E
:10D168000E0053001F000F00530020001000530052
:10D178002100110053002200120053002300130065
:10D188005300240014005300250015005300260006
:10D1980016005300270017005300280018005300FA
:10D1A8002900190053002A001A0053002B001B0005
:10D1B80053002C001C0053002D001D0053002E00AE
:10D1C8001E0053002F001F005300300020005300A2
:10D1D80031002100530032002300530033002400A3
:10D1E8005300340025005300350026005300360054
:10D1F8002700530037002800530038002900530047
:10D2080039002A0053003A002B0053003B002C0041
:10D2180053003C002D0053003D002E0053003E00FB
:10D228002F0053003F0030005300400031005300EE
:10D2380041003200530042003300530043003400E1
:10D2480053004400350053004500360053004600A3
:10D258003700530047003800530048003900530096
:10D2680049003A0053004A003B0053004B003C0081
:10D2780053004C003D0053004D003E0053004E004B
:10D288003F0053004F00400053005000410053003E
:10D298005100420053005200430053005300440021
:10D2A80053005400450053005500460053005600F3
:10D2B80047005300570048005300580049005300E6
:10D2C80059004A0053005A004B0053005B004C00C1
:10D2D80053005C004D0053005D004E0053005E009B
:10D2E8004F0053005F00500053006000510053008E
:10D2F8006100520053006200530054000100F2FF25
:10D3080054000200F3FF54000300F4FF540004002B
:10D31800F5FF54000500F6FF54000600F7FF54001F
:10D328000700F8FF54000800F9FF54000900FAFF4D
:10D3380054000A00FBFF54000B00FCFF54000C00D3
:10D34800FDFF54000D00FEFF54000E00FFFF5400C7
:10D358000F000000540010000100540011000200EA
:10D368005400120003005400130004005400140079
:10D37800050054001500060054001600070054006C
:10D3880017000800540018000900540019000A008A
:10D3980054001A000B0054001B000C0054001C0021
:10D3A8000D0054001D000E0054001E000F00540014
:10D3B8001F0010005400200011005400210012002A
:10D3C80054002200130054002300140054002400C9
:10D3D80015005400250016005400260017005400BC
:10D3E80027001800540028001900540029001A00CA
:10D3F80054002A001B0054002B001C0054002C0071
:10D408001D0054002D001E0054002E001F00540063
:10D418002F00200054003000210054003100220069
:10D428005400320024005400330025005400340016
:10D438002600540035002700540036002800540008
:10D4480037002900540038002A00540039002B0006
:10D4580054003A002C0054003B002D0054003C00BE
:10D468002E0054003D002F0054003E0030005400B0
:10D478003F003100540040003200540041003300A6
:10D488005400420034005400430035005400440066
:10D498003600540045003700540046003800540058
:10D4A80047003900540048003A00540049003B0046
:10D4B80054004A003C0054004B003D0054004C000E
:10D4C8003E0054004D003F0054004E004000540000
:10D4D8004F004100540050004200540051004300E6
:10D4E80054005200440054005300450054005400B6
:10D4F80046005400550047005400560048005400A8
:10D5080057004900540058004A00540059004B0085
:10D5180054005A004C0054005B004D0054005C005D
:10D528004E0054005D004F0054005E00500054004F
:10D538005F00510054006000520054006100530025
:10D5480054006200540055000100F3FF550002002A
:10D55800F4FF55000300F5FF55000400F6FF5500E1
:10D568000500F7FF55000600F8FF55000700F9FF12
:10D5780055000800FAFF55000900FBFF55000A0096
:10D58800FCFF55000B00FDFF55000C00FEFF550089
:10D598000D00FFFF55000E00000055000F000100B0
:10D5A800550010000200550011000300550012003C
:10D5B800040055001300050055001400060055002E
:10D5C800150007005500160008005500170009004F
:10D5D800550018000A00550019000B0055001A00E4
:10D5E8000C0055001B000D0055001C000E005500D6
:10D5F8001D000F0055001E00100055001F001100EF
:10D60800550020001200550021001300550022008B
:10D61800140055002300150055002400160055007D
:10D62800250017005500260018005500270019008E
:10D63800550028001A00550029001B0055002A0033
:10D648001C0055002B001D0055002C001E00550025
:10D658002D001F0055002E00200055002F0021002E
:10D6680055003000220055003100230055003200DB
:10D6780025005500330026005500340027005500CA
:10D6880035002800550036002900550037002A00CB
:10D69800550038002B00550039002C0055003A0081
:10D6A8002D0055003B002E0055003C002F00550072
:10D6B8003D00300055003E00310055003F0032006B
:10D6C8005500400033005500410034005500420029
:10D6D800350055004300360055004400370055001A
:10D6E80045003800550046003900550047003A000B
:10D6F800550048003B00550049003C0055004A00D1
:10D708003D0055004B003E0055004C003F005500C1
:10D718004D00400055004E00410055004F004200AA
:10D728005500500043005500510044005500520078
:10D738004500550053004600550054004700550069
:10D7480055004800550056004900550057004A004A
:10D75800550058004B00550059004C0055005A0020
:10D768004D0055005B004E0055005C004F00550011
:10D778005D00500055005E00510055005F005200EA
:10D7880055006000530055006100540055006200C8
:10D79800550056000100F4FF56000200F5FF560040
:10D7A8000300F6FF56000400F7FF56000500F8FFD7
:10D7B80056000600F9FF56000700FAFF5600080059
:10D7C800FBFF56000900FCFF56000A00FDFF56004B
:10D7D8000B00FEFF56000C00FFFF56000D00000076
:10D7E80056000E00010056000F00020056001000FF
:10D7F80003005600110004005600120005005600F0
:10D808001300060056001400070056001500080013
:10D81800560016000900560017000A0056001800A6
:10D828000B00560019000C0056001A000D00560097
:10D838001B000E0056001C000F0056001D001000B3
:10D8480056001E00110056001F001200560020004E
:10D85800130056002100140056002200150056003F
:10D868002300160056002400170056002500180053
:10D87800560026001900560027001A0056002800F6
:10D888001B00560029001C0056002A001D005600E7
:10D898002B001E0056002C001F0056002D002000F3
:10D8A80056002E00210056002F002200560030009E
:10D8B800230056003100240056003200260056008E
:10D8C8003300270056003400280056003500290090
:10D8D800560036002A00560037002B005600380044
:10D8E8002C00560039002D0056003A002E00560034
:10D8F8003B002F0056003C00300056003D00310030
:10D9080056003E00320056003F00330056004000EB
:10D9180034005600410035005600420036005600DB
:10D9280043003700560044003800560045003900CF
:10D93800560046003A00560047003B005600480093
:10D948003C00560049003D0056004A003E00560083
:10D958004B003F0056004C00400056004D0041006F
:10D9680056004E00420056004F004300560050003B
:10D97800440056005100450056005200460056002B
:10D98800530047005600540048005600550049000F
:10D99800560056004A00560057004B0056005800E3
:10D9A8004C00560059004D0056005A004E005600D3
:10D9B8005B004F0056005C00500056005D005100AF
:10D9C80056005E00520056005F005300560060008B
:10D9D800540056006100550056006200560057007A
:10D9E8000100F5FF57000200F6FF57000300F7FF9C
:10D9F80057000400F8FF57000500F9FF570006001C
:10DA0800FAFF57000700FBFF57000800FCFF57000C
:10DA18000900FDFF57000A00FEFF57000B00FFFF3B
:10DA280057000C00000057000D00010057000E00C1
:10DA3800020057000F0003005700100004005700B1
:10DA480011000500570012000600570013000700D8
:10DA58005700140008005700150009005700160069
:10DA68000A00570017000B00570018000C00570059
:10DA780019000D0057001A000E0057001B000F0078
:10DA880057001C00100057001D00110057001E0011
:10DA9800120057001F001300570020001400570001
:10DAA8002100150057002200160057002300170018
:10DAB80057002400180057002500190057002600B9
:10DAC8001A00570027001B00570028001C005700A9
:10DAD80029001D0057002A001E0057002B001F00B8
:10DAE80057002C00200057002D00210057002E0061
:10DAF800220057002F002300570030002400570051
:10DB08003100250057003200270057003300280055
:10DB1800570034002900570035002A005700360006
:10DB28002B00570037002C00570038002D005700F5
:10DB380039002E0057003A002F0057003B003000F4
:10DB480057003C00310057003D00320057003E00AE
:10DB5800330057003F00340057004000350057009D
:10DB68004100360057004200370057004300380094
:10DB7800570044003900570045003A005700460056
:10DB88003B00570047003C00570048003D00570045
:10DB980049003E0057004A003F0057004B00400034
:10DBA80057004C00410057004D00420057004E00FE
:10DBB800430057004F0044005700500045005700ED
:10DBC80051004600570052004700570053004800D4
:10DBD800570054004900570055004A0057005600A6
:10DBE8004B00570057004C00570058004D00570095
:10DBF80059004E0057005A004F0057005B00500074
:10DC080057005C00510057005D00520057005E004D
:10DC1800530057005F00540057006000550057003C
:10DC28006100560057006200570058000100F6FFD7
:10DC380058000200F7FF58000300F8FF58000400DE
:10DC4800F9FF58000500FAFF58000600FBFF5800CE
:10DC58000700FCFF58000800FDFF58000900FEFF00
:10DC680058000A00FFFF58000B00000058000C0085
:10DC7800010058000D00020058000E000300580073
:10DC88000F0004005800100005005800110006009D
:10DC9800580012000700580013000800580014002C
:10DCA8000900580015000A00580016000B0058001B
:10DCB80017000C00580018000D00580019000E003D
:10DCC80058001A000F0058001B00100058001C00D4
:10DCD800110058001D00120058001E0013005800C3
:10DCE8001F001400580020001500580021001600DD
:10DCF800580022001700580023001800580024007C
:10DD08001900580025001A00580026001B0058006A
:10DD180027001C00580028001D00580029001E007C
:10DD280058002A001F0058002B00200058002C0023
:10DD3800210058002D00220058002E002300580012
:10DD48002F0024005800300025005800310026001C
:10DD580058003200280058003300290058003400C9
:10DD68002A00580035002B00580036002C005800B7
:10DD780037002D00580038002E00580039002F00B9
:10DD880058003A00300058003B00310058003C0071
:10DD9800320058003D00330058003E00340058005F
:10DDA8003F00350058004000360058004100370059
:10DDB8005800420038005800430039005800440019
:10DDC8003A00580045003B00580046003C00580007
:10DDD80047003D00580048003E00580049003F00F9
:10DDE80058004A00400058004B00410058004C00C1
:10DDF800420058004D00430058004E0044005800AF
:10DE08004F00450058005000460058005100470098
:10DE18005800520048005800530049005800540068
:10DE28004A00580055004B00580056004C00580056
:10DE380057004D00580058004E00580059004F0038
:10DE480058005A00500058005B00510058005C0010
:10DE5800520058005D00530058005E0054005800FE
:10DE68005F005500580060005600580061005700D8
:10DE780058006200580059000100F7FF59000200DD
:10DE8800F8FF59000300F9FF59000400FAFF590090
:10DE98000500FBFF59000600FCFF59000700FDFFC5
:10DEA80059000800FEFF59000900FFFF59000A0049
:10DEB800000059000B00010059000C000200590035
:10DEC8000D00030059000E00040059000F00050062
:10DED80059001000060059001100070059001200EF
:10DEE8000800590013000900590014000A005900DD
:10DEF80015000B00590016000C00590017000D0002
:10DF0800590018000E00590019000F0059001A0096
:10DF1800100059001B00110059001C001200590084
:10DF28001D00130059001E00140059001F001500A1
:10DF3800590020001600590021001700590022003E
:10DF48001800590023001900590024001A0059002C
:10DF580025001B00590026001C00590027001D0041
:10DF6800590028001E00590029001F0059002A00E6
:10DF7800200059002B00210059002C0022005900D4
:10DF88002D00230059002E00240059002F002500E1
:10DF9800590030002600590031002700590032008E
:10DFA8002900590033002A00590034002B00590079
:10DFB80035002C00590036002D00590037002E007E
:10DFC800590038002F0059003900300059003A0034
:10DFD800310059003B00320059003C003300590021
:10DFE8003D00340059003E00350059003F0036001E
:10DFF80059004000370059004100380059004200DC
:10E008003900590043003A00590044003B005900C8
:10E0180045003C00590046003D00590047003E00BD
:10E02800590048003F0059004900400059004A0083
:10E03800410059004B00420059004C004300590070
:10E048004D00440059004E00450059004F0046005D
:10E05800590050004700590051004800590052002B
:10E068004900590053004A00590054004B00590018
:10E0780055004C00590056004D00590057004E00FD
:10E08800590058004F0059005900500059005A00D3
:10E09800510059005B00520059005C0053005900C0
:10E0A8005D00540059005E00550059005F0056009D
:10E0B800590060005700590061005800590062007B
:10E0C80059005A000100F8FF5A000200F9FF5A00EF
:10E0D8000300FAFF5A000400FBFF5A000500FCFF8A
:10E0E8005A000600FDFF5A000700FEFF5A0008000C
:10E0F800FFFF5A00090000005A000A0001005A00F8
:10E108000B0002005A000C0003005A000D00040026
:10E118005A000E0005005A000F0006005A001000B1
:10E1280007005A00110008005A00120009005A009E
:10E1380013000A005A0014000B005A0015000C00C6
:10E148005A0016000D005A0017000E005A00180059
:10E158000F005A00190010005A001A0011005A0046
:10E168001B0012005A001C0013005A001D00140066
:10E178005A001E0015005A001F0016005A00200001
:10E1880017005A00210018005A00220019005A00EE
:10E1980023001A005A0024001B005A0025001C0006
:10E1A8005A0026001D005A0027001E005A002800A9
:10E1B8001F005A00290020005A002A0021005A0096
:10E1C8002B0022005A002C0023005A002D002400A6
:10E1D8005A002E0025005A002F0026005A00300051
:10E1E80027005A00310028005A0032002A005A003D
:10E1F80033002B005A0034002C005A0035002D0043
:10E208005A0036002E005A0037002F005A003800F6
:10E2180030005A00390031005A003A0032005A00E2
:10E228003B0033005A003C0034005A003D003500E2
:10E238005A003E0036005A003F0037005A0040009E
:10E2480038005A00410039005A0042003A005A008A
:10E2580043003B005A0044003C005A0045003D0082
:10E268005A0046003E005A0047003F005A00480046
:10E2780040005A00490041005A004A0042005A0032
:10E288004B0043005A004C0044005A004D00450022
:10E298005A004E0046005A004F0047005A005000EE
:10E2A80048005A00510049005A0052004A005A00DA
:10E2B80053004B005A0054004C005A0055004D00C2
:10E2C8005A0056004E005A0057004F005A00580096
:10E2D80050005A00590051005A005A0052005A0082
:10E2E8005B0053005A005C0054005A005D00550062
:10E2F8005A005E0056005A005F0057005A0060003E
:10E3080058005A00610059005A0062005A005B0028
:10E318000100F9FF5B000200FAFF5B000300FBFF4E
:10E328005B000400FCFF5B000500FDFF5B000600CE
:10E33800FEFF5B000700FFFF5B00080000005B00BA
:10E34800090001005B000A0002005B000B000300EB
:10E358005B000C0004005B000D0005005B000E0074
:10E3680006005B000F0007005B00100008005B0060
:10E37800110009005B0012000A005B0013000B008B
:10E388005B0014000C005B0015000D005B0016001C
:10E398000E005B0017000F005B00180010005B0008
:10E3A800190011005B001A0012005B001B0013002B
:10E3B8005B001C0014005B001D0015005B001E00C4
:10E3C80016005B001F0017005B00200018005B00B0
:10E3D800210019005B0022001A005B0023001B00CB
:10E3E8005B0024001C005B0025001D005B0026006C
:10E3F8001E005B0027001F005B00280020005B0058
:10E40800290021005B002A0022005B002B0023006A
:10E418005B002C0024005B002D0025005B002E0013
:10E4280026005B002F0027005B00300028005B00FF
:10E43800310029005B0032002B005B0033002C0008
:10E448005B0034002D005B0035002E005B003600B9
:10E458002F005B00370030005B00380031005B00A4
:10E46800390032005B003A0033005B003B003400A7
:10E478005B003C0035005B003D0036005B003E0061
:10E4880037005B003F0038005B00400039005B004C
:10E4980041003A005B0042003B005B0043003C0047
:10E4A8005B0044003D005B0045003E005B00460009
:10E4B8003F005B00470040005B00480041005B00F4
:10E4C800490042005B004A0043005B004B004400E7
:10E4D8005B004C0045005B004D0046005B004E00B1
:10E4E80047005B004F0048005B00500049005B009C
:10E4F80051004A005B0052004B005B0053004C0087
:10E508005B0054004D005B0055004E005B00560058
:10E518004F005B00570050005B00580051005B0043
:10E52800590052005B005A0053005B005B00540026
:10E538005B005C0055005B005D0056005B005E0000
:10E5480057005B005F0058005B00600059005B00EB
:10E5580061005A005B0062005B005C000100FAFF8A
:10E568005C000200FBFF5C000300FCFF5C00040091
:10E57800FDFF5C000500FEFF5C000600FFFF5C007D
:10E58800070000005C00080001005C0009000200B0
:10E598005C000A0003005C000B0004005C000C0037
:10E5A80005005C000D0006005C000E0007005C0022
:10E5B8000F0008005C00100009005C0011000A0050
:10E5C8005C0012000B005C0013000C005C001400DF
:10E5D8000D005C0015000E005C0016000F005C00CA
:10E5E800170010005C00180011005C0019001200F0
:10E5F8005C001A0013005C001B0014005C001C0087
:10E6080015005C001D0016005C001E0017005C0071
:10E618001F0018005C00200019005C0021001A008F
:10E628005C0022001B005C0023001C005C0024002E
:10E638001D005C0025001E005C0026001F005C0019
:10E64800270020005C00280021005C00290022002F
:10E658005C002A0023005C002B0024005C002C00D6
:10E6680025005C002D0026005C002E0027005C00C1
:10E678002F0028005C00300029005C0031002A00CF
:10E688005C0032002C005C0033002D005C0034007C
:10E698002E005C0035002F005C00360030005C0066
:10E6A800370031005C00380032005C00390033006C
:10E6B8005C003A0034005C003B0035005C003C0024
:10E6C80036005C003D0037005C003E0038005C000E
:10E6D8003F0039005C0040003A005C0041003B000C
:10E6E8005C0042003C005C0043003D005C004400CC
:10E6F8003E005C0045003F005C00460040005C00B6
:10E70800470041005C00480042005C0049004300AB
:10E718005C004A0044005C004B0045005C004C0073
:10E7280046005C004D0047005C004E0048005C005D
:10E738004F0049005C0050004A005C0051004B004B
:10E748005C0052004C005C0053004D005C0054001B
:10E758004E005C0055004F005C00560050005C0005
:10E76800570051005C00580052005C0059005300EB
:10E778005C005A0054005C005B0055005C005C00C3
:10E7880056005C005D0057005C005E0058005C00AD
:10E798005F0059005C0060005A005C0061005B008B
:10E7A8005C0062005C005D000100FBFF5D00020090
:10E7B800FCFF5D000300FDFF5D000400FEFF5D003F
:10E7C8000500FFFF5D00060000005D000700010076
:10E7D8005D00080002005D00090003005D000A00FA
:10E7E80004005D000B0005005D000C0006005D00E4
:10E7F8000D0007005D000E0008005D000F00090015
:10E808005D0010000A005D0011000B005D001200A1
:10E818000C005D0013000D005D0014000E005D008B
:10E8280015000F005D00160010005D0017001100B4
:10E838005D00180012005D00190013005D001A0049
:10E8480014005D001B0015005D001C0016005D0033
:10E858001D0017005D001E0018005D001F00190054
:10E868005D0020001A005D0021001B005D002200F1
:10E878001C005D0023001D005D0024001E005D00DB
:10E8880025001F005D00260020005D0027002100F4
:10E898005D00280022005D00290023005D002A0099
:10E8A80024005D002B0025005D002C0026005D0083
:10E8B8002D0027005D002E0028005D002F00290094
:10E8C8005D0030002A005D0031002B005D00320041
:10E8D8002D005D0033002E005D0034002F005D0028
:10E8E800350030005D00360031005D003700320031
:10E8F8005D00380033005D00390034005D003A00E7
:10E9080035005D003B0036005D003C0037005D00CF
:10E918003D0038005D003E0039005D003F003A00D0
:10E928005D0040003B005D0041003C005D0042008E
:10E938003D005D0043003E005D0044003F005D0077
:10E94800450040005D00460041005D004700420070
:10E958005D00480043005D00490044005D004A0036
:10E9680045005D004B0046005D004C0047005D001F
:10E978004D0048005D004E0049005D004F004A0010
:10E988005D0050004B005D0051004C005D005200DE
:10E998004D005D0053004E005D0054004F005D00C7
:10E9A800550050005D00560051005D0057005200B0
:10E9B8005D00580053005D00590054005D005A0086
:10E9C80055005D005B0056005D005C0057005D006F
:10E9D8005D0058005D005E0059005D005F005A0050
:10E9E8005D0060005B005D0061005C005D0062002E
:10E9F8005D005E000100FCFF5E000200FDFF5E009E
:10EA08000300FEFF5E000400FFFF5E00050000003B
:10EA18005E00060001005E00070002005E000800BC
:10EA280003005E00090004005E000A0005005E00A5
:10EA38000B0006005E000C0007005E000D000800D9
:10EA48005E000E0009005E000F000A005E00100064
:10EA58000B005E0011000C005E0012000D005E004D
:10EA680013000E005E0014000F005E001500100079
:10EA78005E00160011005E00170012005E0018000C
:10EA880013005E00190014005E001A0015005E00F5
:10EA98001B0016005E001C0017005E001D00180019
:10EAA8005E001E0019005E001F001A005E002000B4
:10EAB8001B005E0021001C005E0022001D005E009D
:10EAC80023001E005E0024001F005E0025002000B9
:10EAD8005E00260021005E00270022005E0028005C
:10EAE80023005E00290024005E002A0025005E0045
:10EAF8002B0026005E002C0027005E002D00280059
:10EB08005E002E0029005E002F002A005E00300003
:10EB18002B005E0031002C005E0032002E005E00EB
:10EB280033002F005E00340030005E0035003100F5
:10EB38005E00360032005E00370033005E003800A9
:10EB480034005E00390035005E003A0036005E0091
:10EB58003B0037005E003C0038005E003D00390095
:10EB68005E003E003A005E003F003B005E00400051
:10EB78003C005E0041003D005E0042003E005E0039
:10EB880043003F005E00440040005E004500410035
:10EB98005E00460042005E00470043005E004800F9
:10EBA80044005E00490045005E004A0046005E00E1
:10EBB8004B0047005E004C0048005E004D004900D5
:10EBC8005E004E004A005E004F004B005E005000A1
:10EBD8004C005E0051004D005E0052004E005E0089
:10EBE80053004F005E00540050005E005500510075
:10EBF8005E00560052005E00570053005E00580049
:10EC080054005E00590055005E005A0056005E0030
:10EC18005B0057005E005C0058005E005D00590014
:10EC28005E005E005A005E005F005B005E006000F0
:10EC38005C005E0061005D005E0062005E005F00D7
:10EC48000100FDFF5F000200FEFF5F000300FFFF01
:10EC58005F00040000005F00050001005F0006007F
:10EC680002005F00070003005F00080004005F0067
:10EC7800090005005F000A0006005F000B0007009E
:10EC88005F000C0008005F000D0009005F000E0027
:10EC98000A005F000F000B005F0010000C005F000F
:10ECA80011000D005F0012000E005F0013000F003E
:10ECB8005F00140010005F00150011005F001600CF
:10ECC80012005F00170013005F00180014005F00B7
:10ECD800190015005F001A0016005F001B001700DE
:10ECE8005F001C0018005F001D0019005F001E0077
:10ECF8001A005F001F001B005F0020001C005F005F
:10ED080021001D005F0022001E005F0023001F007D
:10ED18005F00240020005F00250021005F0026001E
:10ED280022005F00270023005F00280024005F0006
:10ED3800290025005F002A0026005F002B0027001D
:10ED48005F002C0028005F002D0029005F002E00C6
:10ED58002A005F002F002B005F0030002C005F00AE
:10ED680031002D005F0032002F005F0033003000BB
:10ED78005F00340031005F00350032005F0036006C
:10ED880033005F00370034005F00380035005F0053
:10ED9800390036005F003A0037005F003B0038005A
:10EDA8005F003C0039005F003D003A005F003E0014
:10EDB8003B005F003F003C005F0040003D005F00FB
:10EDC80041003E005F0042003F005F0043004000FA
:10EDD8005F00440041005F00450042005F004600BC
:10EDE80043005F00470044005F00480045005F00A3
:10EDF800490046005F004A0047005F004B0048009A
:10EE08005F004C0049005F004D004A005F004E0063
:10EE18004B005F004F004C005F0050004D005F004A
:10EE280051004E005F0052004F005F005300500039
:10EE38005F00540051005F00550052005F0056000B
:10EE480053005F00570054005F00580055005F00F2
:10EE5800590056005F005A0057005F005B005800D9
:10EE68005F005C0059005F005D005A005F005E00B3
:10EE78005B005F005F005C005F0060005D005F009A
:10EE880061005E005F0062005F0060000100FEFF3D
:10EE980060000200FFFF6000030000006000040043
:10EEA8000100600005000200600006000300600029
:10EEB8000700040060000800050060000900060063
:10EEC80060000A00070060000B00080060000C00EA
:10EED800090060000D000A0060000E000B006000D1
:10EEE8000F000C00600010000D00600011000E0003
:10EEF800600012000F006000130010006000140092
:10EF08001100600015001200600016001300600078
:10EF180017001400600018001500600019001600A2
:10EF280060001A00170060001B00180060001C0039
:10EF3800190060001D001A0060001E001B00600020
:10EF48001F001C00600020001D00600021001E0042
:10EF5800600022001F0060002300200060002400E1
:10EF680021006000250022006000260023006000C8
:10EF780027002400600028002500600029002600E2
:10EF880060002A00270060002B00280060002C0089
:10EF9800290060002D002A0060002E002B00600070
:10EFA8002F002C00600030002D00600031002E0082
:10EFB800600032003000600033003100600034002F
:10EFC8003200600035003300600036003400600015
:10EFD800370035006000380036006000390037001F
:10EFE80060003A00380060003B00390060003C00D7
:10EFF8003A0060003D003B0060003E003C006000BD
:10F008003F003D00600040003E00600041003F00BE
:10F01800600042004000600043004100600044007E
:10F028004200600045004300600046004400600064
:10F03800470045006000480046006000490047005E
:10F0480060004A00480060004B00490060004C0026
:10F058004A0060004D004B0060004E004C0060000C
:10F068004F004D00600050004E00600051004F00FE
:10F0780060005200500060005300510060005400CE
:10F0880052006000550053006000560054006000B4
:10F09800570055006000580056006000590057009E
:10F0A80060005A00580060005B00590060005C0076
:10F0B8005A0060005D005B0060005E005C0060005C
:10F0C8005F005D00600060005E00600061005F003E
:10F0D80060006200600061000100FFFF6100020043
:10F0E80000006100030001006100040002006100EB
:10F0F8000500030061000600040061000700050028
:10F1080061000800060061000900070061000A00AC
:10F11800080061000B00090061000C000A00610092
:10F128000D000B0061000E000C0061000F000D00C7
:10F13800610010000E00610011000F006100120054
:10F14800100061001300110061001400120061003A
:10F158001500130061001600140061001700150067
:10F1680061001800160061001900170061001A00FC
:10F17800180061001B00190061001C001A006100E2
:10F188001D001B0061001E001C0061001F001D0007
:10F19800610020001E00610021001F0061002200A4
:10F1A800200061002300210061002400220061008A
:10F1B80025002300610026002400610027002500A7
:10F1C80061002800260061002900270061002A004C
:10F1D800280061002B00290061002C002A00610032
:10F1E8002D002B0061002E002C0061002F002D0047
:10F1F800610030002E00610031002F0061003200F4
:10F2080031006100330032006100340033006100D6
:10F2180035003400610036003500610037003600E3
:10F2280061003800370061003900380061003A0099
:10F23800390061003B003A0061003C003B0061007E
:10F248003D003C0061003E003D0061003F003E0083
:10F25800610040003F006100410040006100420041
:10F268004100610043004200610044004300610026
:10F278004500440061004600450061004700460023
:10F2880061004800470061004900480061004A00E9
:10F29800490061004B004A0061004C004B006100CE
:10F2A8004D004C0061004E004D0061004F004E00C3
:10F2B800610050004F006100510050006100520091
:10F2C8005100610053005200610054005300610076
:10F2D8005500540061005600550061005700560063
:10F2E80061005800570061005900580061005A0039
:10F2F800590061005B005A0061005C005B0061001E
:10F308005D005C0061005E005D0061005F005E0002
:10F31800610060005F0061006100600061006200E0
:10F32800610062000100000062000200010062004A
:10F3380003000200620004000300620005000400EC
:10F34800620006000500620007000600620008006F
:10F35800070062000900080062000A000900620054
:10F368000B000A0062000C000B0062000D000C008C
:10F3780062000E000D0062000F000E006200100017
:10F388000F006200110010006200120011006200FC
:10F39800130012006200140013006200150014002C
:10F3A80062001600150062001700160062001800BF
:10F3B800170062001900180062001A0019006200A4
:10F3C8001B001A0062001C001B0062001D001C00CC
:10F3D80062001E001D0062001F001E006200200067
:10F3E8001F0062002100200062002200210062004C
:10F3F800230022006200240023006200250024006C
:10F40800620026002500620027002600620028000E
:10F41800270062002900280062002A0029006200F3
:10F428002B002A0062002C002B0062002D002C000B
:10F4380062002E002D0062002F002E0062003000B6
:10F448002F0062003100300062003200320062009A
:10F4580033003300620034003400620035003500A8
:10F46800620036003600620037003700620038005C
:10F47800380062003900390062003A003A00620040
:10F488003B003B0062003C003C0062003D003D0048
:10F4980062003E003E0062003F003F006200400004
:10F4A80040006200410041006200420042006200E8
:10F4B80043004300620044004400620045004500E8
:10F4C80062004600460062004700470062004800AC
:10F4D800480062004900490062004A004A00620090
:10F4E8004B004B0062004C004C0062004D004D0088
:10F4F80062004E004E0062004F004F006200500054
:10F508005000620051005100620052005200620037
:10F518005300530062005400540062005500550027
:10F5280062005600560062005700570062005800FB
:10F53800580062005900590062005A005A006200DF
:10F548005B005B0062005C005C0062005D005D00C7
:10F5580062005E005E0062005F005F0062006000A3
:10F568006000620061006100620062006200816800
:10F5780081686200816882285B00816803405400CA
:10F58800816884484D0081680520460081680660CE
:10F598003F00816887083800816888082B008168E7
:10F5A8000960240081680A201D0081688B481600C4
:10F5B80081680C400F0081688D28080081688E687A
:10F5C8000100822881685B008228822855008228F1
:10F5D80003404F00822884484900822805204300C0
:10F5E800822806603D00822887083700822888081C
:10F5F8002C0082280960260082280A202000822800
:10F608008B481A0082280C40140082288D280E008E
:10F6180082288E68080003408168540003408228CD
:10F628004F00034003404A0003408448450003401C
:10F6380005204000034006603B0003408708360071
:10F64800034088082D0003400960280003400A2071
:10F65800230003408B481E0003400C401900034060
:10F668008D28140003408E680F00844881684D007F
:10F6780084488228490084480340450084488448D7
:10F688004100844805203D008448066039008448CC
:10F6980087083500844888082E00844809602A00B5
:10F6A80084480A20260084488B48220084480C405D
:10F6B8001E0084488D281A0084488E68160005208C
:10F6C8008168460005208228430005200340400049
:10F6D800052084483D00052005203A0005200660E5
:10F6E8003700052087083400052088082F000520EA
:10F6F80009602C0005200A20290005208B482600D7
:10F7080005200C40230005208D28200005208E6848
:10F718001D00066081683F00066082283D00066083
:10F7280003403B0006608448390006600520370026
:10F7380006600660350006608708330006608808A2
:10F748003000066009602E0006600A202C00066062
:10F758008B482A0006600C40280006608D28260089
:10F7680006608E6824008708816838008708822828
:10F778003700870803403600870884483500870823
:10F7880005203400870806603300870887083200A0
:10F7980087088808310087080960300087080A2030
:10F7A8002F0087088B482E0087080C402D008708FB
:10F7B8008D282C0087088E682B00880881682B000C
:10F7C800880882282C00880803402D00880884486F
:10F7D8002E00880805202F00880806603000880859
:10F7E80087083100880888083200880809603300D3
:10F7F80088080A20340088088B48350088080C409F
:10F80800360088088D28370088088E683800096017
:10F8180081682400096082282600096003402800C6
:10F82800096084482A00096005202C0009600660E8
:10F838002E000960870830000960880833000960D5
:10F848000960350009600A20370009608B483900D3
:10F8580009600C403B0009608D283D0009608E68F6
:10F868003F000A2081681D000A20822820000A2003
:10F87800034023000A20844826000A200520290086
:10F888000A2006602C000A2087082F000A20880812
:10F8980034000A20096037000A200A203A000A20AA
:10F8A8008B483D000A200C4040000A208D28430068
:10F8B8000A208E6846008B48816816008B4882288B
:10F8C8001A008B4803401E008B48844822008B484E
:10F8D800052026008B4806602A008B4887082E00E2
:10F8E8008B48880835008B48096039008B480A2006
:10F8F8003D008B488B4841008B480C4045008B48A5
:10F908008D2849008B488E684D000C4081680F0097
:10F918000C40822814000C40034019000C40844815
:10F928001E000C40052023000C40066028000C40F7
:10F9380087082D000C40880836000C4009603B0001
:10F948000C400A2040000C408B4845000C400C40FD
:10F958004A000C408D284F000C408E6854008D28BA
:10F96800816808008D2882280E008D280340140025
:10F978008D2884481A008D28052020008D280660CF
:10F9880026008D2887082C008D28880837008D28A8
:10F9980009603D008D280A2043008D288B484900C6
:10F9A8008D280C404F008D288D2855008D288E6895
:10F9B8005B008E68816801008E68822808008E6866
:10F9C80003400F008E68844816008E6805201D00CD
:10F9D8008E68066024008E6887082B008E68880869
:10F9E80038008E6809603F008E680A2046008E68DD
:10F9F8008B484D008E680C4054008E688D285B0043
:08FA08008E688E6862000000A8
:04FA1000AD0100083C
:04FA1400890100085C
:04000005080012EDF0
:00000001FF
