
simpleserial-target-CWLITEARM.elf:     file format elf32-littlearm

Sections:
Idx Name          Size      VMA       LMA       File off  Algn
  0 .isr_vector   00000188  08000000  08000000  00001000  2**0
                  CONTENTS, ALLOC, LOAD, READONLY, DATA
  1 .text         0000126c  08000188  08000188  00001188  2**2
                  CONTENTS, ALLOC, LOAD, READONLY, CODE
  2 .rodata       00004e38  080013f4  080013f4  000023f4  2**2
                  CONTENTS, ALLOC, LOAD, READONLY, DATA
  3 .ARM.extab    00000000  0800622c  0800622c  00007234  2**0
                  CONTENTS
  4 .ARM          00000000  0800622c  0800622c  00007234  2**0
                  CONTENTS
  5 .preinit_array 00000000  0800622c  08006234  00007234  2**0
                  CONTENTS, ALLOC, LOAD, DATA
  6 .init_array   00000004  0800622c  0800622c  0000722c  2**2
                  CONTENTS, ALLOC, LOAD, DATA
  7 .fini_array   00000004  08006230  08006230  00007230  2**2
                  CONTENTS, ALLOC, LOAD, DATA
  8 .data         00000000  20000000  20000000  00007234  2**0
                  CONTENTS, ALLOC, LOAD, DATA
  9 .bss          00000158  20000000  08006234  00008000  2**2
                  ALLOC
 10 ._user_heap_stack 00000400  20000158  08006234  00008158  2**0
                  ALLOC
 11 .ARM.attributes 0000002a  00000000  00000000  00007234  2**0
                  CONTENTS, READONLY
 12 .debug_info   000096de  00000000  00000000  0000725e  2**0
                  CONTENTS, READONLY, DEBUGGING, OCTETS
 13 .debug_abbrev 00000d06  00000000  00000000  0001093c  2**0
                  CONTENTS, READONLY, DEBUGGING, OCTETS
 14 .debug_loc    00002904  00000000  00000000  00011642  2**0
                  CONTENTS, READONLY, DEBUGGING, OCTETS
 15 .debug_aranges 000001d8  00000000  00000000  00013f46  2**0
                  CONTENTS, READONLY, DEBUGGING, OCTETS
 16 .debug_ranges 00000638  00000000  00000000  0001411e  2**0
                  CONTENTS, READONLY, DEBUGGING, OCTETS
 17 .debug_line   0000279e  00000000  00000000  00014756  2**0
                  CONTENTS, READONLY, DEBUGGING, OCTETS
 18 .debug_str    00001600  00000000  00000000  00016ef4  2**0
                  CONTENTS, READONLY, DEBUGGING, OCTETS
 19 .comment      0000001e  00000000  00000000  000184f4  2**0
                  CONTENTS, READONLY
 20 .debug_frame  000004e0  00000000  00000000  00018514  2**2
                  CONTENTS, READONLY, DEBUGGING, OCTETS
 21 .stab         00000144  00000000  00000000  000189f4  2**2
                  CONTENTS, READONLY, DEBUGGING
 22 .stabstr      00000031  00000000  00000000  00018b38  2**0
                  CONTENTS, READONLY, DEBUGGING
 23 .debug_loclists 00000054  00000000  00000000  00018b69  2**0
                  CONTENTS, READONLY, DEBUGGING, OCTETS
 24 .debug_rnglists 00000013  00000000  00000000  00018bbd  2**0
                  CONTENTS, READONLY, DEBUGGING, OCTETS

Disassembly of section .text:

08000188 <__do_global_dtors_aux>:
 8000188:	b510      	push	{r4, lr}
 800018a:	4c05      	ldr	r4, [pc, #20]	@ (80001a0 <__do_global_dtors_aux+0x18>)
 800018c:	7823      	ldrb	r3, [r4, #0]
 800018e:	b933      	cbnz	r3, 800019e <__do_global_dtors_aux+0x16>
 8000190:	4b04      	ldr	r3, [pc, #16]	@ (80001a4 <__do_global_dtors_aux+0x1c>)
 8000192:	b113      	cbz	r3, 800019a <__do_global_dtors_aux+0x12>
 8000194:	4804      	ldr	r0, [pc, #16]	@ (80001a8 <__do_global_dtors_aux+0x20>)
 8000196:	f3af 8000 	nop.w
 800019a:	2301      	movs	r3, #1
 800019c:	7023      	strb	r3, [r4, #0]
 800019e:	bd10      	pop	{r4, pc}
 80001a0:	2000013c 	.word	0x2000013c
 80001a4:	00000000 	.word	0x00000000
 80001a8:	080013dc 	.word	0x080013dc

080001ac <frame_dummy>:
 80001ac:	b508      	push	{r3, lr}
 80001ae:	4b03      	ldr	r3, [pc, #12]	@ (80001bc <frame_dummy+0x10>)
 80001b0:	b11b      	cbz	r3, 80001ba <frame_dummy+0xe>
 80001b2:	4903      	ldr	r1, [pc, #12]	@ (80001c0 <frame_dummy+0x14>)
 80001b4:	4803      	ldr	r0, [pc, #12]	@ (80001c4 <frame_dummy+0x18>)
 80001b6:	f3af 8000 	nop.w
 80001ba:	bd08      	pop	{r3, pc}
 80001bc:	00000000 	.word	0x00000000
 80001c0:	20000140 	.word	0x20000140
 80001c4:	080013dc 	.word	0x080013dc

080001c8 <handle>:
#define NOP_SLED_50() do { \
    for(int i=0; i<800; i++) { __asm__ __volatile__ ("nop"); } \
} while(0)

uint8_t handle(uint8_t cmd, uint8_t scmd, uint8_t len, uint8_t *buf)
{
 80001c8:	b513      	push	{r0, r1, r4, lr}
 80001ca:	461c      	mov	r4, r3
    trigger_high();
 80001cc:	f000 fad8 	bl	8000780 <trigger_high>
 80001d0:	f44f 7348 	mov.w	r3, #800	@ 0x320
    
    NOP_SLED_50(); // Visual gap before math
 80001d4:	bf00      	nop
 80001d6:	3b01      	subs	r3, #1
 80001d8:	d1fc      	bne.n	80001d4 <handle+0xc>

    int32_t result = network_forward((uint16_t*)buf);
 80001da:	4620      	mov	r0, r4
 80001dc:	f000 f824 	bl	8000228 <network_forward>
 80001e0:	f44f 7448 	mov.w	r4, #800	@ 0x320
 80001e4:	9001      	str	r0, [sp, #4]
    
    NOP_SLED_50(); // Visual gap after math
 80001e6:	bf00      	nop
 80001e8:	3c01      	subs	r4, #1
 80001ea:	d1fc      	bne.n	80001e6 <handle+0x1e>
    
    trigger_low();
 80001ec:	f000 facf 	bl	800078e <trigger_low>
    simpleserial_put('r', sizeof(int32_t), (uint8_t*)&result);
 80001f0:	aa01      	add	r2, sp, #4
 80001f2:	2104      	movs	r1, #4
 80001f4:	2072      	movs	r0, #114	@ 0x72
 80001f6:	f000 f95b 	bl	80004b0 <simpleserial_put>
    return 0;
}
 80001fa:	4620      	mov	r0, r4
 80001fc:	b002      	add	sp, #8
 80001fe:	bd10      	pop	{r4, pc}

08000200 <main>:

int main(void)
{
 8000200:	b508      	push	{r3, lr}
    platform_init();
 8000202:	f000 fa1d 	bl	8000640 <platform_init>
    init_uart();
 8000206:	f000 fa59 	bl	80006bc <init_uart>
    trigger_setup();
 800020a:	f000 fa95 	bl	8000738 <trigger_setup>
    simpleserial_init();
 800020e:	f000 f93d 	bl	800048c <simpleserial_init>
    simpleserial_addcmd('p', 10, handle);
 8000212:	4a04      	ldr	r2, [pc, #16]	@ (8000224 <main+0x24>)
 8000214:	210a      	movs	r1, #10
 8000216:	2070      	movs	r0, #112	@ 0x70
 8000218:	f000 f91e 	bl	8000458 <simpleserial_addcmd>
    while(1) simpleserial_get();
 800021c:	f000 f9a2 	bl	8000564 <simpleserial_get>
 8000220:	e7fc      	b.n	800021c <main+0x1c>
 8000222:	bf00      	nop
 8000224:	080001c9 	.word	0x080001c9

08000228 <network_forward>:
#include "network_config.h"
#include "code_ops.h"            // add_binary_codes(), multiply_original()

int32_t network_forward(const uint16_t input[])
{
 8000228:	e92d 4ff0 	stmdb	sp!, {r4, r5, r6, r7, r8, r9, sl, fp, lr}
 800022c:	4a69      	ldr	r2, [pc, #420]	@ (80003d4 <network_forward+0x1ac>)
 800022e:	b08f      	sub	sp, #60	@ 0x3c
 8000230:	f102 0318 	add.w	r3, r2, #24
 8000234:	9004      	str	r0, [sp, #16]
 8000236:	9302      	str	r3, [sp, #8]
 8000238:	f102 0330 	add.w	r3, r2, #48	@ 0x30
 800023c:	9301      	str	r3, [sp, #4]
 800023e:	9b04      	ldr	r3, [sp, #16]
 8000240:	f10d 0b1c 	add.w	fp, sp, #28
 8000244:	3312      	adds	r3, #18
 8000246:	f102 0048 	add.w	r0, r2, #72	@ 0x48
}

static inline int8_t binary_code_to_index(uint16_t code) {
    for (int i = 0; i < 98; i++)
        if (binary_code_list[i] == code) return i;
    return -1;
 800024a:	f8cd b000 	str.w	fp, [sp]
    // Computation for the first layer
    int8_t hidden_q[NET_L1];   // after ReLU: [0, 7]

    for (int o = 0; o < NET_L1; o++) {
 800024e:	2500      	movs	r5, #0
 8000250:	9305      	str	r3, [sp, #20]
        // add bias
        acc += L1_B[o];

        // apply multiplier by formula scaled = (acc * M0) >> (31 + N)  with rounding
        int64_t temp = (int64_t)acc * L1_M0[o];
        temp += (1LL << (31 + L1_N[o] - 1));   // rounding half
 8000252:	2601      	movs	r6, #1
        for (int i = 0; i < NET_INPUTS; i++) {
 8000254:	9b04      	ldr	r3, [sp, #16]
{
 8000256:	9003      	str	r0, [sp, #12]
 8000258:	a909      	add	r1, sp, #36	@ 0x24
 800025a:	1e9c      	subs	r4, r3, #2
 800025c:	468e      	mov	lr, r1
            prod_codes[i] = multiply_original(input[i], L1_W[o][i]);
 800025e:	9b03      	ldr	r3, [sp, #12]
 8000260:	4f5d      	ldr	r7, [pc, #372]	@ (80003d8 <network_forward+0x1b0>)
 8000262:	f833 9b02 	ldrh.w	r9, [r3], #2
 8000266:	f834 af02 	ldrh.w	sl, [r4, #2]!
 800026a:	9303      	str	r3, [sp, #12]
 800026c:	46b8      	mov	r8, r7
    for (int i = 0; i < 14; i++)
 800026e:	2300      	movs	r3, #0
        if (orig_code_list[i] == code) return i;
 8000270:	f838 cb02 	ldrh.w	ip, [r8], #2
 8000274:	45e2      	cmp	sl, ip
 8000276:	f040 808d 	bne.w	8000394 <network_forward+0x16c>
 800027a:	b25b      	sxtb	r3, r3
    for (int i = 0; i < 14; i++)
 800027c:	f04f 0800 	mov.w	r8, #0
        if (orig_code_list[i] == code) return i;
 8000280:	f837 ab02 	ldrh.w	sl, [r7], #2
 8000284:	45d1      	cmp	r9, sl
 8000286:	f040 808c 	bne.w	80003a2 <network_forward+0x17a>
 800028a:	fa4f f888 	sxtb.w	r8, r8
}

static inline uint16_t multiply_original(uint16_t a, uint16_t b) {
    return mult_lut[orig_code_to_index(a)][orig_code_to_index(b)];
 800028e:	270e      	movs	r7, #14
 8000290:	fb07 8803 	mla	r8, r7, r3, r8
 8000294:	4b4f      	ldr	r3, [pc, #316]	@ (80003d4 <network_forward+0x1ac>)
 8000296:	eb03 0848 	add.w	r8, r3, r8, lsl #1
 800029a:	f8b8 30dc 	ldrh.w	r3, [r8, #220]	@ 0xdc
 800029e:	f82e 3b02 	strh.w	r3, [lr], #2
        for (int i = 0; i < NET_INPUTS; i++) {
 80002a2:	9b05      	ldr	r3, [sp, #20]
 80002a4:	42a3      	cmp	r3, r4
 80002a6:	d1da      	bne.n	800025e <network_forward+0x36>
        for (int i = 0; i < NET_INPUTS; i += 2) {
 80002a8:	2400      	movs	r4, #0
        int32_t acc = 0;   // real accumulator
 80002aa:	4627      	mov	r7, r4
            uint16_t code_a = prod_codes[i];
 80002ac:	f8df c12c 	ldr.w	ip, [pc, #300]	@ 80003dc <network_forward+0x1b4>
 80002b0:	f8b1 9000 	ldrh.w	r9, [r1]
            uint16_t code_b = prod_codes[i + 1];
 80002b4:	f8b1 8002 	ldrh.w	r8, [r1, #2]
 80002b8:	46e6      	mov	lr, ip
    for (int i = 0; i < 98; i++)
 80002ba:	2300      	movs	r3, #0
        if (binary_code_list[i] == code) return i;
 80002bc:	f83e ab02 	ldrh.w	sl, [lr], #2
 80002c0:	45d1      	cmp	r9, sl
 80002c2:	d177      	bne.n	80003b4 <network_forward+0x18c>
 80002c4:	b25b      	sxtb	r3, r3
    for (int i = 0; i < 98; i++)
 80002c6:	f04f 0e00 	mov.w	lr, #0
        if (binary_code_list[i] == code) return i;
 80002ca:	f83c 9b02 	ldrh.w	r9, [ip], #2
 80002ce:	45c8      	cmp	r8, r9
 80002d0:	d176      	bne.n	80003c0 <network_forward+0x198>
 80002d2:	fa4f fe8e 	sxtb.w	lr, lr
}

static inline int16_t add_binary_codes(uint16_t a, uint16_t b) {
    return add_lut[binary_code_to_index(a)][binary_code_to_index(b)];
 80002d6:	f04f 0c62 	mov.w	ip, #98	@ 0x62
 80002da:	fb0c ee03 	mla	lr, ip, r3, lr
            int pair_sum = add_binary_codes(code_a, code_b);
 80002de:	4b40      	ldr	r3, [pc, #256]	@ (80003e0 <network_forward+0x1b8>)
        for (int i = 0; i < NET_INPUTS; i += 2) {
 80002e0:	3402      	adds	r4, #2
            int pair_sum = add_binary_codes(code_a, code_b);
 80002e2:	f933 301e 	ldrsh.w	r3, [r3, lr, lsl #1]
        for (int i = 0; i < NET_INPUTS; i += 2) {
 80002e6:	2c0a      	cmp	r4, #10
            acc += pair_sum;
 80002e8:	441f      	add	r7, r3
        for (int i = 0; i < NET_INPUTS; i += 2) {
 80002ea:	f101 0104 	add.w	r1, r1, #4
 80002ee:	d1dd      	bne.n	80002ac <network_forward+0x84>
        int64_t temp = (int64_t)acc * L1_M0[o];
 80002f0:	9902      	ldr	r1, [sp, #8]
        temp += (1LL << (31 + L1_N[o] - 1));   // rounding half
 80002f2:	9c01      	ldr	r4, [sp, #4]
        int64_t temp = (int64_t)acc * L1_M0[o];
 80002f4:	f851 cb04 	ldr.w	ip, [r1], #4
 80002f8:	9102      	str	r1, [sp, #8]
        temp += (1LL << (31 + L1_N[o] - 1));   // rounding half
 80002fa:	f854 1b04 	ldr.w	r1, [r4], #4
        acc += L1_B[o];
 80002fe:	f852 3b04 	ldr.w	r3, [r2], #4
        temp += (1LL << (31 + L1_N[o] - 1));   // rounding half
 8000302:	9401      	str	r4, [sp, #4]
 8000304:	f1a1 0e02 	sub.w	lr, r1, #2
 8000308:	f1c1 0402 	rsb	r4, r1, #2
        acc += L1_B[o];
 800030c:	441f      	add	r7, r3
        temp += (1LL << (31 + L1_N[o] - 1));   // rounding half
 800030e:	fa06 fe0e 	lsl.w	lr, r6, lr
 8000312:	f101 031e 	add.w	r3, r1, #30
 8000316:	fa26 f404 	lsr.w	r4, r6, r4
 800031a:	ea4e 0404 	orr.w	r4, lr, r4
 800031e:	fa06 f303 	lsl.w	r3, r6, r3
 8000322:	fbc7 340c 	smlal	r3, r4, r7, ip
        int32_t activation = (int32_t)(temp >> (31 + L1_N[o]));
 8000326:	f101 071f 	add.w	r7, r1, #31
 800032a:	f1c1 0101 	rsb	r1, r1, #1
 800032e:	f1b7 0c20 	subs.w	ip, r7, #32
 8000332:	fa04 f101 	lsl.w	r1, r4, r1
 8000336:	fa23 f307 	lsr.w	r3, r3, r7
 800033a:	ea43 0301 	orr.w	r3, r3, r1
 800033e:	bf58      	it	pl
 8000340:	fa44 fc0c 	asrpl.w	ip, r4, ip

        // ReLU + clamp to range [0, 7]
        if (activation < 0) activation = 0;
        if (activation > 7) activation = 7;

        hidden_q[o] = (int8_t)activation;
 8000344:	9900      	ldr	r1, [sp, #0]
        int32_t activation = (int32_t)(temp >> (31 + L1_N[o]));
 8000346:	bf58      	it	pl
 8000348:	ea43 030c 	orrpl.w	r3, r3, ip
        if (activation < 0) activation = 0;
 800034c:	f383 0303 	usat	r3, #3, r3
        hidden_q[o] = (int8_t)activation;
 8000350:	f801 3b01 	strb.w	r3, [r1], #1
    for (int o = 0; o < NET_L1; o++) {
 8000354:	3501      	adds	r5, #1
 8000356:	2d06      	cmp	r5, #6
        hidden_q[o] = (int8_t)activation;
 8000358:	9100      	str	r1, [sp, #0]
    for (int o = 0; o < NET_L1; o++) {
 800035a:	f100 0014 	add.w	r0, r0, #20
 800035e:	f47f af79 	bne.w	8000254 <network_forward+0x2c>
    }

    // Computation for layer 2
    int32_t acc = 0;

    for (int i = 0; i < NET_L1; i++) {
 8000362:	2200      	movs	r2, #0
 8000364:	491f      	ldr	r1, [pc, #124]	@ (80003e4 <network_forward+0x1bc>)
    int32_t acc = 0;
 8000366:	4613      	mov	r3, r2
        int32_t x = hidden_q[i];
 8000368:	f91b 4b01 	ldrsb.w	r4, [fp], #1
        int32_t w = L2_W[0][i];
 800036c:	f911 0b01 	ldrsb.w	r0, [r1], #1
    for (int i = 0; i < NET_L1; i++) {
 8000370:	3201      	adds	r2, #1
 8000372:	2a06      	cmp	r2, #6
        acc += x * w;
 8000374:	fb04 3300 	mla	r3, r4, r0, r3
    for (int i = 0; i < NET_L1; i++) {
 8000378:	d1f6      	bne.n	8000368 <network_forward+0x140>

    acc += L2_B[0];

    // apply multiplier for output layer
    int64_t temp = (int64_t)acc * L2_M0[0];
    temp += (1LL << (31 + L2_N[0] - 1));
 800037a:	491b      	ldr	r1, [pc, #108]	@ (80003e8 <network_forward+0x1c0>)
    acc += L2_B[0];
 800037c:	1e5a      	subs	r2, r3, #1
    temp += (1LL << (31 + L2_N[0] - 1));
 800037e:	2000      	movs	r0, #0
 8000380:	f44f 0380 	mov.w	r3, #4194304	@ 0x400000
 8000384:	fbc2 3001 	smlal	r3, r0, r2, r1
    int32_t logit_q = (int32_t)(temp >> (31 + L2_N[0]));
 8000388:	0ddb      	lsrs	r3, r3, #23

    return logit_q;
 800038a:	ea43 2040 	orr.w	r0, r3, r0, lsl #9
 800038e:	b00f      	add	sp, #60	@ 0x3c
 8000390:	e8bd 8ff0 	ldmia.w	sp!, {r4, r5, r6, r7, r8, r9, sl, fp, pc}
    for (int i = 0; i < 14; i++)
 8000394:	3301      	adds	r3, #1
 8000396:	2b0e      	cmp	r3, #14
 8000398:	f47f af6a 	bne.w	8000270 <network_forward+0x48>
    return -1;
 800039c:	f04f 33ff 	mov.w	r3, #4294967295	@ 0xffffffff
 80003a0:	e76c      	b.n	800027c <network_forward+0x54>
    for (int i = 0; i < 14; i++)
 80003a2:	f108 0801 	add.w	r8, r8, #1
 80003a6:	f1b8 0f0e 	cmp.w	r8, #14
 80003aa:	f47f af69 	bne.w	8000280 <network_forward+0x58>
    return -1;
 80003ae:	f04f 38ff 	mov.w	r8, #4294967295	@ 0xffffffff
 80003b2:	e76c      	b.n	800028e <network_forward+0x66>
    for (int i = 0; i < 98; i++)
 80003b4:	3301      	adds	r3, #1
 80003b6:	2b62      	cmp	r3, #98	@ 0x62
 80003b8:	d180      	bne.n	80002bc <network_forward+0x94>
    return -1;
 80003ba:	f04f 33ff 	mov.w	r3, #4294967295	@ 0xffffffff
 80003be:	e782      	b.n	80002c6 <network_forward+0x9e>
    for (int i = 0; i < 98; i++)
 80003c0:	f10e 0e01 	add.w	lr, lr, #1
 80003c4:	f1be 0f62 	cmp.w	lr, #98	@ 0x62
 80003c8:	f47f af7f 	bne.w	80002ca <network_forward+0xa2>
    return -1;
 80003cc:	f04f 3eff 	mov.w	lr, #4294967295	@ 0xffffffff
 80003d0:	e781      	b.n	80002d6 <network_forward+0xae>
 80003d2:	bf00      	nop
 80003d4:	080013f4 	.word	0x080013f4
 80003d8:	080014b4 	.word	0x080014b4
 80003dc:	08001658 	.word	0x08001658
 80003e0:	08001722 	.word	0x08001722
 80003e4:	0800171c 	.word	0x0800171c
 80003e8:	50aefe4c 	.word	0x50aefe4c

080003ec <ss_crc>:


// 0xA6 formerly 
#define CW_CRC 0x4D 
uint8_t ss_crc(uint8_t *buf, uint8_t len)
{
 80003ec:	b510      	push	{r4, lr}
 80003ee:	4602      	mov	r2, r0
	unsigned int k = 0;
	uint8_t crc = 0x00;
	while (len--) {
 80003f0:	4401      	add	r1, r0
	uint8_t crc = 0x00;
 80003f2:	2000      	movs	r0, #0
	while (len--) {
 80003f4:	428a      	cmp	r2, r1
 80003f6:	d100      	bne.n	80003fa <ss_crc+0xe>
			crc = crc & 0x80 ? (crc << 1) ^ CW_CRC: crc << 1;
		}
	}
	return crc;

}
 80003f8:	bd10      	pop	{r4, pc}
		crc ^= *buf++;
 80003fa:	f812 3b01 	ldrb.w	r3, [r2], #1
 80003fe:	2408      	movs	r4, #8
 8000400:	4058      	eors	r0, r3
			crc = crc & 0x80 ? (crc << 1) ^ CW_CRC: crc << 1;
 8000402:	b243      	sxtb	r3, r0
 8000404:	2b00      	cmp	r3, #0
 8000406:	bfba      	itte	lt
 8000408:	005b      	lsllt	r3, r3, #1
 800040a:	f083 034d 	eorlt.w	r3, r3, #77	@ 0x4d
 800040e:	0043      	lslge	r3, r0, #1
		for (k = 0; k < 8; k++) {
 8000410:	3c01      	subs	r4, #1
			crc = crc & 0x80 ? (crc << 1) ^ CW_CRC: crc << 1;
 8000412:	b2d8      	uxtb	r0, r3
		for (k = 0; k < 8; k++) {
 8000414:	d1f5      	bne.n	8000402 <ss_crc+0x16>
 8000416:	e7ed      	b.n	80003f4 <ss_crc+0x8>

08000418 <stuff_data>:
    return 0x00;

}

uint8_t stuff_data(uint8_t *buf, uint8_t len)
{
 8000418:	b530      	push	{r4, r5, lr}
	uint8_t i = 1;
	uint8_t last = 0;
 800041a:	2200      	movs	r2, #0
 800041c:	4604      	mov	r4, r0
	uint8_t i = 1;
 800041e:	2301      	movs	r3, #1
	for (; i < len; i++) {
 8000420:	428b      	cmp	r3, r1
 8000422:	d301      	bcc.n	8000428 <stuff_data+0x10>
			buf[last] = i - last;
			last = i;
		}
	}
	return 0x00;
}
 8000424:	2000      	movs	r0, #0
 8000426:	bd30      	pop	{r4, r5, pc}
		if (buf[i] == FRAME_BYTE) {
 8000428:	f814 5f01 	ldrb.w	r5, [r4, #1]!
 800042c:	b915      	cbnz	r5, 8000434 <stuff_data+0x1c>
			buf[last] = i - last;
 800042e:	1a9d      	subs	r5, r3, r2
 8000430:	5485      	strb	r5, [r0, r2]
			last = i;
 8000432:	461a      	mov	r2, r3
	for (; i < len; i++) {
 8000434:	3301      	adds	r3, #1
 8000436:	b2db      	uxtb	r3, r3
 8000438:	e7f2      	b.n	8000420 <stuff_data+0x8>

0800043a <unstuff_data>:

uint8_t unstuff_data(uint8_t *buf, uint8_t len)
{
 800043a:	b530      	push	{r4, r5, lr}
	uint8_t next = buf[0];
 800043c:	7804      	ldrb	r4, [r0, #0]
	buf[0] = 0x00;
 800043e:	2500      	movs	r5, #0
{
 8000440:	4602      	mov	r2, r0
	buf[0] = 0x00;
 8000442:	7005      	strb	r5, [r0, #0]
	uint8_t next = buf[0];
 8000444:	4620      	mov	r0, r4
	//len -= 1;
	uint8_t tmp = next;
	while ((next < len) && tmp != 0) {
 8000446:	4288      	cmp	r0, r1
 8000448:	d200      	bcs.n	800044c <unstuff_data+0x12>
 800044a:	b904      	cbnz	r4, 800044e <unstuff_data+0x14>
		tmp = buf[next];
		buf[next] = FRAME_BYTE;
		next += tmp;
	}
	return next;
}
 800044c:	bd30      	pop	{r4, r5, pc}
		tmp = buf[next];
 800044e:	5c14      	ldrb	r4, [r2, r0]
		buf[next] = FRAME_BYTE;
 8000450:	5415      	strb	r5, [r2, r0]
		next += tmp;
 8000452:	1903      	adds	r3, r0, r4
 8000454:	b2d8      	uxtb	r0, r3
 8000456:	e7f6      	b.n	8000446 <unstuff_data+0xc>

08000458 <simpleserial_addcmd>:
	simpleserial_addcmd('v', 0, check_version);
    simpleserial_addcmd('w', 0, ss_get_commands);
}

int simpleserial_addcmd(char c, unsigned int len, uint8_t (*fp)(uint8_t, uint8_t, uint8_t, uint8_t*))
{
 8000458:	b538      	push	{r3, r4, r5, lr}
	if(num_commands >= MAX_SS_CMDS) {
 800045a:	4d0b      	ldr	r5, [pc, #44]	@ (8000488 <simpleserial_addcmd+0x30>)
 800045c:	682b      	ldr	r3, [r5, #0]
 800045e:	2b0f      	cmp	r3, #15
 8000460:	dd04      	ble.n	800046c <simpleserial_addcmd+0x14>
		putch('a');
 8000462:	2061      	movs	r0, #97	@ 0x61
		return 1;
	}

	if(len >= MAX_SS_LEN) {
		putch('b');
 8000464:	f000 f9b2 	bl	80007cc <putch>
		return 1;
 8000468:	2001      	movs	r0, #1
	commands[num_commands].len = len;
	commands[num_commands].fp  = fp;
	num_commands++;

	return 0;
}
 800046a:	bd38      	pop	{r3, r4, r5, pc}
	if(len >= MAX_SS_LEN) {
 800046c:	29ff      	cmp	r1, #255	@ 0xff
 800046e:	d901      	bls.n	8000474 <simpleserial_addcmd+0x1c>
		putch('b');
 8000470:	2062      	movs	r0, #98	@ 0x62
 8000472:	e7f7      	b.n	8000464 <simpleserial_addcmd+0xc>
	commands[num_commands].c   = c;
 8000474:	240c      	movs	r4, #12
 8000476:	fb04 5403 	mla	r4, r4, r3, r5
	num_commands++;
 800047a:	3301      	adds	r3, #1
	commands[num_commands].c   = c;
 800047c:	7120      	strb	r0, [r4, #4]
	commands[num_commands].fp  = fp;
 800047e:	e9c4 1202 	strd	r1, r2, [r4, #8]
	num_commands++;
 8000482:	602b      	str	r3, [r5, #0]
	return 0;
 8000484:	2000      	movs	r0, #0
 8000486:	e7f0      	b.n	800046a <simpleserial_addcmd+0x12>
 8000488:	20000000 	.word	0x20000000

0800048c <simpleserial_init>:
{
 800048c:	b508      	push	{r3, lr}
	simpleserial_addcmd('v', 0, check_version);
 800048e:	4a06      	ldr	r2, [pc, #24]	@ (80004a8 <simpleserial_init+0x1c>)
 8000490:	2100      	movs	r1, #0
 8000492:	2076      	movs	r0, #118	@ 0x76
 8000494:	f7ff ffe0 	bl	8000458 <simpleserial_addcmd>
}
 8000498:	e8bd 4008 	ldmia.w	sp!, {r3, lr}
    simpleserial_addcmd('w', 0, ss_get_commands);
 800049c:	4a03      	ldr	r2, [pc, #12]	@ (80004ac <simpleserial_init+0x20>)
 800049e:	2100      	movs	r1, #0
 80004a0:	2077      	movs	r0, #119	@ 0x77
 80004a2:	f7ff bfd9 	b.w	8000458 <simpleserial_addcmd>
 80004a6:	bf00      	nop
 80004a8:	0800050b 	.word	0x0800050b
 80004ac:	08000529 	.word	0x08000529

080004b0 <simpleserial_put>:
	simpleserial_put('e', 0x01, &err);
	return;
}

void simpleserial_put(char c, uint8_t size, uint8_t* output)
{
 80004b0:	b5f0      	push	{r4, r5, r6, r7, lr}
 80004b2:	b0c1      	sub	sp, #260	@ 0x104
	uint8_t data_buf[MAX_SS_LEN];
	data_buf[0] = 0x00;
 80004b4:	2300      	movs	r3, #0
{
 80004b6:	460d      	mov	r5, r1
	data_buf[1] = c;
	data_buf[2] = size;
 80004b8:	f88d 1002 	strb.w	r1, [sp, #2]
	data_buf[0] = 0x00;
 80004bc:	466c      	mov	r4, sp
 80004be:	f88d 3000 	strb.w	r3, [sp]
	data_buf[1] = c;
 80004c2:	f88d 0001 	strb.w	r0, [sp, #1]
	int i = 0;
	for (; i < size; i++) {
 80004c6:	f10d 0102 	add.w	r1, sp, #2
 80004ca:	429d      	cmp	r5, r3
 80004cc:	dc18      	bgt.n	8000500 <simpleserial_put+0x50>
		data_buf[i + 3] = output[i];
	}
	data_buf[i + 3] = ss_crc(data_buf+1, size+2);
 80004ce:	1ca9      	adds	r1, r5, #2
 80004d0:	b2c9      	uxtb	r1, r1
 80004d2:	f10d 0001 	add.w	r0, sp, #1
 80004d6:	f7ff ff89 	bl	80003ec <ss_crc>
 80004da:	1963      	adds	r3, r4, r5
	data_buf[i + 4] = 0x00;
 80004dc:	1d2f      	adds	r7, r5, #4
	stuff_data(data_buf, i + 5);
 80004de:	1d69      	adds	r1, r5, #5
	data_buf[i + 3] = ss_crc(data_buf+1, size+2);
 80004e0:	70d8      	strb	r0, [r3, #3]
	data_buf[i + 4] = 0x00;
 80004e2:	2600      	movs	r6, #0
	stuff_data(data_buf, i + 5);
 80004e4:	b2c9      	uxtb	r1, r1
 80004e6:	4620      	mov	r0, r4
	data_buf[i + 4] = 0x00;
 80004e8:	55e6      	strb	r6, [r4, r7]
	stuff_data(data_buf, i + 5);
 80004ea:	f7ff ff95 	bl	8000418 <stuff_data>
	for (int i = 0; i < size + 5; i++) {
		putch(data_buf[i]);
 80004ee:	f814 0b01 	ldrb.w	r0, [r4], #1
	for (int i = 0; i < size + 5; i++) {
 80004f2:	3601      	adds	r6, #1
		putch(data_buf[i]);
 80004f4:	f000 f96a 	bl	80007cc <putch>
	for (int i = 0; i < size + 5; i++) {
 80004f8:	42b7      	cmp	r7, r6
 80004fa:	daf8      	bge.n	80004ee <simpleserial_put+0x3e>
	}
}
 80004fc:	b041      	add	sp, #260	@ 0x104
 80004fe:	bdf0      	pop	{r4, r5, r6, r7, pc}
		data_buf[i + 3] = output[i];
 8000500:	5cd0      	ldrb	r0, [r2, r3]
 8000502:	f801 0f01 	strb.w	r0, [r1, #1]!
	for (; i < size; i++) {
 8000506:	3301      	adds	r3, #1
 8000508:	e7df      	b.n	80004ca <simpleserial_put+0x1a>

0800050a <check_version>:
{
 800050a:	b507      	push	{r0, r1, r2, lr}
	uint8_t ver = SS_VER;
 800050c:	2303      	movs	r3, #3
	simpleserial_put('r', 1, &ver);
 800050e:	f10d 0207 	add.w	r2, sp, #7
 8000512:	2101      	movs	r1, #1
 8000514:	2072      	movs	r0, #114	@ 0x72
	uint8_t ver = SS_VER;
 8000516:	f88d 3007 	strb.w	r3, [sp, #7]
	simpleserial_put('r', 1, &ver);
 800051a:	f7ff ffc9 	bl	80004b0 <simpleserial_put>
}
 800051e:	2000      	movs	r0, #0
 8000520:	b003      	add	sp, #12
 8000522:	f85d fb04 	ldr.w	pc, [sp], #4
 8000526:	0000      	movs	r0, r0

08000528 <ss_get_commands>:
{
 8000528:	b530      	push	{r4, r5, lr}
    for (uint8_t i = 0; i < (num_commands & 0xFF); i++) {
 800052a:	480d      	ldr	r0, [pc, #52]	@ (8000560 <ss_get_commands+0x38>)
 800052c:	7801      	ldrb	r1, [r0, #0]
{
 800052e:	b085      	sub	sp, #20
    for (uint8_t i = 0; i < (num_commands & 0xFF); i++) {
 8000530:	2200      	movs	r2, #0
        cmd_chars[i] = commands[i].c;
 8000532:	240c      	movs	r4, #12
    for (uint8_t i = 0; i < (num_commands & 0xFF); i++) {
 8000534:	b2d3      	uxtb	r3, r2
 8000536:	428b      	cmp	r3, r1
 8000538:	f102 0201 	add.w	r2, r2, #1
 800053c:	db06      	blt.n	800054c <ss_get_commands+0x24>
    simpleserial_put('r', num_commands & 0xFF, (void *)cmd_chars);
 800053e:	466a      	mov	r2, sp
 8000540:	2072      	movs	r0, #114	@ 0x72
 8000542:	f7ff ffb5 	bl	80004b0 <simpleserial_put>
}
 8000546:	2000      	movs	r0, #0
 8000548:	b005      	add	sp, #20
 800054a:	bd30      	pop	{r4, r5, pc}
        cmd_chars[i] = commands[i].c;
 800054c:	f103 0510 	add.w	r5, r3, #16
 8000550:	fb04 0303 	mla	r3, r4, r3, r0
 8000554:	446d      	add	r5, sp
 8000556:	791b      	ldrb	r3, [r3, #4]
 8000558:	f805 3c10 	strb.w	r3, [r5, #-16]
    for (uint8_t i = 0; i < (num_commands & 0xFF); i++) {
 800055c:	e7ea      	b.n	8000534 <ss_get_commands+0xc>
 800055e:	bf00      	nop
 8000560:	20000000 	.word	0x20000000

08000564 <simpleserial_get>:
{
 8000564:	e92d 47f0 	stmdb	sp!, {r4, r5, r6, r7, r8, r9, sl, lr}
 8000568:	b0c2      	sub	sp, #264	@ 0x108
	uint8_t err = 0;
 800056a:	f10d 0707 	add.w	r7, sp, #7
 800056e:	2400      	movs	r4, #0
 8000570:	ae02      	add	r6, sp, #8
 8000572:	703c      	strb	r4, [r7, #0]
	for (int i = 0; i < 4; i++) {
 8000574:	4635      	mov	r5, r6
		data_buf[i] = getch(); //PTR, cmd, scmd, len
 8000576:	f000 f911 	bl	800079c <getch>
 800057a:	f806 0b01 	strb.w	r0, [r6], #1
		if (data_buf[i] == FRAME_BYTE) {
 800057e:	b948      	cbnz	r0, 8000594 <simpleserial_get+0x30>
			goto ERROR;
 8000580:	2005      	movs	r0, #5
			err = SS_ERR_FRAME_BYTE;
 8000582:	7038      	strb	r0, [r7, #0]
	simpleserial_put('e', 0x01, &err);
 8000584:	463a      	mov	r2, r7
 8000586:	2101      	movs	r1, #1
 8000588:	2065      	movs	r0, #101	@ 0x65
 800058a:	f7ff ff91 	bl	80004b0 <simpleserial_put>
}
 800058e:	b042      	add	sp, #264	@ 0x108
 8000590:	e8bd 87f0 	ldmia.w	sp!, {r4, r5, r6, r7, r8, r9, sl, pc}
	for (int i = 0; i < 4; i++) {
 8000594:	3401      	adds	r4, #1
 8000596:	2c04      	cmp	r4, #4
 8000598:	d1ed      	bne.n	8000576 <simpleserial_get+0x12>
	uint8_t next_frame = unstuff_data(data_buf, 4);
 800059a:	4621      	mov	r1, r4
 800059c:	4628      	mov	r0, r5
 800059e:	f7ff ff4c 	bl	800043a <unstuff_data>
	for(c = 0; c < num_commands; c++)
 80005a2:	4e26      	ldr	r6, [pc, #152]	@ (800063c <simpleserial_get+0xd8>)
		if(commands[c].c == data_buf[1])
 80005a4:	7869      	ldrb	r1, [r5, #1]
	for(c = 0; c < num_commands; c++)
 80005a6:	6832      	ldr	r2, [r6, #0]
	uint8_t next_frame = unstuff_data(data_buf, 4);
 80005a8:	4680      	mov	r8, r0
	for(c = 0; c < num_commands; c++)
 80005aa:	2300      	movs	r3, #0
		if(commands[c].c == data_buf[1])
 80005ac:	200c      	movs	r0, #12
	for(c = 0; c < num_commands; c++)
 80005ae:	fa5f f983 	uxtb.w	r9, r3
 80005b2:	4591      	cmp	r9, r2
 80005b4:	db02      	blt.n	80005bc <simpleserial_get+0x58>
	if (c == num_commands) {
 80005b6:	d108      	bne.n	80005ca <simpleserial_get+0x66>
 80005b8:	2001      	movs	r0, #1
 80005ba:	e7e2      	b.n	8000582 <simpleserial_get+0x1e>
		if(commands[c].c == data_buf[1])
 80005bc:	fb00 6c09 	mla	ip, r0, r9, r6
 80005c0:	3301      	adds	r3, #1
 80005c2:	f89c c004 	ldrb.w	ip, [ip, #4]
 80005c6:	458c      	cmp	ip, r1
 80005c8:	d1f1      	bne.n	80005ae <simpleserial_get+0x4a>
	if ((data_buf[3] + 5) < next_frame) {
 80005ca:	78eb      	ldrb	r3, [r5, #3]
 80005cc:	3305      	adds	r3, #5
 80005ce:	4543      	cmp	r3, r8
 80005d0:	da07      	bge.n	80005e2 <simpleserial_get+0x7e>
		goto ERROR;
 80005d2:	2004      	movs	r0, #4
 80005d4:	e7d5      	b.n	8000582 <simpleserial_get+0x1e>
		data_buf[i] = getch();
 80005d6:	f000 f8e1 	bl	800079c <getch>
 80005da:	5528      	strb	r0, [r5, r4]
		if (data_buf[i] == FRAME_BYTE) {
 80005dc:	2800      	cmp	r0, #0
 80005de:	d0cf      	beq.n	8000580 <simpleserial_get+0x1c>
	for (; i < data_buf[3] + 5; i++) {
 80005e0:	3401      	adds	r4, #1
 80005e2:	78eb      	ldrb	r3, [r5, #3]
 80005e4:	3304      	adds	r3, #4
 80005e6:	42a3      	cmp	r3, r4
 80005e8:	daf5      	bge.n	80005d6 <simpleserial_get+0x72>
	data_buf[i] = getch();
 80005ea:	f000 f8d7 	bl	800079c <getch>
 80005ee:	5528      	strb	r0, [r5, r4]
	if (data_buf[i] != FRAME_BYTE) {
 80005f0:	2800      	cmp	r0, #0
 80005f2:	d1ee      	bne.n	80005d2 <simpleserial_get+0x6e>
	unstuff_data(data_buf + next_frame, i - next_frame + 1);
 80005f4:	f1c8 0101 	rsb	r1, r8, #1
 80005f8:	fa51 f184 	uxtab	r1, r1, r4
 80005fc:	fa5f fa84 	uxtb.w	sl, r4
 8000600:	b2c9      	uxtb	r1, r1
 8000602:	eb05 0008 	add.w	r0, r5, r8
 8000606:	f7ff ff18 	bl	800043a <unstuff_data>
	uint8_t crc = ss_crc(data_buf+1, i-2);
 800060a:	f1aa 0102 	sub.w	r1, sl, #2
 800060e:	b2c9      	uxtb	r1, r1
 8000610:	f10d 0009 	add.w	r0, sp, #9
	if (crc != data_buf[i-1]) {
 8000614:	442c      	add	r4, r5
	uint8_t crc = ss_crc(data_buf+1, i-2);
 8000616:	f7ff fee9 	bl	80003ec <ss_crc>
	if (crc != data_buf[i-1]) {
 800061a:	f814 3c01 	ldrb.w	r3, [r4, #-1]
 800061e:	4283      	cmp	r3, r0
 8000620:	d109      	bne.n	8000636 <simpleserial_get+0xd2>
	err = commands[c].fp(data_buf[1], data_buf[2], data_buf[3], data_buf+4);
 8000622:	230c      	movs	r3, #12
 8000624:	fb03 6609 	mla	r6, r3, r9, r6
 8000628:	78ea      	ldrb	r2, [r5, #3]
 800062a:	68f4      	ldr	r4, [r6, #12]
 800062c:	78a9      	ldrb	r1, [r5, #2]
 800062e:	7868      	ldrb	r0, [r5, #1]
 8000630:	446b      	add	r3, sp
 8000632:	47a0      	blx	r4
 8000634:	e7a5      	b.n	8000582 <simpleserial_get+0x1e>
 8000636:	2002      	movs	r0, #2
 8000638:	e7a3      	b.n	8000582 <simpleserial_get+0x1e>
 800063a:	bf00      	nop
 800063c:	20000000 	.word	0x20000000

08000640 <platform_init>:

UART_HandleTypeDef UartHandle;


void platform_init(void)
{
 8000640:	b570      	push	{r4, r5, r6, lr}
 8000642:	b096      	sub	sp, #88	@ 0x58
     HAL_RCC_ClockConfig(&RCC_ClkInitStruct, flash_latency);
  #else
     RCC_OscInitTypeDef RCC_OscInitStruct;
     RCC_OscInitStruct.OscillatorType = RCC_OSCILLATORTYPE_HSE | RCC_OSCILLATORTYPE_HSI;
     RCC_OscInitStruct.HSEState       = RCC_HSE_BYPASS;
     RCC_OscInitStruct.HSIState       = RCC_HSI_OFF;
 8000644:	2400      	movs	r4, #0
     RCC_OscInitStruct.HSEState       = RCC_HSE_BYPASS;
 8000646:	2603      	movs	r6, #3
 8000648:	f44f 23a0 	mov.w	r3, #327680	@ 0x50000
     RCC_OscInitStruct.PLL.PLLSource  = RCC_PLL_NONE;
     HAL_RCC_OscConfig(&RCC_OscInitStruct);
 800064c:	a80c      	add	r0, sp, #48	@ 0x30

     RCC_ClkInitTypeDef RCC_ClkInitStruct;
     RCC_ClkInitStruct.ClockType      = (RCC_CLOCKTYPE_SYSCLK | RCC_CLOCKTYPE_HCLK | RCC_CLOCKTYPE_PCLK1 | RCC_CLOCKTYPE_PCLK2);
     RCC_ClkInitStruct.SYSCLKSource   = RCC_SYSCLKSOURCE_HSE;
 800064e:	2501      	movs	r5, #1
     RCC_OscInitStruct.HSEState       = RCC_HSE_BYPASS;
 8000650:	e9cd 630c 	strd	r6, r3, [sp, #48]	@ 0x30
     RCC_OscInitStruct.HSIState       = RCC_HSI_OFF;
 8000654:	9410      	str	r4, [sp, #64]	@ 0x40
     RCC_OscInitStruct.PLL.PLLSource  = RCC_PLL_NONE;
 8000656:	9414      	str	r4, [sp, #80]	@ 0x50
     HAL_RCC_OscConfig(&RCC_OscInitStruct);
 8000658:	f000 f8d0 	bl	80007fc <HAL_RCC_OscConfig>
     RCC_ClkInitStruct.SYSCLKSource   = RCC_SYSCLKSOURCE_HSE;
 800065c:	230f      	movs	r3, #15
     RCC_ClkInitStruct.AHBCLKDivider  = RCC_SYSCLK_DIV1;
     RCC_ClkInitStruct.APB1CLKDivider = RCC_HCLK_DIV1;
     RCC_ClkInitStruct.APB2CLKDivider = RCC_HCLK_DIV1;
     uint32_t flash_latency = 0;
     HAL_RCC_ClockConfig(&RCC_ClkInitStruct, flash_latency);
 800065e:	4621      	mov	r1, r4
 8000660:	a802      	add	r0, sp, #8
     RCC_ClkInitStruct.SYSCLKSource   = RCC_SYSCLKSOURCE_HSE;
 8000662:	e9cd 3502 	strd	r3, r5, [sp, #8]
     RCC_ClkInitStruct.APB1CLKDivider = RCC_HCLK_DIV1;
 8000666:	e9cd 4404 	strd	r4, r4, [sp, #16]
     RCC_ClkInitStruct.APB2CLKDivider = RCC_HCLK_DIV1;
 800066a:	9406      	str	r4, [sp, #24]
     HAL_RCC_ClockConfig(&RCC_ClkInitStruct, flash_latency);
 800066c:	f000 fb0c 	bl	8000c88 <HAL_RCC_ClockConfig>




#if (PLATFORM==CWLITEARM)
  __HAL_RCC_GPIOC_CLK_ENABLE();
 8000670:	4b10      	ldr	r3, [pc, #64]	@ (80006b4 <platform_init+0x74>)
  GPIO_InitTypeDef GpioInit;
  GpioInit.Pin       = GPIO_PIN_13 | GPIO_PIN_14;
  GpioInit.Mode      = GPIO_MODE_OUTPUT_PP;
  GpioInit.Pull      = GPIO_NOPULL;
  GpioInit.Speed     = GPIO_SPEED_FREQ_HIGH;
  HAL_GPIO_Init(GPIOC, &GpioInit);
 8000672:	4811      	ldr	r0, [pc, #68]	@ (80006b8 <platform_init+0x78>)
  __HAL_RCC_GPIOC_CLK_ENABLE();
 8000674:	695a      	ldr	r2, [r3, #20]
 8000676:	f442 2200 	orr.w	r2, r2, #524288	@ 0x80000
 800067a:	615a      	str	r2, [r3, #20]
 800067c:	695b      	ldr	r3, [r3, #20]
 800067e:	f403 2300 	and.w	r3, r3, #524288	@ 0x80000
 8000682:	9301      	str	r3, [sp, #4]
 8000684:	9b01      	ldr	r3, [sp, #4]
  HAL_GPIO_Init(GPIOC, &GpioInit);
 8000686:	a907      	add	r1, sp, #28
  GpioInit.Pin       = GPIO_PIN_13 | GPIO_PIN_14;
 8000688:	f44f 43c0 	mov.w	r3, #24576	@ 0x6000
  GpioInit.Mode      = GPIO_MODE_OUTPUT_PP;
 800068c:	e9cd 3507 	strd	r3, r5, [sp, #28]
  GpioInit.Speed     = GPIO_SPEED_FREQ_HIGH;
 8000690:	e9cd 4609 	strd	r4, r6, [sp, #36]	@ 0x24
  HAL_GPIO_Init(GPIOC, &GpioInit);
 8000694:	f000 fb98 	bl	8000dc8 <HAL_GPIO_Init>

  HAL_GPIO_WritePin(GPIOC, GPIO_PIN_13, SET);
 8000698:	462a      	mov	r2, r5
 800069a:	4807      	ldr	r0, [pc, #28]	@ (80006b8 <platform_init+0x78>)
 800069c:	f44f 5100 	mov.w	r1, #8192	@ 0x2000
 80006a0:	f000 fc50 	bl	8000f44 <HAL_GPIO_WritePin>
  HAL_GPIO_WritePin(GPIOC, GPIO_PIN_14, SET);
 80006a4:	4804      	ldr	r0, [pc, #16]	@ (80006b8 <platform_init+0x78>)
 80006a6:	462a      	mov	r2, r5
 80006a8:	f44f 4180 	mov.w	r1, #16384	@ 0x4000
 80006ac:	f000 fc4a 	bl	8000f44 <HAL_GPIO_WritePin>
#endif
}
 80006b0:	b016      	add	sp, #88	@ 0x58
 80006b2:	bd70      	pop	{r4, r5, r6, pc}
 80006b4:	40021000 	.word	0x40021000
 80006b8:	48000800 	.word	0x48000800

080006bc <init_uart>:

void init_uart(void)
{
 80006bc:	b510      	push	{r4, lr}
  GPIO_InitTypeDef GpioInit;
  GpioInit.Pin       = GPIO_PIN_9 | GPIO_PIN_10;
  GpioInit.Mode      = GPIO_MODE_AF_PP;
 80006be:	f44f 62c0 	mov.w	r2, #1536	@ 0x600
{
 80006c2:	b088      	sub	sp, #32
  GpioInit.Mode      = GPIO_MODE_AF_PP;
 80006c4:	2302      	movs	r3, #2
 80006c6:	e9cd 2303 	strd	r2, r3, [sp, #12]
  GpioInit.Pull      = GPIO_PULLUP;
  GpioInit.Speed     = GPIO_SPEED_FREQ_HIGH;
 80006ca:	2101      	movs	r1, #1
 80006cc:	2303      	movs	r3, #3
 80006ce:	e9cd 1305 	strd	r1, r3, [sp, #20]
  GpioInit.Alternate = GPIO_AF7_USART1;
  __GPIOA_CLK_ENABLE();
 80006d2:	4c16      	ldr	r4, [pc, #88]	@ (800072c <init_uart+0x70>)
  GpioInit.Alternate = GPIO_AF7_USART1;
 80006d4:	2307      	movs	r3, #7
 80006d6:	9307      	str	r3, [sp, #28]
  __GPIOA_CLK_ENABLE();
 80006d8:	6963      	ldr	r3, [r4, #20]
 80006da:	f443 3300 	orr.w	r3, r3, #131072	@ 0x20000
 80006de:	6163      	str	r3, [r4, #20]
 80006e0:	6963      	ldr	r3, [r4, #20]
 80006e2:	f403 3300 	and.w	r3, r3, #131072	@ 0x20000
 80006e6:	9301      	str	r3, [sp, #4]
  HAL_GPIO_Init(GPIOA, &GpioInit);
 80006e8:	a903      	add	r1, sp, #12
 80006ea:	f04f 4090 	mov.w	r0, #1207959552	@ 0x48000000
  __GPIOA_CLK_ENABLE();
 80006ee:	9b01      	ldr	r3, [sp, #4]
  HAL_GPIO_Init(GPIOA, &GpioInit);
 80006f0:	f000 fb6a 	bl	8000dc8 <HAL_GPIO_Init>

  UartHandle.Instance        = USART1;
 80006f4:	4a0e      	ldr	r2, [pc, #56]	@ (8000730 <init_uart+0x74>)
 80006f6:	4b0f      	ldr	r3, [pc, #60]	@ (8000734 <init_uart+0x78>)
 80006f8:	6013      	str	r3, [r2, #0]
  #if SS_VER==SS_VER_2_1
  UartHandle.Init.BaudRate   = 230400;
  #else
  UartHandle.Init.BaudRate   = 38400;
  #endif
  UartHandle.Init.WordLength = UART_WORDLENGTH_8B;
 80006fa:	f44f 3061 	mov.w	r0, #230400	@ 0x38400
 80006fe:	2300      	movs	r3, #0
 8000700:	e9c2 0301 	strd	r0, r3, [r2, #4]
  UartHandle.Init.StopBits   = UART_STOPBITS_1;
  UartHandle.Init.Parity     = UART_PARITY_NONE;
 8000704:	e9c2 3303 	strd	r3, r3, [r2, #12]
  UartHandle.Init.HwFlowCtl  = UART_HWCONTROL_NONE;
 8000708:	6193      	str	r3, [r2, #24]
  UartHandle.Init.Mode       = UART_MODE_TX_RX;
 800070a:	230c      	movs	r3, #12
 800070c:	6153      	str	r3, [r2, #20]
  __USART1_CLK_ENABLE();
 800070e:	69a3      	ldr	r3, [r4, #24]
 8000710:	f443 4380 	orr.w	r3, r3, #16384	@ 0x4000
 8000714:	61a3      	str	r3, [r4, #24]
 8000716:	69a3      	ldr	r3, [r4, #24]
 8000718:	f403 4380 	and.w	r3, r3, #16384	@ 0x4000
 800071c:	9302      	str	r3, [sp, #8]
  HAL_UART_Init(&UartHandle);
 800071e:	4610      	mov	r0, r2
  __USART1_CLK_ENABLE();
 8000720:	9b02      	ldr	r3, [sp, #8]
  HAL_UART_Init(&UartHandle);
 8000722:	f000 fd25 	bl	8001170 <HAL_UART_Init>
}
 8000726:	b008      	add	sp, #32
 8000728:	bd10      	pop	{r4, pc}
 800072a:	bf00      	nop
 800072c:	40021000 	.word	0x40021000
 8000730:	200000c4 	.word	0x200000c4
 8000734:	40013800 	.word	0x40013800

08000738 <trigger_setup>:

void trigger_setup(void)
{
 8000738:	b530      	push	{r4, r5, lr}
  __HAL_RCC_GPIOA_CLK_ENABLE();
 800073a:	4b10      	ldr	r3, [pc, #64]	@ (800077c <trigger_setup+0x44>)
 800073c:	695a      	ldr	r2, [r3, #20]
 800073e:	f442 3200 	orr.w	r2, r2, #131072	@ 0x20000
{
 8000742:	b087      	sub	sp, #28
  __HAL_RCC_GPIOA_CLK_ENABLE();
 8000744:	615a      	str	r2, [r3, #20]
 8000746:	695b      	ldr	r3, [r3, #20]
 8000748:	f403 3300 	and.w	r3, r3, #131072	@ 0x20000
 800074c:	9300      	str	r3, [sp, #0]
 800074e:	9b00      	ldr	r3, [sp, #0]

  GPIO_InitTypeDef GpioInit;
  GpioInit.Pin       = GPIO_PIN_12;
  GpioInit.Mode      = GPIO_MODE_OUTPUT_PP;
 8000750:	f44f 5480 	mov.w	r4, #4096	@ 0x1000
 8000754:	2301      	movs	r3, #1
 8000756:	e9cd 4301 	strd	r4, r3, [sp, #4]
  GpioInit.Pull      = GPIO_NOPULL;
  GpioInit.Speed     = GPIO_SPEED_FREQ_HIGH;
 800075a:	2500      	movs	r5, #0
 800075c:	2303      	movs	r3, #3
  HAL_GPIO_Init(GPIOA, &GpioInit);
 800075e:	a901      	add	r1, sp, #4
 8000760:	f04f 4090 	mov.w	r0, #1207959552	@ 0x48000000
  GpioInit.Speed     = GPIO_SPEED_FREQ_HIGH;
 8000764:	e9cd 5303 	strd	r5, r3, [sp, #12]
  HAL_GPIO_Init(GPIOA, &GpioInit);
 8000768:	f000 fb2e 	bl	8000dc8 <HAL_GPIO_Init>

  HAL_GPIO_WritePin(GPIOA, GPIO_PIN_12, RESET);
 800076c:	462a      	mov	r2, r5
 800076e:	4621      	mov	r1, r4
 8000770:	f04f 4090 	mov.w	r0, #1207959552	@ 0x48000000
 8000774:	f000 fbe6 	bl	8000f44 <HAL_GPIO_WritePin>
}
 8000778:	b007      	add	sp, #28
 800077a:	bd30      	pop	{r4, r5, pc}
 800077c:	40021000 	.word	0x40021000

08000780 <trigger_high>:

void trigger_high(void)
{
  HAL_GPIO_WritePin(GPIOA, GPIO_PIN_12, SET);
 8000780:	2201      	movs	r2, #1
 8000782:	f44f 5180 	mov.w	r1, #4096	@ 0x1000
 8000786:	f04f 4090 	mov.w	r0, #1207959552	@ 0x48000000
 800078a:	f000 bbdb 	b.w	8000f44 <HAL_GPIO_WritePin>

0800078e <trigger_low>:
}

void trigger_low(void)
{
  HAL_GPIO_WritePin(GPIOA, GPIO_PIN_12, RESET);
 800078e:	2200      	movs	r2, #0
 8000790:	f44f 5180 	mov.w	r1, #4096	@ 0x1000
 8000794:	f04f 4090 	mov.w	r0, #1207959552	@ 0x48000000
 8000798:	f000 bbd4 	b.w	8000f44 <HAL_GPIO_WritePin>

0800079c <getch>:
}

char getch(void)
{
 800079c:	b513      	push	{r0, r1, r4, lr}
  uint8_t d;
  while (HAL_UART_Receive(&UartHandle, &d, 1, 5000) != HAL_OK)
    USART1->ICR |= (1 << 3);
 800079e:	4c09      	ldr	r4, [pc, #36]	@ (80007c4 <getch+0x28>)
  while (HAL_UART_Receive(&UartHandle, &d, 1, 5000) != HAL_OK)
 80007a0:	4809      	ldr	r0, [pc, #36]	@ (80007c8 <getch+0x2c>)
 80007a2:	f241 3388 	movw	r3, #5000	@ 0x1388
 80007a6:	2201      	movs	r2, #1
 80007a8:	f10d 0107 	add.w	r1, sp, #7
 80007ac:	f000 fd60 	bl	8001270 <HAL_UART_Receive>
 80007b0:	b918      	cbnz	r0, 80007ba <getch+0x1e>
  //putch(d);
  return d;
}
 80007b2:	f89d 0007 	ldrb.w	r0, [sp, #7]
 80007b6:	b002      	add	sp, #8
 80007b8:	bd10      	pop	{r4, pc}
    USART1->ICR |= (1 << 3);
 80007ba:	6a23      	ldr	r3, [r4, #32]
 80007bc:	f043 0308 	orr.w	r3, r3, #8
 80007c0:	6223      	str	r3, [r4, #32]
 80007c2:	e7ed      	b.n	80007a0 <getch+0x4>
 80007c4:	40013800 	.word	0x40013800
 80007c8:	200000c4 	.word	0x200000c4

080007cc <putch>:

void putch(char c)
{
 80007cc:	b507      	push	{r0, r1, r2, lr}
  uint8_t d  = c;
  HAL_UART_Transmit(&UartHandle,  &d, 1, 5000);
 80007ce:	f241 3388 	movw	r3, #5000	@ 0x1388
  uint8_t d  = c;
 80007d2:	f88d 0007 	strb.w	r0, [sp, #7]
  HAL_UART_Transmit(&UartHandle,  &d, 1, 5000);
 80007d6:	2201      	movs	r2, #1
 80007d8:	f10d 0107 	add.w	r1, sp, #7
 80007dc:	4802      	ldr	r0, [pc, #8]	@ (80007e8 <putch+0x1c>)
 80007de:	f000 fcf1 	bl	80011c4 <HAL_UART_Transmit>
}
 80007e2:	b003      	add	sp, #12
 80007e4:	f85d fb04 	ldr.w	pc, [sp], #4
 80007e8:	200000c4 	.word	0x200000c4

080007ec <HAL_GetTick>:
	hal_sys_tick = 0;
	return HAL_OK;
}
uint32_t HAL_GetTick(void)
{
	return hal_sys_tick++;
 80007ec:	4b02      	ldr	r3, [pc, #8]	@ (80007f8 <HAL_GetTick+0xc>)
 80007ee:	6818      	ldr	r0, [r3, #0]
 80007f0:	1c42      	adds	r2, r0, #1
 80007f2:	601a      	str	r2, [r3, #0]
}
 80007f4:	4770      	bx	lr
 80007f6:	bf00      	nop
 80007f8:	20000134 	.word	0x20000134

080007fc <HAL_RCC_OscConfig>:
  /* Check the parameters */
  assert_param(RCC_OscInitStruct != NULL);
  assert_param(IS_RCC_OSCILLATORTYPE(RCC_OscInitStruct->OscillatorType));

  /*------------------------------- HSE Configuration ------------------------*/ 
  if(((RCC_OscInitStruct->OscillatorType) & RCC_OSCILLATORTYPE_HSE) == RCC_OSCILLATORTYPE_HSE)
 80007fc:	6803      	ldr	r3, [r0, #0]
{
 80007fe:	e92d 43f7 	stmdb	sp!, {r0, r1, r2, r4, r5, r6, r7, r8, r9, lr}
  if(((RCC_OscInitStruct->OscillatorType) & RCC_OSCILLATORTYPE_HSE) == RCC_OSCILLATORTYPE_HSE)
 8000802:	07d9      	lsls	r1, r3, #31
{
 8000804:	4604      	mov	r4, r0
  if(((RCC_OscInitStruct->OscillatorType) & RCC_OSCILLATORTYPE_HSE) == RCC_OSCILLATORTYPE_HSE)
 8000806:	d410      	bmi.n	800082a <HAL_RCC_OscConfig+0x2e>
        }
      }
    }
  }
  /*----------------------------- HSI Configuration --------------------------*/ 
  if(((RCC_OscInitStruct->OscillatorType) & RCC_OSCILLATORTYPE_HSI) == RCC_OSCILLATORTYPE_HSI)
 8000808:	6823      	ldr	r3, [r4, #0]
 800080a:	079a      	lsls	r2, r3, #30
 800080c:	d47e      	bmi.n	800090c <HAL_RCC_OscConfig+0x110>
        }
      }
    }
  }
  /*------------------------------ LSI Configuration -------------------------*/ 
  if(((RCC_OscInitStruct->OscillatorType) & RCC_OSCILLATORTYPE_LSI) == RCC_OSCILLATORTYPE_LSI)
 800080e:	6823      	ldr	r3, [r4, #0]
 8000810:	071e      	lsls	r6, r3, #28
 8000812:	f100 80e7 	bmi.w	80009e4 <HAL_RCC_OscConfig+0x1e8>
        }
      }
    }
  }
  /*------------------------------ LSE Configuration -------------------------*/ 
  if(((RCC_OscInitStruct->OscillatorType) & RCC_OSCILLATORTYPE_LSE) == RCC_OSCILLATORTYPE_LSE)
 8000816:	6823      	ldr	r3, [r4, #0]
 8000818:	075d      	lsls	r5, r3, #29
 800081a:	f100 812a 	bmi.w	8000a72 <HAL_RCC_OscConfig+0x276>
  }

  /*-------------------------------- PLL Configuration -----------------------*/
  /* Check the parameters */
  assert_param(IS_RCC_PLL(RCC_OscInitStruct->PLL.PLLState));
  if ((RCC_OscInitStruct->PLL.PLLState) != RCC_PLL_NONE)
 800081e:	69e2      	ldr	r2, [r4, #28]
 8000820:	2a00      	cmp	r2, #0
 8000822:	f040 81ad 	bne.w	8000b80 <HAL_RCC_OscConfig+0x384>
    {
      return HAL_ERROR;
    }
  }
  
  return HAL_OK;
 8000826:	2000      	movs	r0, #0
 8000828:	e01f      	b.n	800086a <HAL_RCC_OscConfig+0x6e>
    if((__HAL_RCC_GET_SYSCLK_SOURCE() == RCC_SYSCLKSOURCE_STATUS_HSE) 
 800082a:	49ae      	ldr	r1, [pc, #696]	@ (8000ae4 <HAL_RCC_OscConfig+0x2e8>)
 800082c:	684b      	ldr	r3, [r1, #4]
 800082e:	f003 030c 	and.w	r3, r3, #12
 8000832:	2b04      	cmp	r3, #4
 8000834:	d007      	beq.n	8000846 <HAL_RCC_OscConfig+0x4a>
       || ((__HAL_RCC_GET_SYSCLK_SOURCE() == RCC_SYSCLKSOURCE_STATUS_PLLCLK) && (__HAL_RCC_GET_PLL_OSCSOURCE() == RCC_PLLSOURCE_HSE)))
 8000836:	684b      	ldr	r3, [r1, #4]
 8000838:	f003 030c 	and.w	r3, r3, #12
 800083c:	2b08      	cmp	r3, #8
 800083e:	d117      	bne.n	8000870 <HAL_RCC_OscConfig+0x74>
 8000840:	684b      	ldr	r3, [r1, #4]
 8000842:	03db      	lsls	r3, r3, #15
 8000844:	d514      	bpl.n	8000870 <HAL_RCC_OscConfig+0x74>
__attribute__((always_inline)) __STATIC_INLINE uint32_t __RBIT(uint32_t value)
{
  uint32_t result;

#if       (__CORTEX_M >= 0x03U) || (__CORTEX_SC >= 300U)
   __ASM volatile ("rbit %0, %1" : "=r" (result) : "r" (value) );
 8000846:	f44f 3300 	mov.w	r3, #131072	@ 0x20000
 800084a:	fa93 f2a3 	rbit	r2, r3
      if((__HAL_RCC_GET_FLAG(RCC_FLAG_HSERDY) != RESET) && (RCC_OscInitStruct->HSEState == RCC_HSE_OFF))
 800084e:	6809      	ldr	r1, [r1, #0]
 8000850:	fa93 f3a3 	rbit	r3, r3
 8000854:	2201      	movs	r2, #1
 8000856:	fab3 f383 	clz	r3, r3
 800085a:	fa02 f303 	lsl.w	r3, r2, r3
 800085e:	420b      	tst	r3, r1
 8000860:	d0d2      	beq.n	8000808 <HAL_RCC_OscConfig+0xc>
 8000862:	6863      	ldr	r3, [r4, #4]
 8000864:	2b00      	cmp	r3, #0
 8000866:	d1cf      	bne.n	8000808 <HAL_RCC_OscConfig+0xc>
        return HAL_ERROR;
 8000868:	2001      	movs	r0, #1
}
 800086a:	b003      	add	sp, #12
 800086c:	e8bd 83f0 	ldmia.w	sp!, {r4, r5, r6, r7, r8, r9, pc}
      __HAL_RCC_HSE_CONFIG(RCC_OscInitStruct->HSEState);
 8000870:	6862      	ldr	r2, [r4, #4]
 8000872:	f5b2 3f80 	cmp.w	r2, #65536	@ 0x10000
 8000876:	d122      	bne.n	80008be <HAL_RCC_OscConfig+0xc2>
 8000878:	680b      	ldr	r3, [r1, #0]
 800087a:	f443 3380 	orr.w	r3, r3, #65536	@ 0x10000
 800087e:	600b      	str	r3, [r1, #0]
      __HAL_RCC_HSE_PREDIV_CONFIG(RCC_OscInitStruct->HSEPredivValue);
 8000880:	6acb      	ldr	r3, [r1, #44]	@ 0x2c
 8000882:	68a0      	ldr	r0, [r4, #8]
 8000884:	f023 030f 	bic.w	r3, r3, #15
 8000888:	4303      	orrs	r3, r0
 800088a:	62cb      	str	r3, [r1, #44]	@ 0x2c
      if(RCC_OscInitStruct->HSEState != RCC_HSE_OFF)
 800088c:	b33a      	cbz	r2, 80008de <HAL_RCC_OscConfig+0xe2>
        tickstart = HAL_GetTick();
 800088e:	f7ff ffad 	bl	80007ec <HAL_GetTick>
 8000892:	f44f 3600 	mov.w	r6, #131072	@ 0x20000
 8000896:	4605      	mov	r5, r0
        while(__HAL_RCC_GET_FLAG(RCC_FLAG_HSERDY) == RESET)
 8000898:	2701      	movs	r7, #1
 800089a:	fa96 f3a6 	rbit	r3, r6
 800089e:	680a      	ldr	r2, [r1, #0]
 80008a0:	fa96 f3a6 	rbit	r3, r6
 80008a4:	fab3 f383 	clz	r3, r3
 80008a8:	fa07 f303 	lsl.w	r3, r7, r3
 80008ac:	4213      	tst	r3, r2
 80008ae:	d1ab      	bne.n	8000808 <HAL_RCC_OscConfig+0xc>
          if((HAL_GetTick() - tickstart ) > HSE_TIMEOUT_VALUE)
 80008b0:	f7ff ff9c 	bl	80007ec <HAL_GetTick>
 80008b4:	1b40      	subs	r0, r0, r5
 80008b6:	2864      	cmp	r0, #100	@ 0x64
 80008b8:	d9ef      	bls.n	800089a <HAL_RCC_OscConfig+0x9e>
            return HAL_TIMEOUT;
 80008ba:	2003      	movs	r0, #3
 80008bc:	e7d5      	b.n	800086a <HAL_RCC_OscConfig+0x6e>
      __HAL_RCC_HSE_CONFIG(RCC_OscInitStruct->HSEState);
 80008be:	680b      	ldr	r3, [r1, #0]
 80008c0:	b932      	cbnz	r2, 80008d0 <HAL_RCC_OscConfig+0xd4>
 80008c2:	f423 3380 	bic.w	r3, r3, #65536	@ 0x10000
 80008c6:	600b      	str	r3, [r1, #0]
 80008c8:	680b      	ldr	r3, [r1, #0]
 80008ca:	f423 2380 	bic.w	r3, r3, #262144	@ 0x40000
 80008ce:	e7d6      	b.n	800087e <HAL_RCC_OscConfig+0x82>
 80008d0:	f5b2 2fa0 	cmp.w	r2, #327680	@ 0x50000
 80008d4:	d1f5      	bne.n	80008c2 <HAL_RCC_OscConfig+0xc6>
 80008d6:	f443 2380 	orr.w	r3, r3, #262144	@ 0x40000
 80008da:	600b      	str	r3, [r1, #0]
 80008dc:	e7cc      	b.n	8000878 <HAL_RCC_OscConfig+0x7c>
        tickstart = HAL_GetTick();
 80008de:	f7ff ff85 	bl	80007ec <HAL_GetTick>
 80008e2:	f44f 3600 	mov.w	r6, #131072	@ 0x20000
 80008e6:	4605      	mov	r5, r0
        while(__HAL_RCC_GET_FLAG(RCC_FLAG_HSERDY) != RESET)
 80008e8:	2701      	movs	r7, #1
 80008ea:	fa96 f3a6 	rbit	r3, r6
 80008ee:	680a      	ldr	r2, [r1, #0]
 80008f0:	fa96 f3a6 	rbit	r3, r6
 80008f4:	fab3 f383 	clz	r3, r3
 80008f8:	fa07 f303 	lsl.w	r3, r7, r3
 80008fc:	4213      	tst	r3, r2
 80008fe:	d083      	beq.n	8000808 <HAL_RCC_OscConfig+0xc>
           if((HAL_GetTick() - tickstart ) > HSE_TIMEOUT_VALUE)
 8000900:	f7ff ff74 	bl	80007ec <HAL_GetTick>
 8000904:	1b40      	subs	r0, r0, r5
 8000906:	2864      	cmp	r0, #100	@ 0x64
 8000908:	d9ef      	bls.n	80008ea <HAL_RCC_OscConfig+0xee>
 800090a:	e7d6      	b.n	80008ba <HAL_RCC_OscConfig+0xbe>
    if((__HAL_RCC_GET_SYSCLK_SOURCE() == RCC_SYSCLKSOURCE_STATUS_HSI) 
 800090c:	4975      	ldr	r1, [pc, #468]	@ (8000ae4 <HAL_RCC_OscConfig+0x2e8>)
 800090e:	684b      	ldr	r3, [r1, #4]
 8000910:	f013 0f0c 	tst.w	r3, #12
 8000914:	d007      	beq.n	8000926 <HAL_RCC_OscConfig+0x12a>
       || ((__HAL_RCC_GET_SYSCLK_SOURCE() == RCC_SYSCLKSOURCE_STATUS_PLLCLK) && (__HAL_RCC_GET_PLL_OSCSOURCE() == RCC_PLLSOURCE_HSI)))
 8000916:	684b      	ldr	r3, [r1, #4]
 8000918:	f003 030c 	and.w	r3, r3, #12
 800091c:	2b08      	cmp	r3, #8
 800091e:	d11f      	bne.n	8000960 <HAL_RCC_OscConfig+0x164>
 8000920:	684b      	ldr	r3, [r1, #4]
 8000922:	03df      	lsls	r7, r3, #15
 8000924:	d41c      	bmi.n	8000960 <HAL_RCC_OscConfig+0x164>
 8000926:	2302      	movs	r3, #2
 8000928:	fa93 f2a3 	rbit	r2, r3
      if((__HAL_RCC_GET_FLAG(RCC_FLAG_HSIRDY) != RESET) && (RCC_OscInitStruct->HSIState != RCC_HSI_ON))
 800092c:	6808      	ldr	r0, [r1, #0]
 800092e:	fa93 f3a3 	rbit	r3, r3
 8000932:	2201      	movs	r2, #1
 8000934:	fab3 f383 	clz	r3, r3
 8000938:	fa02 f303 	lsl.w	r3, r2, r3
 800093c:	4203      	tst	r3, r0
 800093e:	d002      	beq.n	8000946 <HAL_RCC_OscConfig+0x14a>
 8000940:	6923      	ldr	r3, [r4, #16]
 8000942:	4293      	cmp	r3, r2
 8000944:	d190      	bne.n	8000868 <HAL_RCC_OscConfig+0x6c>
        __HAL_RCC_HSI_CALIBRATIONVALUE_ADJUST(RCC_OscInitStruct->HSICalibrationValue);
 8000946:	6808      	ldr	r0, [r1, #0]
 8000948:	22f8      	movs	r2, #248	@ 0xf8
 800094a:	fa92 f2a2 	rbit	r2, r2
 800094e:	6963      	ldr	r3, [r4, #20]
 8000950:	fab2 f282 	clz	r2, r2
 8000954:	4093      	lsls	r3, r2
 8000956:	f020 02f8 	bic.w	r2, r0, #248	@ 0xf8
 800095a:	4313      	orrs	r3, r2
 800095c:	600b      	str	r3, [r1, #0]
 800095e:	e756      	b.n	800080e <HAL_RCC_OscConfig+0x12>
      if(RCC_OscInitStruct->HSIState != RCC_HSI_OFF)
 8000960:	6922      	ldr	r2, [r4, #16]
 8000962:	2501      	movs	r5, #1
 8000964:	b1f2      	cbz	r2, 80009a4 <HAL_RCC_OscConfig+0x1a8>
 8000966:	fa95 f3a5 	rbit	r3, r5
        __HAL_RCC_HSI_ENABLE();
 800096a:	fab3 f383 	clz	r3, r3
 800096e:	f103 5384 	add.w	r3, r3, #276824064	@ 0x10800000
 8000972:	f503 1384 	add.w	r3, r3, #1081344	@ 0x108000
 8000976:	009b      	lsls	r3, r3, #2
 8000978:	2702      	movs	r7, #2
 800097a:	601d      	str	r5, [r3, #0]
        tickstart = HAL_GetTick();
 800097c:	f7ff ff36 	bl	80007ec <HAL_GetTick>
 8000980:	4606      	mov	r6, r0
 8000982:	fa97 f3a7 	rbit	r3, r7
        while(__HAL_RCC_GET_FLAG(RCC_FLAG_HSIRDY) == RESET)
 8000986:	680a      	ldr	r2, [r1, #0]
 8000988:	fa97 f3a7 	rbit	r3, r7
 800098c:	fab3 f383 	clz	r3, r3
 8000990:	fa05 f303 	lsl.w	r3, r5, r3
 8000994:	4213      	tst	r3, r2
 8000996:	d1d6      	bne.n	8000946 <HAL_RCC_OscConfig+0x14a>
          if((HAL_GetTick() - tickstart ) > HSI_TIMEOUT_VALUE)
 8000998:	f7ff ff28 	bl	80007ec <HAL_GetTick>
 800099c:	1b80      	subs	r0, r0, r6
 800099e:	2802      	cmp	r0, #2
 80009a0:	d9ef      	bls.n	8000982 <HAL_RCC_OscConfig+0x186>
 80009a2:	e78a      	b.n	80008ba <HAL_RCC_OscConfig+0xbe>
 80009a4:	fa95 f3a5 	rbit	r3, r5
        __HAL_RCC_HSI_DISABLE();
 80009a8:	fab3 f383 	clz	r3, r3
 80009ac:	f103 5384 	add.w	r3, r3, #276824064	@ 0x10800000
 80009b0:	f503 1384 	add.w	r3, r3, #1081344	@ 0x108000
 80009b4:	009b      	lsls	r3, r3, #2
 80009b6:	2702      	movs	r7, #2
 80009b8:	601a      	str	r2, [r3, #0]
        tickstart = HAL_GetTick();
 80009ba:	f7ff ff17 	bl	80007ec <HAL_GetTick>
 80009be:	4606      	mov	r6, r0
 80009c0:	fa97 f3a7 	rbit	r3, r7
        while(__HAL_RCC_GET_FLAG(RCC_FLAG_HSIRDY) != RESET)
 80009c4:	680a      	ldr	r2, [r1, #0]
 80009c6:	fa97 f3a7 	rbit	r3, r7
 80009ca:	fab3 f383 	clz	r3, r3
 80009ce:	fa05 f303 	lsl.w	r3, r5, r3
 80009d2:	4213      	tst	r3, r2
 80009d4:	f43f af1b 	beq.w	800080e <HAL_RCC_OscConfig+0x12>
          if((HAL_GetTick() - tickstart ) > HSI_TIMEOUT_VALUE)
 80009d8:	f7ff ff08 	bl	80007ec <HAL_GetTick>
 80009dc:	1b80      	subs	r0, r0, r6
 80009de:	2802      	cmp	r0, #2
 80009e0:	d9ee      	bls.n	80009c0 <HAL_RCC_OscConfig+0x1c4>
 80009e2:	e76a      	b.n	80008ba <HAL_RCC_OscConfig+0xbe>
    if(RCC_OscInitStruct->LSIState != RCC_LSI_OFF)
 80009e4:	69a0      	ldr	r0, [r4, #24]
 80009e6:	4d3f      	ldr	r5, [pc, #252]	@ (8000ae4 <HAL_RCC_OscConfig+0x2e8>)
 80009e8:	4a3f      	ldr	r2, [pc, #252]	@ (8000ae8 <HAL_RCC_OscConfig+0x2ec>)
 80009ea:	2101      	movs	r1, #1
 80009ec:	b300      	cbz	r0, 8000a30 <HAL_RCC_OscConfig+0x234>
 80009ee:	fa91 f3a1 	rbit	r3, r1
      __HAL_RCC_LSI_ENABLE();
 80009f2:	fab3 f383 	clz	r3, r3
 80009f6:	4413      	add	r3, r2
 80009f8:	009b      	lsls	r3, r3, #2
 80009fa:	2602      	movs	r6, #2
 80009fc:	6019      	str	r1, [r3, #0]
      tickstart = HAL_GetTick();
 80009fe:	f7ff fef5 	bl	80007ec <HAL_GetTick>
 8000a02:	4607      	mov	r7, r0
 8000a04:	fa96 f3a6 	rbit	r3, r6
 8000a08:	fa96 f3a6 	rbit	r3, r6
 8000a0c:	fa96 f3a6 	rbit	r3, r6
      while(__HAL_RCC_GET_FLAG(RCC_FLAG_LSIRDY) == RESET)
 8000a10:	6a6a      	ldr	r2, [r5, #36]	@ 0x24
 8000a12:	fa96 f3a6 	rbit	r3, r6
 8000a16:	fab3 f383 	clz	r3, r3
 8000a1a:	fa01 f303 	lsl.w	r3, r1, r3
 8000a1e:	4213      	tst	r3, r2
 8000a20:	f47f aef9 	bne.w	8000816 <HAL_RCC_OscConfig+0x1a>
        if((HAL_GetTick() - tickstart ) > LSI_TIMEOUT_VALUE)
 8000a24:	f7ff fee2 	bl	80007ec <HAL_GetTick>
 8000a28:	1bc0      	subs	r0, r0, r7
 8000a2a:	2802      	cmp	r0, #2
 8000a2c:	d9ea      	bls.n	8000a04 <HAL_RCC_OscConfig+0x208>
 8000a2e:	e744      	b.n	80008ba <HAL_RCC_OscConfig+0xbe>
 8000a30:	fa91 f3a1 	rbit	r3, r1
      __HAL_RCC_LSI_DISABLE();
 8000a34:	fab3 f383 	clz	r3, r3
 8000a38:	4413      	add	r3, r2
 8000a3a:	009b      	lsls	r3, r3, #2
 8000a3c:	2602      	movs	r6, #2
 8000a3e:	6018      	str	r0, [r3, #0]
      tickstart = HAL_GetTick();
 8000a40:	f7ff fed4 	bl	80007ec <HAL_GetTick>
 8000a44:	4607      	mov	r7, r0
 8000a46:	fa96 f3a6 	rbit	r3, r6
 8000a4a:	fa96 f3a6 	rbit	r3, r6
 8000a4e:	fa96 f3a6 	rbit	r3, r6
      while(__HAL_RCC_GET_FLAG(RCC_FLAG_LSIRDY) != RESET)
 8000a52:	6a6a      	ldr	r2, [r5, #36]	@ 0x24
 8000a54:	fa96 f3a6 	rbit	r3, r6
 8000a58:	fab3 f383 	clz	r3, r3
 8000a5c:	fa01 f303 	lsl.w	r3, r1, r3
 8000a60:	4213      	tst	r3, r2
 8000a62:	f43f aed8 	beq.w	8000816 <HAL_RCC_OscConfig+0x1a>
        if((HAL_GetTick() - tickstart ) > LSI_TIMEOUT_VALUE)
 8000a66:	f7ff fec1 	bl	80007ec <HAL_GetTick>
 8000a6a:	1bc0      	subs	r0, r0, r7
 8000a6c:	2802      	cmp	r0, #2
 8000a6e:	d9ea      	bls.n	8000a46 <HAL_RCC_OscConfig+0x24a>
 8000a70:	e723      	b.n	80008ba <HAL_RCC_OscConfig+0xbe>
    if(__HAL_RCC_PWR_IS_CLK_DISABLED())
 8000a72:	491c      	ldr	r1, [pc, #112]	@ (8000ae4 <HAL_RCC_OscConfig+0x2e8>)
 8000a74:	69cb      	ldr	r3, [r1, #28]
 8000a76:	00d8      	lsls	r0, r3, #3
 8000a78:	d431      	bmi.n	8000ade <HAL_RCC_OscConfig+0x2e2>
      __HAL_RCC_PWR_CLK_ENABLE();
 8000a7a:	69cb      	ldr	r3, [r1, #28]
 8000a7c:	f043 5380 	orr.w	r3, r3, #268435456	@ 0x10000000
 8000a80:	61cb      	str	r3, [r1, #28]
 8000a82:	69cb      	ldr	r3, [r1, #28]
 8000a84:	f003 5380 	and.w	r3, r3, #268435456	@ 0x10000000
 8000a88:	9301      	str	r3, [sp, #4]
 8000a8a:	9b01      	ldr	r3, [sp, #4]
      pwrclkchanged = SET;
 8000a8c:	2501      	movs	r5, #1
    if(HAL_IS_BIT_CLR(PWR->CR, PWR_CR_DBP))
 8000a8e:	4e17      	ldr	r6, [pc, #92]	@ (8000aec <HAL_RCC_OscConfig+0x2f0>)
 8000a90:	6833      	ldr	r3, [r6, #0]
 8000a92:	05da      	lsls	r2, r3, #23
 8000a94:	d52c      	bpl.n	8000af0 <HAL_RCC_OscConfig+0x2f4>
    __HAL_RCC_LSE_CONFIG(RCC_OscInitStruct->LSEState);
 8000a96:	68e3      	ldr	r3, [r4, #12]
 8000a98:	2b01      	cmp	r3, #1
 8000a9a:	d139      	bne.n	8000b10 <HAL_RCC_OscConfig+0x314>
 8000a9c:	6a0b      	ldr	r3, [r1, #32]
 8000a9e:	f043 0301 	orr.w	r3, r3, #1
 8000aa2:	620b      	str	r3, [r1, #32]
      tickstart = HAL_GetTick();
 8000aa4:	f7ff fea2 	bl	80007ec <HAL_GetTick>
 8000aa8:	2602      	movs	r6, #2
 8000aaa:	4607      	mov	r7, r0
      while(__HAL_RCC_GET_FLAG(RCC_FLAG_LSERDY) == RESET)
 8000aac:	f04f 0801 	mov.w	r8, #1
        if((HAL_GetTick() - tickstart ) > RCC_LSE_TIMEOUT_VALUE)
 8000ab0:	f241 3988 	movw	r9, #5000	@ 0x1388
 8000ab4:	fa96 f3a6 	rbit	r3, r6
 8000ab8:	fa96 f3a6 	rbit	r3, r6
      while(__HAL_RCC_GET_FLAG(RCC_FLAG_LSERDY) == RESET)
 8000abc:	6a0a      	ldr	r2, [r1, #32]
 8000abe:	fa96 f3a6 	rbit	r3, r6
 8000ac2:	fab3 f383 	clz	r3, r3
 8000ac6:	fa08 f303 	lsl.w	r3, r8, r3
 8000aca:	4213      	tst	r3, r2
 8000acc:	d052      	beq.n	8000b74 <HAL_RCC_OscConfig+0x378>
    if(pwrclkchanged == SET)
 8000ace:	2d00      	cmp	r5, #0
 8000ad0:	f43f aea5 	beq.w	800081e <HAL_RCC_OscConfig+0x22>
      __HAL_RCC_PWR_CLK_DISABLE();
 8000ad4:	69cb      	ldr	r3, [r1, #28]
 8000ad6:	f023 5380 	bic.w	r3, r3, #268435456	@ 0x10000000
 8000ada:	61cb      	str	r3, [r1, #28]
 8000adc:	e69f      	b.n	800081e <HAL_RCC_OscConfig+0x22>
    FlagStatus       pwrclkchanged = RESET;
 8000ade:	2500      	movs	r5, #0
 8000ae0:	e7d5      	b.n	8000a8e <HAL_RCC_OscConfig+0x292>
 8000ae2:	bf00      	nop
 8000ae4:	40021000 	.word	0x40021000
 8000ae8:	10908120 	.word	0x10908120
 8000aec:	40007000 	.word	0x40007000
      SET_BIT(PWR->CR, PWR_CR_DBP);
 8000af0:	6833      	ldr	r3, [r6, #0]
 8000af2:	f443 7380 	orr.w	r3, r3, #256	@ 0x100
 8000af6:	6033      	str	r3, [r6, #0]
      tickstart = HAL_GetTick();
 8000af8:	f7ff fe78 	bl	80007ec <HAL_GetTick>
 8000afc:	4607      	mov	r7, r0
      while(HAL_IS_BIT_CLR(PWR->CR, PWR_CR_DBP))
 8000afe:	6833      	ldr	r3, [r6, #0]
 8000b00:	05db      	lsls	r3, r3, #23
 8000b02:	d4c8      	bmi.n	8000a96 <HAL_RCC_OscConfig+0x29a>
        if((HAL_GetTick() - tickstart) > RCC_DBP_TIMEOUT_VALUE)
 8000b04:	f7ff fe72 	bl	80007ec <HAL_GetTick>
 8000b08:	1bc0      	subs	r0, r0, r7
 8000b0a:	2864      	cmp	r0, #100	@ 0x64
 8000b0c:	d9f7      	bls.n	8000afe <HAL_RCC_OscConfig+0x302>
 8000b0e:	e6d4      	b.n	80008ba <HAL_RCC_OscConfig+0xbe>
    __HAL_RCC_LSE_CONFIG(RCC_OscInitStruct->LSEState);
 8000b10:	bb13      	cbnz	r3, 8000b58 <HAL_RCC_OscConfig+0x35c>
 8000b12:	6a0b      	ldr	r3, [r1, #32]
 8000b14:	f023 0301 	bic.w	r3, r3, #1
 8000b18:	620b      	str	r3, [r1, #32]
 8000b1a:	6a0b      	ldr	r3, [r1, #32]
 8000b1c:	f023 0304 	bic.w	r3, r3, #4
 8000b20:	620b      	str	r3, [r1, #32]
      tickstart = HAL_GetTick();
 8000b22:	f7ff fe63 	bl	80007ec <HAL_GetTick>
 8000b26:	2602      	movs	r6, #2
 8000b28:	4607      	mov	r7, r0
      while(__HAL_RCC_GET_FLAG(RCC_FLAG_LSERDY) != RESET)
 8000b2a:	f04f 0801 	mov.w	r8, #1
        if((HAL_GetTick() - tickstart ) > RCC_LSE_TIMEOUT_VALUE)
 8000b2e:	f241 3988 	movw	r9, #5000	@ 0x1388
 8000b32:	fa96 f3a6 	rbit	r3, r6
 8000b36:	fa96 f3a6 	rbit	r3, r6
      while(__HAL_RCC_GET_FLAG(RCC_FLAG_LSERDY) != RESET)
 8000b3a:	6a0a      	ldr	r2, [r1, #32]
 8000b3c:	fa96 f3a6 	rbit	r3, r6
 8000b40:	fab3 f383 	clz	r3, r3
 8000b44:	fa08 f303 	lsl.w	r3, r8, r3
 8000b48:	4213      	tst	r3, r2
 8000b4a:	d0c0      	beq.n	8000ace <HAL_RCC_OscConfig+0x2d2>
        if((HAL_GetTick() - tickstart ) > RCC_LSE_TIMEOUT_VALUE)
 8000b4c:	f7ff fe4e 	bl	80007ec <HAL_GetTick>
 8000b50:	1bc0      	subs	r0, r0, r7
 8000b52:	4548      	cmp	r0, r9
 8000b54:	d9ed      	bls.n	8000b32 <HAL_RCC_OscConfig+0x336>
 8000b56:	e6b0      	b.n	80008ba <HAL_RCC_OscConfig+0xbe>
    __HAL_RCC_LSE_CONFIG(RCC_OscInitStruct->LSEState);
 8000b58:	2b05      	cmp	r3, #5
 8000b5a:	6a0b      	ldr	r3, [r1, #32]
 8000b5c:	d103      	bne.n	8000b66 <HAL_RCC_OscConfig+0x36a>
 8000b5e:	f043 0304 	orr.w	r3, r3, #4
 8000b62:	620b      	str	r3, [r1, #32]
 8000b64:	e79a      	b.n	8000a9c <HAL_RCC_OscConfig+0x2a0>
 8000b66:	f023 0301 	bic.w	r3, r3, #1
 8000b6a:	620b      	str	r3, [r1, #32]
 8000b6c:	6a0b      	ldr	r3, [r1, #32]
 8000b6e:	f023 0304 	bic.w	r3, r3, #4
 8000b72:	e796      	b.n	8000aa2 <HAL_RCC_OscConfig+0x2a6>
        if((HAL_GetTick() - tickstart ) > RCC_LSE_TIMEOUT_VALUE)
 8000b74:	f7ff fe3a 	bl	80007ec <HAL_GetTick>
 8000b78:	1bc0      	subs	r0, r0, r7
 8000b7a:	4548      	cmp	r0, r9
 8000b7c:	d99a      	bls.n	8000ab4 <HAL_RCC_OscConfig+0x2b8>
 8000b7e:	e69c      	b.n	80008ba <HAL_RCC_OscConfig+0xbe>
    if(__HAL_RCC_GET_SYSCLK_SOURCE() != RCC_SYSCLKSOURCE_STATUS_PLLCLK)
 8000b80:	493f      	ldr	r1, [pc, #252]	@ (8000c80 <HAL_RCC_OscConfig+0x484>)
 8000b82:	684b      	ldr	r3, [r1, #4]
 8000b84:	f003 030c 	and.w	r3, r3, #12
 8000b88:	2b08      	cmp	r3, #8
 8000b8a:	f43f ae6d 	beq.w	8000868 <HAL_RCC_OscConfig+0x6c>
      if((RCC_OscInitStruct->PLL.PLLState) == RCC_PLL_ON)
 8000b8e:	2a02      	cmp	r2, #2
 8000b90:	f04f 7380 	mov.w	r3, #16777216	@ 0x1000000
 8000b94:	d150      	bne.n	8000c38 <HAL_RCC_OscConfig+0x43c>
 8000b96:	fa93 f3a3 	rbit	r3, r3
        __HAL_RCC_PLL_DISABLE();
 8000b9a:	fab3 f383 	clz	r3, r3
 8000b9e:	f103 5384 	add.w	r3, r3, #276824064	@ 0x10800000
 8000ba2:	f503 1384 	add.w	r3, r3, #1081344	@ 0x108000
 8000ba6:	009b      	lsls	r3, r3, #2
 8000ba8:	2200      	movs	r2, #0
 8000baa:	601a      	str	r2, [r3, #0]
        tickstart = HAL_GetTick();
 8000bac:	f7ff fe1e 	bl	80007ec <HAL_GetTick>
          if((HAL_GetTick() - tickstart ) > PLL_TIMEOUT_VALUE)
 8000bb0:	f8df 80d0 	ldr.w	r8, [pc, #208]	@ 8000c84 <HAL_RCC_OscConfig+0x488>
        tickstart = HAL_GetTick();
 8000bb4:	4606      	mov	r6, r0
 8000bb6:	f04f 7700 	mov.w	r7, #33554432	@ 0x2000000
        while(__HAL_RCC_GET_FLAG(RCC_FLAG_PLLRDY)  != RESET)
 8000bba:	2501      	movs	r5, #1
 8000bbc:	fa97 f3a7 	rbit	r3, r7
 8000bc0:	680a      	ldr	r2, [r1, #0]
 8000bc2:	fa97 f3a7 	rbit	r3, r7
 8000bc6:	fab3 f383 	clz	r3, r3
 8000bca:	fa05 f303 	lsl.w	r3, r5, r3
 8000bce:	4213      	tst	r3, r2
 8000bd0:	d12c      	bne.n	8000c2c <HAL_RCC_OscConfig+0x430>
      __HAL_RCC_PLL_CONFIG(RCC_OscInitStruct->PLL.PLLSource,
 8000bd2:	e9d4 0308 	ldrd	r0, r3, [r4, #32]
 8000bd6:	684a      	ldr	r2, [r1, #4]
 8000bd8:	4303      	orrs	r3, r0
 8000bda:	f422 1274 	bic.w	r2, r2, #3997696	@ 0x3d0000
 8000bde:	4313      	orrs	r3, r2
 8000be0:	604b      	str	r3, [r1, #4]
 8000be2:	f04f 7380 	mov.w	r3, #16777216	@ 0x1000000
 8000be6:	fa93 f3a3 	rbit	r3, r3
        __HAL_RCC_PLL_ENABLE();
 8000bea:	fab3 f383 	clz	r3, r3
 8000bee:	f103 5384 	add.w	r3, r3, #276824064	@ 0x10800000
 8000bf2:	f503 1384 	add.w	r3, r3, #1081344	@ 0x108000
 8000bf6:	009b      	lsls	r3, r3, #2
          if((HAL_GetTick() - tickstart ) > PLL_TIMEOUT_VALUE)
 8000bf8:	4f22      	ldr	r7, [pc, #136]	@ (8000c84 <HAL_RCC_OscConfig+0x488>)
        __HAL_RCC_PLL_ENABLE();
 8000bfa:	601d      	str	r5, [r3, #0]
        tickstart = HAL_GetTick();
 8000bfc:	f7ff fdf6 	bl	80007ec <HAL_GetTick>
 8000c00:	f04f 7500 	mov.w	r5, #33554432	@ 0x2000000
 8000c04:	4604      	mov	r4, r0
        while(__HAL_RCC_GET_FLAG(RCC_FLAG_PLLRDY)  == RESET)
 8000c06:	2601      	movs	r6, #1
 8000c08:	fa95 f3a5 	rbit	r3, r5
 8000c0c:	680a      	ldr	r2, [r1, #0]
 8000c0e:	fa95 f3a5 	rbit	r3, r5
 8000c12:	fab3 f383 	clz	r3, r3
 8000c16:	fa06 f303 	lsl.w	r3, r6, r3
 8000c1a:	4213      	tst	r3, r2
 8000c1c:	f47f ae03 	bne.w	8000826 <HAL_RCC_OscConfig+0x2a>
          if((HAL_GetTick() - tickstart ) > PLL_TIMEOUT_VALUE)
 8000c20:	f7ff fde4 	bl	80007ec <HAL_GetTick>
 8000c24:	1b00      	subs	r0, r0, r4
 8000c26:	42b8      	cmp	r0, r7
 8000c28:	d9ee      	bls.n	8000c08 <HAL_RCC_OscConfig+0x40c>
 8000c2a:	e646      	b.n	80008ba <HAL_RCC_OscConfig+0xbe>
          if((HAL_GetTick() - tickstart ) > PLL_TIMEOUT_VALUE)
 8000c2c:	f7ff fdde 	bl	80007ec <HAL_GetTick>
 8000c30:	1b83      	subs	r3, r0, r6
 8000c32:	4543      	cmp	r3, r8
 8000c34:	d9c2      	bls.n	8000bbc <HAL_RCC_OscConfig+0x3c0>
 8000c36:	e640      	b.n	80008ba <HAL_RCC_OscConfig+0xbe>
 8000c38:	fa93 f3a3 	rbit	r3, r3
        __HAL_RCC_PLL_DISABLE();
 8000c3c:	fab3 f383 	clz	r3, r3
 8000c40:	f103 5384 	add.w	r3, r3, #276824064	@ 0x10800000
 8000c44:	f503 1384 	add.w	r3, r3, #1081344	@ 0x108000
 8000c48:	009b      	lsls	r3, r3, #2
 8000c4a:	2200      	movs	r2, #0
 8000c4c:	601a      	str	r2, [r3, #0]
        tickstart = HAL_GetTick();
 8000c4e:	f7ff fdcd 	bl	80007ec <HAL_GetTick>
          if((HAL_GetTick() - tickstart ) > PLL_TIMEOUT_VALUE)
 8000c52:	4f0c      	ldr	r7, [pc, #48]	@ (8000c84 <HAL_RCC_OscConfig+0x488>)
        tickstart = HAL_GetTick();
 8000c54:	4604      	mov	r4, r0
 8000c56:	f04f 7500 	mov.w	r5, #33554432	@ 0x2000000
        while(__HAL_RCC_GET_FLAG(RCC_FLAG_PLLRDY)  != RESET)
 8000c5a:	2601      	movs	r6, #1
 8000c5c:	fa95 f3a5 	rbit	r3, r5
 8000c60:	680a      	ldr	r2, [r1, #0]
 8000c62:	fa95 f3a5 	rbit	r3, r5
 8000c66:	fab3 f383 	clz	r3, r3
 8000c6a:	fa06 f303 	lsl.w	r3, r6, r3
 8000c6e:	4213      	tst	r3, r2
 8000c70:	f43f add9 	beq.w	8000826 <HAL_RCC_OscConfig+0x2a>
          if((HAL_GetTick() - tickstart ) > PLL_TIMEOUT_VALUE)
 8000c74:	f7ff fdba 	bl	80007ec <HAL_GetTick>
 8000c78:	1b00      	subs	r0, r0, r4
 8000c7a:	42b8      	cmp	r0, r7
 8000c7c:	d9ee      	bls.n	8000c5c <HAL_RCC_OscConfig+0x460>
 8000c7e:	e61c      	b.n	80008ba <HAL_RCC_OscConfig+0xbe>
 8000c80:	40021000 	.word	0x40021000
 8000c84:	00030d40 	.word	0x00030d40

08000c88 <HAL_RCC_ClockConfig>:
  /* To correctly read data from FLASH memory, the number of wait states (LATENCY) 
  must be correctly programmed according to the frequency of the CPU clock 
    (HCLK) of the device. */

  /* Increasing the number of wait states because of higher CPU frequency */
  if(FLatency > (FLASH->ACR & FLASH_ACR_LATENCY))
 8000c88:	4a4d      	ldr	r2, [pc, #308]	@ (8000dc0 <HAL_RCC_ClockConfig+0x138>)
{
 8000c8a:	b5f8      	push	{r3, r4, r5, r6, r7, lr}
  if(FLatency > (FLASH->ACR & FLASH_ACR_LATENCY))
 8000c8c:	6813      	ldr	r3, [r2, #0]
 8000c8e:	f003 0307 	and.w	r3, r3, #7
 8000c92:	428b      	cmp	r3, r1
{
 8000c94:	4604      	mov	r4, r0
  if(FLatency > (FLASH->ACR & FLASH_ACR_LATENCY))
 8000c96:	d311      	bcc.n	8000cbc <HAL_RCC_ClockConfig+0x34>
      return HAL_ERROR;
    }
  }

  /*-------------------------- HCLK Configuration --------------------------*/
  if(((RCC_ClkInitStruct->ClockType) & RCC_CLOCKTYPE_HCLK) == RCC_CLOCKTYPE_HCLK)
 8000c98:	6822      	ldr	r2, [r4, #0]
 8000c9a:	0795      	lsls	r5, r2, #30
 8000c9c:	d41a      	bmi.n	8000cd4 <HAL_RCC_ClockConfig+0x4c>
    assert_param(IS_RCC_HCLK(RCC_ClkInitStruct->AHBCLKDivider));
    MODIFY_REG(RCC->CFGR, RCC_CFGR_HPRE, RCC_ClkInitStruct->AHBCLKDivider);
  }

  /*------------------------- SYSCLK Configuration ---------------------------*/ 
  if(((RCC_ClkInitStruct->ClockType) & RCC_CLOCKTYPE_SYSCLK) == RCC_CLOCKTYPE_SYSCLK)
 8000c9e:	07d0      	lsls	r0, r2, #31
 8000ca0:	d420      	bmi.n	8000ce4 <HAL_RCC_ClockConfig+0x5c>
        }
      }
    }      
  }    
  /* Decreasing the number of wait states because of lower CPU frequency */
  if(FLatency < (FLASH->ACR & FLASH_ACR_LATENCY))
 8000ca2:	4a47      	ldr	r2, [pc, #284]	@ (8000dc0 <HAL_RCC_ClockConfig+0x138>)
 8000ca4:	6813      	ldr	r3, [r2, #0]
 8000ca6:	f003 0307 	and.w	r3, r3, #7
 8000caa:	428b      	cmp	r3, r1
 8000cac:	d86c      	bhi.n	8000d88 <HAL_RCC_ClockConfig+0x100>
      return HAL_ERROR;
    }
  }    

  /*-------------------------- PCLK1 Configuration ---------------------------*/ 
  if(((RCC_ClkInitStruct->ClockType) & RCC_CLOCKTYPE_PCLK1) == RCC_CLOCKTYPE_PCLK1)
 8000cae:	6822      	ldr	r2, [r4, #0]
 8000cb0:	0751      	lsls	r1, r2, #29
 8000cb2:	d474      	bmi.n	8000d9e <HAL_RCC_ClockConfig+0x116>
    assert_param(IS_RCC_PCLK(RCC_ClkInitStruct->APB1CLKDivider));
    MODIFY_REG(RCC->CFGR, RCC_CFGR_PPRE1, RCC_ClkInitStruct->APB1CLKDivider);
  }
  
  /*-------------------------- PCLK2 Configuration ---------------------------*/ 
  if(((RCC_ClkInitStruct->ClockType) & RCC_CLOCKTYPE_PCLK2) == RCC_CLOCKTYPE_PCLK2)
 8000cb4:	0713      	lsls	r3, r2, #28
 8000cb6:	d47a      	bmi.n	8000dae <HAL_RCC_ClockConfig+0x126>
  //SystemCoreClock = HAL_RCC_GetSysClockFreq() >> AHBPrescTable[(RCC->CFGR & RCC_CFGR_HPRE)>> RCC_CFGR_HPRE_BITNUMBER];

  /* Configure the source of time base considering new system clocks settings*/
  //HAL_InitTick (TICK_INT_PRIORITY);
  
  return HAL_OK;
 8000cb8:	2000      	movs	r0, #0
 8000cba:	e00a      	b.n	8000cd2 <HAL_RCC_ClockConfig+0x4a>
    __HAL_FLASH_SET_LATENCY(FLatency);
 8000cbc:	6813      	ldr	r3, [r2, #0]
 8000cbe:	f023 0307 	bic.w	r3, r3, #7
 8000cc2:	430b      	orrs	r3, r1
 8000cc4:	6013      	str	r3, [r2, #0]
    if((FLASH->ACR & FLASH_ACR_LATENCY) != FLatency)
 8000cc6:	6813      	ldr	r3, [r2, #0]
 8000cc8:	f003 0307 	and.w	r3, r3, #7
 8000ccc:	428b      	cmp	r3, r1
 8000cce:	d0e3      	beq.n	8000c98 <HAL_RCC_ClockConfig+0x10>
      return HAL_ERROR;
 8000cd0:	2001      	movs	r0, #1
}
 8000cd2:	bdf8      	pop	{r3, r4, r5, r6, r7, pc}
    MODIFY_REG(RCC->CFGR, RCC_CFGR_HPRE, RCC_ClkInitStruct->AHBCLKDivider);
 8000cd4:	483b      	ldr	r0, [pc, #236]	@ (8000dc4 <HAL_RCC_ClockConfig+0x13c>)
 8000cd6:	68a5      	ldr	r5, [r4, #8]
 8000cd8:	6843      	ldr	r3, [r0, #4]
 8000cda:	f023 03f0 	bic.w	r3, r3, #240	@ 0xf0
 8000cde:	432b      	orrs	r3, r5
 8000ce0:	6043      	str	r3, [r0, #4]
 8000ce2:	e7dc      	b.n	8000c9e <HAL_RCC_ClockConfig+0x16>
    if(RCC_ClkInitStruct->SYSCLKSource == RCC_SYSCLKSOURCE_HSE)
 8000ce4:	6862      	ldr	r2, [r4, #4]
 8000ce6:	4d37      	ldr	r5, [pc, #220]	@ (8000dc4 <HAL_RCC_ClockConfig+0x13c>)
 8000ce8:	2a01      	cmp	r2, #1
 8000cea:	d125      	bne.n	8000d38 <HAL_RCC_ClockConfig+0xb0>
 8000cec:	f44f 3300 	mov.w	r3, #131072	@ 0x20000
 8000cf0:	fa93 f0a3 	rbit	r0, r3
      if(__HAL_RCC_GET_FLAG(RCC_FLAG_HSERDY) == RESET)
 8000cf4:	6828      	ldr	r0, [r5, #0]
 8000cf6:	fa93 f3a3 	rbit	r3, r3
 8000cfa:	fab3 f383 	clz	r3, r3
 8000cfe:	fa02 f303 	lsl.w	r3, r2, r3
 8000d02:	4203      	tst	r3, r0
      if(__HAL_RCC_GET_FLAG(RCC_FLAG_HSIRDY) == RESET)
 8000d04:	d0e4      	beq.n	8000cd0 <HAL_RCC_ClockConfig+0x48>
    __HAL_RCC_SYSCLK_CONFIG(RCC_ClkInitStruct->SYSCLKSource);
 8000d06:	686b      	ldr	r3, [r5, #4]
 8000d08:	f023 0303 	bic.w	r3, r3, #3
 8000d0c:	4313      	orrs	r3, r2
 8000d0e:	606b      	str	r3, [r5, #4]
    tickstart = HAL_GetTick();
 8000d10:	f7ff fd6c 	bl	80007ec <HAL_GetTick>
    if(RCC_ClkInitStruct->SYSCLKSource == RCC_SYSCLKSOURCE_HSE)
 8000d14:	6863      	ldr	r3, [r4, #4]
 8000d16:	2b01      	cmp	r3, #1
    tickstart = HAL_GetTick();
 8000d18:	4606      	mov	r6, r0
        if((HAL_GetTick() - tickstart ) > CLOCKSWITCH_TIMEOUT_VALUE)
 8000d1a:	f241 3788 	movw	r7, #5000	@ 0x1388
    if(RCC_ClkInitStruct->SYSCLKSource == RCC_SYSCLKSOURCE_HSE)
 8000d1e:	d11c      	bne.n	8000d5a <HAL_RCC_ClockConfig+0xd2>
      while (__HAL_RCC_GET_SYSCLK_SOURCE() != RCC_SYSCLKSOURCE_STATUS_HSE)
 8000d20:	686b      	ldr	r3, [r5, #4]
 8000d22:	f003 030c 	and.w	r3, r3, #12
 8000d26:	2b04      	cmp	r3, #4
 8000d28:	d0bb      	beq.n	8000ca2 <HAL_RCC_ClockConfig+0x1a>
        if((HAL_GetTick() - tickstart ) > CLOCKSWITCH_TIMEOUT_VALUE)
 8000d2a:	f7ff fd5f 	bl	80007ec <HAL_GetTick>
 8000d2e:	1b80      	subs	r0, r0, r6
 8000d30:	42b8      	cmp	r0, r7
 8000d32:	d9f5      	bls.n	8000d20 <HAL_RCC_ClockConfig+0x98>
          return HAL_TIMEOUT;
 8000d34:	2003      	movs	r0, #3
 8000d36:	e7cc      	b.n	8000cd2 <HAL_RCC_ClockConfig+0x4a>
    else if(RCC_ClkInitStruct->SYSCLKSource == RCC_SYSCLKSOURCE_PLLCLK)
 8000d38:	2a02      	cmp	r2, #2
 8000d3a:	bf0c      	ite	eq
 8000d3c:	f04f 7300 	moveq.w	r3, #33554432	@ 0x2000000
 8000d40:	2302      	movne	r3, #2
 8000d42:	fa93 f0a3 	rbit	r0, r3
      if(__HAL_RCC_GET_FLAG(RCC_FLAG_HSIRDY) == RESET)
 8000d46:	682e      	ldr	r6, [r5, #0]
 8000d48:	fa93 f3a3 	rbit	r3, r3
 8000d4c:	2001      	movs	r0, #1
 8000d4e:	fab3 f383 	clz	r3, r3
 8000d52:	fa00 f303 	lsl.w	r3, r0, r3
 8000d56:	4233      	tst	r3, r6
 8000d58:	e7d4      	b.n	8000d04 <HAL_RCC_ClockConfig+0x7c>
    else if(RCC_ClkInitStruct->SYSCLKSource == RCC_SYSCLKSOURCE_PLLCLK)
 8000d5a:	2b02      	cmp	r3, #2
 8000d5c:	d10f      	bne.n	8000d7e <HAL_RCC_ClockConfig+0xf6>
      while (__HAL_RCC_GET_SYSCLK_SOURCE() != RCC_SYSCLKSOURCE_STATUS_PLLCLK)
 8000d5e:	686b      	ldr	r3, [r5, #4]
 8000d60:	f003 030c 	and.w	r3, r3, #12
 8000d64:	2b08      	cmp	r3, #8
 8000d66:	d09c      	beq.n	8000ca2 <HAL_RCC_ClockConfig+0x1a>
        if((HAL_GetTick() - tickstart ) > CLOCKSWITCH_TIMEOUT_VALUE)
 8000d68:	f7ff fd40 	bl	80007ec <HAL_GetTick>
 8000d6c:	1b80      	subs	r0, r0, r6
 8000d6e:	42b8      	cmp	r0, r7
 8000d70:	d9f5      	bls.n	8000d5e <HAL_RCC_ClockConfig+0xd6>
 8000d72:	e7df      	b.n	8000d34 <HAL_RCC_ClockConfig+0xac>
        if((HAL_GetTick() - tickstart ) > CLOCKSWITCH_TIMEOUT_VALUE)
 8000d74:	f7ff fd3a 	bl	80007ec <HAL_GetTick>
 8000d78:	1b80      	subs	r0, r0, r6
 8000d7a:	42b8      	cmp	r0, r7
 8000d7c:	d8da      	bhi.n	8000d34 <HAL_RCC_ClockConfig+0xac>
      while (__HAL_RCC_GET_SYSCLK_SOURCE() != RCC_SYSCLKSOURCE_STATUS_HSI)
 8000d7e:	686b      	ldr	r3, [r5, #4]
 8000d80:	f013 0f0c 	tst.w	r3, #12
 8000d84:	d1f6      	bne.n	8000d74 <HAL_RCC_ClockConfig+0xec>
 8000d86:	e78c      	b.n	8000ca2 <HAL_RCC_ClockConfig+0x1a>
    __HAL_FLASH_SET_LATENCY(FLatency);
 8000d88:	6813      	ldr	r3, [r2, #0]
 8000d8a:	f023 0307 	bic.w	r3, r3, #7
 8000d8e:	430b      	orrs	r3, r1
 8000d90:	6013      	str	r3, [r2, #0]
    if((FLASH->ACR & FLASH_ACR_LATENCY) != FLatency)
 8000d92:	6813      	ldr	r3, [r2, #0]
 8000d94:	f003 0307 	and.w	r3, r3, #7
 8000d98:	428b      	cmp	r3, r1
 8000d9a:	d199      	bne.n	8000cd0 <HAL_RCC_ClockConfig+0x48>
 8000d9c:	e787      	b.n	8000cae <HAL_RCC_ClockConfig+0x26>
    MODIFY_REG(RCC->CFGR, RCC_CFGR_PPRE1, RCC_ClkInitStruct->APB1CLKDivider);
 8000d9e:	4909      	ldr	r1, [pc, #36]	@ (8000dc4 <HAL_RCC_ClockConfig+0x13c>)
 8000da0:	68e0      	ldr	r0, [r4, #12]
 8000da2:	684b      	ldr	r3, [r1, #4]
 8000da4:	f423 63e0 	bic.w	r3, r3, #1792	@ 0x700
 8000da8:	4303      	orrs	r3, r0
 8000daa:	604b      	str	r3, [r1, #4]
 8000dac:	e782      	b.n	8000cb4 <HAL_RCC_ClockConfig+0x2c>
    MODIFY_REG(RCC->CFGR, RCC_CFGR_PPRE2, ((RCC_ClkInitStruct->APB2CLKDivider) << 3U));
 8000dae:	4a05      	ldr	r2, [pc, #20]	@ (8000dc4 <HAL_RCC_ClockConfig+0x13c>)
 8000db0:	6921      	ldr	r1, [r4, #16]
 8000db2:	6853      	ldr	r3, [r2, #4]
 8000db4:	f423 5360 	bic.w	r3, r3, #14336	@ 0x3800
 8000db8:	ea43 03c1 	orr.w	r3, r3, r1, lsl #3
 8000dbc:	6053      	str	r3, [r2, #4]
 8000dbe:	e77b      	b.n	8000cb8 <HAL_RCC_ClockConfig+0x30>
 8000dc0:	40022000 	.word	0x40022000
 8000dc4:	40021000 	.word	0x40021000

08000dc8 <HAL_GPIO_Init>:
  * @param  GPIO_Init: pointer to a GPIO_InitTypeDef structure that contains
  *         the configuration information for the specified GPIO peripheral.
  * @retval None
  */
void HAL_GPIO_Init(GPIO_TypeDef  *GPIOx, GPIO_InitTypeDef *GPIO_Init)
{
 8000dc8:	e92d 4ff7 	stmdb	sp!, {r0, r1, r2, r4, r5, r6, r7, r8, r9, sl, fp, lr}
      /*--------------------- EXTI Mode Configuration ------------------------*/
      /* Configure the External Interrupt or event for the current IO */
      if((GPIO_Init->Mode & EXTI_MODE) == EXTI_MODE)
      {
        /* Enable SYSCFG Clock */
        __HAL_RCC_SYSCFG_CLK_ENABLE();
 8000dcc:	f8df 8168 	ldr.w	r8, [pc, #360]	@ 8000f38 <HAL_GPIO_Init+0x170>
        temp &= ~((0x0FU) << (4U * (position & 0x03U)));
        temp |= (GPIO_GET_INDEX(GPIOx) << (4U * (position & 0x03U)));
        SYSCFG->EXTICR[position >> 2] = temp;

        /* Clear EXTI line configuration */
        temp = EXTI->IMR;
 8000dd0:	4c5a      	ldr	r4, [pc, #360]	@ (8000f3c <HAL_GPIO_Init+0x174>)
  uint32_t position = 0x00U;
 8000dd2:	2300      	movs	r3, #0
        temp &= ~((0x0FU) << (4U * (position & 0x03U)));
 8000dd4:	f04f 090f 	mov.w	r9, #15
  while (((GPIO_Init->Pin) >> position) != RESET)
 8000dd8:	680a      	ldr	r2, [r1, #0]
 8000dda:	fa32 f503 	lsrs.w	r5, r2, r3
 8000dde:	d102      	bne.n	8000de6 <HAL_GPIO_Init+0x1e>
      }
    }
    
    position++;
  }
}
 8000de0:	b003      	add	sp, #12
 8000de2:	e8bd 8ff0 	ldmia.w	sp!, {r4, r5, r6, r7, r8, r9, sl, fp, pc}
    iocurrent = (GPIO_Init->Pin) & (1U << position);
 8000de6:	2501      	movs	r5, #1
 8000de8:	fa05 fa03 	lsl.w	sl, r5, r3
    if(iocurrent)
 8000dec:	ea1a 0202 	ands.w	r2, sl, r2
 8000df0:	f000 8098 	beq.w	8000f24 <HAL_GPIO_Init+0x15c>
      if((GPIO_Init->Mode == GPIO_MODE_AF_PP) || (GPIO_Init->Mode == GPIO_MODE_AF_OD))
 8000df4:	684d      	ldr	r5, [r1, #4]
 8000df6:	f025 0e10 	bic.w	lr, r5, #16
 8000dfa:	f1be 0f02 	cmp.w	lr, #2
 8000dfe:	d111      	bne.n	8000e24 <HAL_GPIO_Init+0x5c>
        temp = GPIOx->AFR[position >> 3];
 8000e00:	08df      	lsrs	r7, r3, #3
 8000e02:	eb00 0787 	add.w	r7, r0, r7, lsl #2
        temp &= ~(0xFU << ((uint32_t)(position & 0x07U) * 4U)) ;
 8000e06:	f003 0c07 	and.w	ip, r3, #7
        temp = GPIOx->AFR[position >> 3];
 8000e0a:	6a3e      	ldr	r6, [r7, #32]
        temp &= ~(0xFU << ((uint32_t)(position & 0x07U) * 4U)) ;
 8000e0c:	ea4f 0c8c 	mov.w	ip, ip, lsl #2
 8000e10:	fa09 fb0c 	lsl.w	fp, r9, ip
 8000e14:	ea26 0b0b 	bic.w	fp, r6, fp
        temp |= ((uint32_t)(GPIO_Init->Alternate) << (((uint32_t)position & 0x07U) * 4U));
 8000e18:	690e      	ldr	r6, [r1, #16]
 8000e1a:	fa06 f60c 	lsl.w	r6, r6, ip
 8000e1e:	ea46 060b 	orr.w	r6, r6, fp
        GPIOx->AFR[position >> 3] = temp;
 8000e22:	623e      	str	r6, [r7, #32]
      temp = GPIOx->MODER;
 8000e24:	f8d0 b000 	ldr.w	fp, [r0]
      temp &= ~(GPIO_MODER_MODER0 << (position * 2U));
 8000e28:	ea4f 0c43 	mov.w	ip, r3, lsl #1
 8000e2c:	2603      	movs	r6, #3
 8000e2e:	fa06 f70c 	lsl.w	r7, r6, ip
 8000e32:	ea2b 0b07 	bic.w	fp, fp, r7
 8000e36:	43fe      	mvns	r6, r7
      temp |= ((GPIO_Init->Mode & GPIO_MODE) << (position * 2U));
 8000e38:	f005 0703 	and.w	r7, r5, #3
 8000e3c:	fa07 f70c 	lsl.w	r7, r7, ip
      if((GPIO_Init->Mode == GPIO_MODE_OUTPUT_PP) || (GPIO_Init->Mode == GPIO_MODE_AF_PP) ||
 8000e40:	f10e 3eff 	add.w	lr, lr, #4294967295	@ 0xffffffff
      temp |= ((GPIO_Init->Mode & GPIO_MODE) << (position * 2U));
 8000e44:	ea47 070b 	orr.w	r7, r7, fp
      if((GPIO_Init->Mode == GPIO_MODE_OUTPUT_PP) || (GPIO_Init->Mode == GPIO_MODE_AF_PP) ||
 8000e48:	f1be 0f01 	cmp.w	lr, #1
      GPIOx->MODER = temp;
 8000e4c:	6007      	str	r7, [r0, #0]
      if((GPIO_Init->Mode == GPIO_MODE_OUTPUT_PP) || (GPIO_Init->Mode == GPIO_MODE_AF_PP) ||
 8000e4e:	d810      	bhi.n	8000e72 <HAL_GPIO_Init+0xaa>
        temp = GPIOx->OSPEEDR;
 8000e50:	6887      	ldr	r7, [r0, #8]
        temp &= ~(GPIO_OSPEEDER_OSPEEDR0 << (position * 2U));
 8000e52:	ea06 0e07 	and.w	lr, r6, r7
        temp |= (GPIO_Init->Speed << (position * 2U));
 8000e56:	68cf      	ldr	r7, [r1, #12]
 8000e58:	fa07 f70c 	lsl.w	r7, r7, ip
 8000e5c:	ea47 070e 	orr.w	r7, r7, lr
        GPIOx->OSPEEDR = temp;
 8000e60:	6087      	str	r7, [r0, #8]
        temp = GPIOx->OTYPER;
 8000e62:	6847      	ldr	r7, [r0, #4]
        temp &= ~(GPIO_OTYPER_OT_0 << position) ;
 8000e64:	ea27 0e0a 	bic.w	lr, r7, sl
        temp |= (((GPIO_Init->Mode & GPIO_OUTPUT_TYPE) >> 4U) << position);
 8000e68:	092f      	lsrs	r7, r5, #4
 8000e6a:	409f      	lsls	r7, r3
 8000e6c:	ea47 070e 	orr.w	r7, r7, lr
        GPIOx->OTYPER = temp;
 8000e70:	6047      	str	r7, [r0, #4]
      temp = GPIOx->PUPDR;
 8000e72:	68c7      	ldr	r7, [r0, #12]
      temp &= ~(GPIO_PUPDR_PUPDR0 << (position * 2U));
 8000e74:	4037      	ands	r7, r6
      temp |= ((GPIO_Init->Pull) << (position * 2U));
 8000e76:	688e      	ldr	r6, [r1, #8]
 8000e78:	fa06 f60c 	lsl.w	r6, r6, ip
 8000e7c:	433e      	orrs	r6, r7
      GPIOx->PUPDR = temp;
 8000e7e:	60c6      	str	r6, [r0, #12]
      if((GPIO_Init->Mode & EXTI_MODE) == EXTI_MODE)
 8000e80:	00ee      	lsls	r6, r5, #3
 8000e82:	d54f      	bpl.n	8000f24 <HAL_GPIO_Init+0x15c>
        __HAL_RCC_SYSCFG_CLK_ENABLE();
 8000e84:	f8d8 6018 	ldr.w	r6, [r8, #24]
 8000e88:	f046 0601 	orr.w	r6, r6, #1
 8000e8c:	f8c8 6018 	str.w	r6, [r8, #24]
 8000e90:	f8d8 6018 	ldr.w	r6, [r8, #24]
 8000e94:	f023 0703 	bic.w	r7, r3, #3
 8000e98:	f107 4780 	add.w	r7, r7, #1073741824	@ 0x40000000
 8000e9c:	f006 0601 	and.w	r6, r6, #1
 8000ea0:	f507 3780 	add.w	r7, r7, #65536	@ 0x10000
 8000ea4:	9601      	str	r6, [sp, #4]
        temp &= ~((0x0FU) << (4U * (position & 0x03U)));
 8000ea6:	f003 0c03 	and.w	ip, r3, #3
        __HAL_RCC_SYSCFG_CLK_ENABLE();
 8000eaa:	9e01      	ldr	r6, [sp, #4]
        temp = SYSCFG->EXTICR[position >> 2];
 8000eac:	68be      	ldr	r6, [r7, #8]
        temp &= ~((0x0FU) << (4U * (position & 0x03U)));
 8000eae:	ea4f 0c8c 	mov.w	ip, ip, lsl #2
 8000eb2:	fa09 fe0c 	lsl.w	lr, r9, ip
        temp |= (GPIO_GET_INDEX(GPIOx) << (4U * (position & 0x03U)));
 8000eb6:	f1b0 4f90 	cmp.w	r0, #1207959552	@ 0x48000000
        temp &= ~((0x0FU) << (4U * (position & 0x03U)));
 8000eba:	ea26 0e0e 	bic.w	lr, r6, lr
        temp |= (GPIO_GET_INDEX(GPIOx) << (4U * (position & 0x03U)));
 8000ebe:	d033      	beq.n	8000f28 <HAL_GPIO_Init+0x160>
 8000ec0:	4e1f      	ldr	r6, [pc, #124]	@ (8000f40 <HAL_GPIO_Init+0x178>)
 8000ec2:	42b0      	cmp	r0, r6
 8000ec4:	d032      	beq.n	8000f2c <HAL_GPIO_Init+0x164>
 8000ec6:	f506 6680 	add.w	r6, r6, #1024	@ 0x400
 8000eca:	42b0      	cmp	r0, r6
 8000ecc:	d030      	beq.n	8000f30 <HAL_GPIO_Init+0x168>
 8000ece:	f506 6680 	add.w	r6, r6, #1024	@ 0x400
 8000ed2:	42b0      	cmp	r0, r6
 8000ed4:	d02e      	beq.n	8000f34 <HAL_GPIO_Init+0x16c>
 8000ed6:	f506 6680 	add.w	r6, r6, #1024	@ 0x400
 8000eda:	42b0      	cmp	r0, r6
 8000edc:	bf14      	ite	ne
 8000ede:	2605      	movne	r6, #5
 8000ee0:	2604      	moveq	r6, #4
 8000ee2:	fa06 f60c 	lsl.w	r6, r6, ip
 8000ee6:	ea46 060e 	orr.w	r6, r6, lr
        SYSCFG->EXTICR[position >> 2] = temp;
 8000eea:	60be      	str	r6, [r7, #8]
        temp = EXTI->IMR;
 8000eec:	6826      	ldr	r6, [r4, #0]
        temp &= ~((uint32_t)iocurrent);
 8000eee:	43d7      	mvns	r7, r2
        if((GPIO_Init->Mode & GPIO_MODE_IT) == GPIO_MODE_IT)
 8000ef0:	f415 3f80 	tst.w	r5, #65536	@ 0x10000
        temp &= ~((uint32_t)iocurrent);
 8000ef4:	bf0c      	ite	eq
 8000ef6:	403e      	andeq	r6, r7
          temp |= iocurrent;
 8000ef8:	4316      	orrne	r6, r2
        EXTI->IMR = temp;
 8000efa:	6026      	str	r6, [r4, #0]
        temp = EXTI->EMR;
 8000efc:	6866      	ldr	r6, [r4, #4]
        if((GPIO_Init->Mode & GPIO_MODE_EVT) == GPIO_MODE_EVT)
 8000efe:	f415 3f00 	tst.w	r5, #131072	@ 0x20000
        temp &= ~((uint32_t)iocurrent);
 8000f02:	bf0c      	ite	eq
 8000f04:	403e      	andeq	r6, r7
          temp |= iocurrent;
 8000f06:	4316      	orrne	r6, r2
        EXTI->EMR = temp;
 8000f08:	6066      	str	r6, [r4, #4]
        temp = EXTI->RTSR;
 8000f0a:	68a6      	ldr	r6, [r4, #8]
        if((GPIO_Init->Mode & RISING_EDGE) == RISING_EDGE)
 8000f0c:	f415 1f80 	tst.w	r5, #1048576	@ 0x100000
        temp &= ~((uint32_t)iocurrent);
 8000f10:	bf0c      	ite	eq
 8000f12:	403e      	andeq	r6, r7
          temp |= iocurrent;
 8000f14:	4316      	orrne	r6, r2
        EXTI->RTSR = temp;
 8000f16:	60a6      	str	r6, [r4, #8]
        temp = EXTI->FTSR;
 8000f18:	68e6      	ldr	r6, [r4, #12]
        if((GPIO_Init->Mode & FALLING_EDGE) == FALLING_EDGE)
 8000f1a:	02ad      	lsls	r5, r5, #10
        temp &= ~((uint32_t)iocurrent);
 8000f1c:	bf54      	ite	pl
 8000f1e:	403e      	andpl	r6, r7
          temp |= iocurrent;
 8000f20:	4316      	orrmi	r6, r2
        EXTI->FTSR = temp;
 8000f22:	60e6      	str	r6, [r4, #12]
    position++;
 8000f24:	3301      	adds	r3, #1
 8000f26:	e757      	b.n	8000dd8 <HAL_GPIO_Init+0x10>
        temp |= (GPIO_GET_INDEX(GPIOx) << (4U * (position & 0x03U)));
 8000f28:	2600      	movs	r6, #0
 8000f2a:	e7da      	b.n	8000ee2 <HAL_GPIO_Init+0x11a>
 8000f2c:	2601      	movs	r6, #1
 8000f2e:	e7d8      	b.n	8000ee2 <HAL_GPIO_Init+0x11a>
 8000f30:	2602      	movs	r6, #2
 8000f32:	e7d6      	b.n	8000ee2 <HAL_GPIO_Init+0x11a>
 8000f34:	2603      	movs	r6, #3
 8000f36:	e7d4      	b.n	8000ee2 <HAL_GPIO_Init+0x11a>
 8000f38:	40021000 	.word	0x40021000
 8000f3c:	40010400 	.word	0x40010400
 8000f40:	48000400 	.word	0x48000400

08000f44 <HAL_GPIO_WritePin>:
{
  /* Check the parameters */
  assert_param(IS_GPIO_PIN(GPIO_Pin));
  assert_param(IS_GPIO_PIN_ACTION(PinState));

  if(PinState != GPIO_PIN_RESET)
 8000f44:	b10a      	cbz	r2, 8000f4a <HAL_GPIO_WritePin+0x6>
  {
    GPIOx->BSRR = (uint32_t)GPIO_Pin;
 8000f46:	6181      	str	r1, [r0, #24]
 8000f48:	4770      	bx	lr
  }
  else
  {
    GPIOx->BRR = (uint32_t)GPIO_Pin;
 8000f4a:	6281      	str	r1, [r0, #40]	@ 0x28
  }
}
 8000f4c:	4770      	bx	lr
 8000f4e:	0000      	movs	r0, r0

08000f50 <UART_SetConfig>:
   *  set the M bits according to huart->Init.WordLength value
   *  set PCE and PS bits according to huart->Init.Parity value
   *  set TE and RE bits according to huart->Init.Mode value
   *  set OVER8 bit according to huart->Init.OverSampling value */
  tmpreg = (uint32_t)huart->Init.WordLength | huart->Init.Parity | huart->Init.Mode | huart->Init.OverSampling ;
  MODIFY_REG(huart->Instance->CR1, UART_CR1_FIELDS, tmpreg);
 8000f50:	6802      	ldr	r2, [r0, #0]
  tmpreg = (uint32_t)huart->Init.WordLength | huart->Init.Parity | huart->Init.Mode | huart->Init.OverSampling ;
 8000f52:	6883      	ldr	r3, [r0, #8]
 8000f54:	69c1      	ldr	r1, [r0, #28]
{
 8000f56:	b530      	push	{r4, r5, lr}
  tmpreg = (uint32_t)huart->Init.WordLength | huart->Init.Parity | huart->Init.Mode | huart->Init.OverSampling ;
 8000f58:	6905      	ldr	r5, [r0, #16]
  MODIFY_REG(huart->Instance->CR1, UART_CR1_FIELDS, tmpreg);
 8000f5a:	6814      	ldr	r4, [r2, #0]
  tmpreg = (uint32_t)huart->Init.WordLength | huart->Init.Parity | huart->Init.Mode | huart->Init.OverSampling ;
 8000f5c:	432b      	orrs	r3, r5
 8000f5e:	6945      	ldr	r5, [r0, #20]
  MODIFY_REG(huart->Instance->CR1, UART_CR1_FIELDS, tmpreg);
 8000f60:	f424 4416 	bic.w	r4, r4, #38400	@ 0x9600
  tmpreg = (uint32_t)huart->Init.WordLength | huart->Init.Parity | huart->Init.Mode | huart->Init.OverSampling ;
 8000f64:	432b      	orrs	r3, r5
  MODIFY_REG(huart->Instance->CR1, UART_CR1_FIELDS, tmpreg);
 8000f66:	f024 040c 	bic.w	r4, r4, #12
  tmpreg = (uint32_t)huart->Init.WordLength | huart->Init.Parity | huart->Init.Mode | huart->Init.OverSampling ;
 8000f6a:	430b      	orrs	r3, r1
  MODIFY_REG(huart->Instance->CR1, UART_CR1_FIELDS, tmpreg);
 8000f6c:	4323      	orrs	r3, r4
 8000f6e:	6013      	str	r3, [r2, #0]

  /*-------------------------- USART CR2 Configuration -----------------------*/
  /* Configure the UART Stop Bits: Set STOP[13:12] bits according
   * to huart->Init.StopBits value */
  MODIFY_REG(huart->Instance->CR2, USART_CR2_STOP, huart->Init.StopBits);
 8000f70:	6853      	ldr	r3, [r2, #4]
 8000f72:	68c4      	ldr	r4, [r0, #12]
  /* Configure
   * - UART HardWare Flow Control: set CTSE and RTSE bits according
   *   to huart->Init.HwFlowCtl value
   * - one-bit sampling method versus three samples' majority rule according
   *   to huart->Init.OneBitSampling */
  tmpreg = (uint32_t)huart->Init.HwFlowCtl | huart->Init.OneBitSampling ;
 8000f74:	6a05      	ldr	r5, [r0, #32]
  MODIFY_REG(huart->Instance->CR2, USART_CR2_STOP, huart->Init.StopBits);
 8000f76:	f423 5340 	bic.w	r3, r3, #12288	@ 0x3000
 8000f7a:	4323      	orrs	r3, r4
 8000f7c:	6053      	str	r3, [r2, #4]
  MODIFY_REG(huart->Instance->CR3, (USART_CR3_RTSE | USART_CR3_CTSE | USART_CR3_ONEBIT), tmpreg);
 8000f7e:	6894      	ldr	r4, [r2, #8]
  tmpreg = (uint32_t)huart->Init.HwFlowCtl | huart->Init.OneBitSampling ;
 8000f80:	6983      	ldr	r3, [r0, #24]
  MODIFY_REG(huart->Instance->CR3, (USART_CR3_RTSE | USART_CR3_CTSE | USART_CR3_ONEBIT), tmpreg);
 8000f82:	f424 6430 	bic.w	r4, r4, #2816	@ 0xb00
  tmpreg = (uint32_t)huart->Init.HwFlowCtl | huart->Init.OneBitSampling ;
 8000f86:	432b      	orrs	r3, r5
  MODIFY_REG(huart->Instance->CR3, (USART_CR3_RTSE | USART_CR3_CTSE | USART_CR3_ONEBIT), tmpreg);
 8000f88:	4323      	orrs	r3, r4
 8000f8a:	6093      	str	r3, [r2, #8]

  /*-------------------------- USART BRR Configuration -----------------------*/
  UART_GETCLOCKSOURCE(huart, clocksource);
 8000f8c:	4b42      	ldr	r3, [pc, #264]	@ (8001098 <UART_SetConfig+0x148>)
 8000f8e:	429a      	cmp	r2, r3
 8000f90:	d111      	bne.n	8000fb6 <UART_SetConfig+0x66>
 8000f92:	f503 4358 	add.w	r3, r3, #55296	@ 0xd800
 8000f96:	6b1b      	ldr	r3, [r3, #48]	@ 0x30
 8000f98:	f003 0303 	and.w	r3, r3, #3
 8000f9c:	2b02      	cmp	r3, #2
 8000f9e:	d05f      	beq.n	8001060 <UART_SetConfig+0x110>
 8000fa0:	2b03      	cmp	r3, #3
 8000fa2:	d065      	beq.n	8001070 <UART_SetConfig+0x120>

  /* Check UART Over Sampling to set Baud Rate Register */
  if (huart->Init.OverSampling == UART_OVERSAMPLING_8)
 8000fa4:	f5b1 4f00 	cmp.w	r1, #32768	@ 0x8000
  {
    switch (clocksource)
    {
      case UART_CLOCKSOURCE_PCLK1:
        usartdiv = (uint16_t)(UART_DIV_SAMPLING8(HAL_RCC_GetPCLK1Freq(), huart->Init.BaudRate));
 8000fa8:	6841      	ldr	r1, [r0, #4]
 8000faa:	ea4f 0351 	mov.w	r3, r1, lsr #1
  if (huart->Init.OverSampling == UART_OVERSAMPLING_8)
 8000fae:	d045      	beq.n	800103c <UART_SetConfig+0xec>
    {
      case UART_CLOCKSOURCE_PCLK1:
        huart->Instance->BRR = (uint16_t)(UART_DIV_SAMPLING16(HAL_RCC_GetPCLK1Freq(), huart->Init.BaudRate));
        break;
      case UART_CLOCKSOURCE_PCLK2:
        huart->Instance->BRR = (uint16_t)(UART_DIV_SAMPLING16(HAL_RCC_GetPCLK2Freq(), huart->Init.BaudRate));
 8000fb0:	f503 03e1 	add.w	r3, r3, #7372800	@ 0x708000
 8000fb4:	e048      	b.n	8001048 <UART_SetConfig+0xf8>
  UART_GETCLOCKSOURCE(huart, clocksource);
 8000fb6:	4b39      	ldr	r3, [pc, #228]	@ (800109c <UART_SetConfig+0x14c>)
 8000fb8:	429a      	cmp	r2, r3
 8000fba:	d112      	bne.n	8000fe2 <UART_SetConfig+0x92>
 8000fbc:	f503 33e6 	add.w	r3, r3, #117760	@ 0x1cc00
 8000fc0:	6b1b      	ldr	r3, [r3, #48]	@ 0x30
 8000fc2:	f403 3340 	and.w	r3, r3, #196608	@ 0x30000
 8000fc6:	f5b3 3f00 	cmp.w	r3, #131072	@ 0x20000
 8000fca:	d049      	beq.n	8001060 <UART_SetConfig+0x110>
 8000fcc:	d9ea      	bls.n	8000fa4 <UART_SetConfig+0x54>
 8000fce:	f5b3 3f40 	cmp.w	r3, #196608	@ 0x30000
 8000fd2:	d04d      	beq.n	8001070 <UART_SetConfig+0x120>
  if (huart->Init.OverSampling == UART_OVERSAMPLING_8)
 8000fd4:	f5b1 4f00 	cmp.w	r1, #32768	@ 0x8000
        ret = HAL_ERROR;
 8000fd8:	f04f 0001 	mov.w	r0, #1
  if (huart->Init.OverSampling == UART_OVERSAMPLING_8)
 8000fdc:	d15b      	bne.n	8001096 <UART_SetConfig+0x146>
  uint16_t usartdiv                   = 0x0000U;
 8000fde:	2300      	movs	r3, #0
 8000fe0:	e053      	b.n	800108a <UART_SetConfig+0x13a>
  UART_GETCLOCKSOURCE(huart, clocksource);
 8000fe2:	4b2f      	ldr	r3, [pc, #188]	@ (80010a0 <UART_SetConfig+0x150>)
 8000fe4:	429a      	cmp	r2, r3
 8000fe6:	d10b      	bne.n	8001000 <UART_SetConfig+0xb0>
 8000fe8:	f503 33e4 	add.w	r3, r3, #116736	@ 0x1c800
 8000fec:	6b1b      	ldr	r3, [r3, #48]	@ 0x30
 8000fee:	f403 2340 	and.w	r3, r3, #786432	@ 0xc0000
 8000ff2:	f5b3 2f00 	cmp.w	r3, #524288	@ 0x80000
 8000ff6:	d033      	beq.n	8001060 <UART_SetConfig+0x110>
 8000ff8:	d9d4      	bls.n	8000fa4 <UART_SetConfig+0x54>
 8000ffa:	f5b3 2f40 	cmp.w	r3, #786432	@ 0xc0000
 8000ffe:	e7e8      	b.n	8000fd2 <UART_SetConfig+0x82>
 8001000:	4b28      	ldr	r3, [pc, #160]	@ (80010a4 <UART_SetConfig+0x154>)
 8001002:	429a      	cmp	r2, r3
 8001004:	d10b      	bne.n	800101e <UART_SetConfig+0xce>
 8001006:	f503 33e2 	add.w	r3, r3, #115712	@ 0x1c400
 800100a:	6b1b      	ldr	r3, [r3, #48]	@ 0x30
 800100c:	f403 1340 	and.w	r3, r3, #3145728	@ 0x300000
 8001010:	f5b3 1f00 	cmp.w	r3, #2097152	@ 0x200000
 8001014:	d024      	beq.n	8001060 <UART_SetConfig+0x110>
 8001016:	d9c5      	bls.n	8000fa4 <UART_SetConfig+0x54>
 8001018:	f5b3 1f40 	cmp.w	r3, #3145728	@ 0x300000
 800101c:	e7d9      	b.n	8000fd2 <UART_SetConfig+0x82>
 800101e:	4b22      	ldr	r3, [pc, #136]	@ (80010a8 <UART_SetConfig+0x158>)
 8001020:	429a      	cmp	r2, r3
 8001022:	d1d7      	bne.n	8000fd4 <UART_SetConfig+0x84>
 8001024:	f503 33e0 	add.w	r3, r3, #114688	@ 0x1c000
 8001028:	6b1b      	ldr	r3, [r3, #48]	@ 0x30
 800102a:	f403 0340 	and.w	r3, r3, #12582912	@ 0xc00000
 800102e:	f5b3 0f00 	cmp.w	r3, #8388608	@ 0x800000
 8001032:	d015      	beq.n	8001060 <UART_SetConfig+0x110>
 8001034:	d9b6      	bls.n	8000fa4 <UART_SetConfig+0x54>
 8001036:	f5b3 0f40 	cmp.w	r3, #12582912	@ 0xc00000
 800103a:	e7ca      	b.n	8000fd2 <UART_SetConfig+0x82>
        usartdiv = (uint16_t)(UART_DIV_SAMPLING8(HAL_RCC_GetPCLK1Freq(), huart->Init.BaudRate));
 800103c:	f503 0361 	add.w	r3, r3, #14745600	@ 0xe10000
 8001040:	e01f      	b.n	8001082 <UART_SetConfig+0x132>
        break;
      case UART_CLOCKSOURCE_SYSCLK:
        huart->Instance->BRR = (uint16_t)(UART_DIV_SAMPLING16(HAL_RCC_GetSysClockFreq(), huart->Init.BaudRate));
        break;
      case UART_CLOCKSOURCE_LSE:
        huart->Instance->BRR = (uint16_t)(UART_DIV_SAMPLING16(LSE_VALUE, huart->Init.BaudRate));
 8001042:	084b      	lsrs	r3, r1, #1
 8001044:	f503 4300 	add.w	r3, r3, #32768	@ 0x8000
        huart->Instance->BRR = (uint16_t)(UART_DIV_SAMPLING16(HAL_RCC_GetPCLK2Freq(), huart->Init.BaudRate));
 8001048:	fbb3 f3f1 	udiv	r3, r3, r1
 800104c:	b29b      	uxth	r3, r3
 800104e:	60d3      	str	r3, [r2, #12]
  HAL_StatusTypeDef ret               = HAL_OK;
 8001050:	2000      	movs	r0, #0
        ret = HAL_ERROR;
        break;
    }
  }

  return ret;
 8001052:	e020      	b.n	8001096 <UART_SetConfig+0x146>
        huart->Instance->BRR = (uint16_t)(UART_DIV_SAMPLING16(HSI_VALUE, huart->Init.BaudRate));
 8001054:	084b      	lsrs	r3, r1, #1
 8001056:	f503 0374 	add.w	r3, r3, #15990784	@ 0xf40000
 800105a:	f503 5310 	add.w	r3, r3, #9216	@ 0x2400
 800105e:	e7f3      	b.n	8001048 <UART_SetConfig+0xf8>
  if (huart->Init.OverSampling == UART_OVERSAMPLING_8)
 8001060:	f5b1 4f00 	cmp.w	r1, #32768	@ 0x8000
 8001064:	6841      	ldr	r1, [r0, #4]
 8001066:	d1ec      	bne.n	8001042 <UART_SetConfig+0xf2>
        usartdiv = (uint16_t)(UART_DIV_SAMPLING8(LSE_VALUE, huart->Init.BaudRate));
 8001068:	084b      	lsrs	r3, r1, #1
 800106a:	f503 3380 	add.w	r3, r3, #65536	@ 0x10000
 800106e:	e008      	b.n	8001082 <UART_SetConfig+0x132>
  if (huart->Init.OverSampling == UART_OVERSAMPLING_8)
 8001070:	f5b1 4f00 	cmp.w	r1, #32768	@ 0x8000
 8001074:	6841      	ldr	r1, [r0, #4]
 8001076:	d1ed      	bne.n	8001054 <UART_SetConfig+0x104>
        usartdiv = (uint16_t)(UART_DIV_SAMPLING8(HSI_VALUE, huart->Init.BaudRate));
 8001078:	084b      	lsrs	r3, r1, #1
 800107a:	f103 73f4 	add.w	r3, r3, #31981568	@ 0x1e80000
 800107e:	f503 4390 	add.w	r3, r3, #18432	@ 0x4800
        usartdiv = (uint16_t)(UART_DIV_SAMPLING8(HAL_RCC_GetPCLK1Freq(), huart->Init.BaudRate));
 8001082:	fbb3 f3f1 	udiv	r3, r3, r1
  HAL_StatusTypeDef ret               = HAL_OK;
 8001086:	2000      	movs	r0, #0
        usartdiv = (uint16_t)(UART_DIV_SAMPLING8(HAL_RCC_GetPCLK1Freq(), huart->Init.BaudRate));
 8001088:	b29b      	uxth	r3, r3
    brrtemp = usartdiv & 0xFFF0U;
 800108a:	f023 010f 	bic.w	r1, r3, #15
    brrtemp |= (uint16_t)((usartdiv & (uint16_t)0x000FU) >> 1U);
 800108e:	f3c3 0342 	ubfx	r3, r3, #1, #3
    huart->Instance->BRR = brrtemp;
 8001092:	430b      	orrs	r3, r1
 8001094:	60d3      	str	r3, [r2, #12]

}
 8001096:	bd30      	pop	{r4, r5, pc}
 8001098:	40013800 	.word	0x40013800
 800109c:	40004400 	.word	0x40004400
 80010a0:	40004800 	.word	0x40004800
 80010a4:	40004c00 	.word	0x40004c00
 80010a8:	40005000 	.word	0x40005000

080010ac <UART_WaitOnFlagUntilTimeout>:
  * @param  Tickstart Tick start value
  * @param  Timeout Timeout duration
  * @retval HAL status
  */
HAL_StatusTypeDef UART_WaitOnFlagUntilTimeout(UART_HandleTypeDef *huart, uint32_t Flag, FlagStatus Status, uint32_t Tickstart, uint32_t Timeout)
{
 80010ac:	e92d 41f0 	stmdb	sp!, {r4, r5, r6, r7, r8, lr}
 80010b0:	f8dd 8018 	ldr.w	r8, [sp, #24]
 80010b4:	4604      	mov	r4, r0
 80010b6:	4616      	mov	r6, r2
 80010b8:	461f      	mov	r7, r3
  /* Wait until flag is set */
  while((__HAL_UART_GET_FLAG(huart, Flag) ? SET : RESET) == Status)
 80010ba:	6825      	ldr	r5, [r4, #0]
 80010bc:	69eb      	ldr	r3, [r5, #28]
 80010be:	ea31 0303 	bics.w	r3, r1, r3
 80010c2:	bf0c      	ite	eq
 80010c4:	2301      	moveq	r3, #1
 80010c6:	2300      	movne	r3, #0
 80010c8:	42b3      	cmp	r3, r6
 80010ca:	d001      	beq.n	80010d0 <UART_WaitOnFlagUntilTimeout+0x24>
        __HAL_UNLOCK(huart);
        return HAL_TIMEOUT;
      }
    }
  }
  return HAL_OK;
 80010cc:	2000      	movs	r0, #0
 80010ce:	e016      	b.n	80010fe <UART_WaitOnFlagUntilTimeout+0x52>
    if(Timeout != HAL_MAX_DELAY)
 80010d0:	f1b8 3fff 	cmp.w	r8, #4294967295	@ 0xffffffff
 80010d4:	d0f2      	beq.n	80010bc <UART_WaitOnFlagUntilTimeout+0x10>
      if((Timeout == 0U) || ((HAL_GetTick()-Tickstart) > Timeout))
 80010d6:	f1b8 0f00 	cmp.w	r8, #0
 80010da:	d112      	bne.n	8001102 <UART_WaitOnFlagUntilTimeout+0x56>
        CLEAR_BIT(huart->Instance->CR1, (USART_CR1_RXNEIE | USART_CR1_PEIE | USART_CR1_TXEIE));
 80010dc:	682b      	ldr	r3, [r5, #0]
 80010de:	f423 73d0 	bic.w	r3, r3, #416	@ 0x1a0
 80010e2:	602b      	str	r3, [r5, #0]
        CLEAR_BIT(huart->Instance->CR3, USART_CR3_EIE);
 80010e4:	68ab      	ldr	r3, [r5, #8]
 80010e6:	f023 0301 	bic.w	r3, r3, #1
 80010ea:	60ab      	str	r3, [r5, #8]
        huart->gState  = HAL_UART_STATE_READY;
 80010ec:	2320      	movs	r3, #32
 80010ee:	f884 3069 	strb.w	r3, [r4, #105]	@ 0x69
        huart->RxState = HAL_UART_STATE_READY;
 80010f2:	f884 306a 	strb.w	r3, [r4, #106]	@ 0x6a
        __HAL_UNLOCK(huart);
 80010f6:	2300      	movs	r3, #0
 80010f8:	f884 3068 	strb.w	r3, [r4, #104]	@ 0x68
        return HAL_TIMEOUT;
 80010fc:	2003      	movs	r0, #3
}
 80010fe:	e8bd 81f0 	ldmia.w	sp!, {r4, r5, r6, r7, r8, pc}
      if((Timeout == 0U) || ((HAL_GetTick()-Tickstart) > Timeout))
 8001102:	f7ff fb73 	bl	80007ec <HAL_GetTick>
 8001106:	1bc0      	subs	r0, r0, r7
 8001108:	4540      	cmp	r0, r8
 800110a:	d9d6      	bls.n	80010ba <UART_WaitOnFlagUntilTimeout+0xe>
 800110c:	e7e6      	b.n	80010dc <UART_WaitOnFlagUntilTimeout+0x30>

0800110e <UART_CheckIdleState>:
{
 800110e:	b573      	push	{r0, r1, r4, r5, r6, lr}
 8001110:	4604      	mov	r4, r0
  huart->ErrorCode = HAL_UART_ERROR_NONE;
 8001112:	2100      	movs	r1, #0
 8001114:	66c1      	str	r1, [r0, #108]	@ 0x6c
  tickstart = HAL_GetTick();
 8001116:	f7ff fb69 	bl	80007ec <HAL_GetTick>
  if((huart->Instance->CR1 & USART_CR1_TE) == USART_CR1_TE)
 800111a:	6826      	ldr	r6, [r4, #0]
 800111c:	6833      	ldr	r3, [r6, #0]
 800111e:	071a      	lsls	r2, r3, #28
  tickstart = HAL_GetTick();
 8001120:	4605      	mov	r5, r0
  if((huart->Instance->CR1 & USART_CR1_TE) == USART_CR1_TE)
 8001122:	d416      	bmi.n	8001152 <UART_CheckIdleState+0x44>
  if((huart->Instance->CR1 & USART_CR1_RE) == USART_CR1_RE)
 8001124:	6833      	ldr	r3, [r6, #0]
 8001126:	075b      	lsls	r3, r3, #29
 8001128:	d50a      	bpl.n	8001140 <UART_CheckIdleState+0x32>
    if(UART_WaitOnFlagUntilTimeout(huart, USART_ISR_REACK, RESET, tickstart, HAL_UART_TIMEOUT_VALUE) != HAL_OK)
 800112a:	f06f 437e 	mvn.w	r3, #4261412864	@ 0xfe000000
 800112e:	9300      	str	r3, [sp, #0]
 8001130:	2200      	movs	r2, #0
 8001132:	462b      	mov	r3, r5
 8001134:	f44f 0180 	mov.w	r1, #4194304	@ 0x400000
 8001138:	4620      	mov	r0, r4
 800113a:	f7ff ffb7 	bl	80010ac <UART_WaitOnFlagUntilTimeout>
 800113e:	b9a0      	cbnz	r0, 800116a <UART_CheckIdleState+0x5c>
  huart->gState  = HAL_UART_STATE_READY;
 8001140:	2320      	movs	r3, #32
  __HAL_UNLOCK(huart);
 8001142:	2000      	movs	r0, #0
  huart->gState  = HAL_UART_STATE_READY;
 8001144:	f884 3069 	strb.w	r3, [r4, #105]	@ 0x69
  __HAL_UNLOCK(huart);
 8001148:	f884 0068 	strb.w	r0, [r4, #104]	@ 0x68
  huart->RxState = HAL_UART_STATE_READY;
 800114c:	f884 306a 	strb.w	r3, [r4, #106]	@ 0x6a
  return HAL_OK;
 8001150:	e00c      	b.n	800116c <UART_CheckIdleState+0x5e>
    if(UART_WaitOnFlagUntilTimeout(huart, USART_ISR_TEACK, RESET, tickstart, HAL_UART_TIMEOUT_VALUE) != HAL_OK)
 8001152:	f06f 437e 	mvn.w	r3, #4261412864	@ 0xfe000000
 8001156:	9300      	str	r3, [sp, #0]
 8001158:	460a      	mov	r2, r1
 800115a:	4603      	mov	r3, r0
 800115c:	f44f 1100 	mov.w	r1, #2097152	@ 0x200000
 8001160:	4620      	mov	r0, r4
 8001162:	f7ff ffa3 	bl	80010ac <UART_WaitOnFlagUntilTimeout>
 8001166:	2800      	cmp	r0, #0
 8001168:	d0dc      	beq.n	8001124 <UART_CheckIdleState+0x16>
      return HAL_TIMEOUT;
 800116a:	2003      	movs	r0, #3
}
 800116c:	b002      	add	sp, #8
 800116e:	bd70      	pop	{r4, r5, r6, pc}

08001170 <HAL_UART_Init>:
{
 8001170:	b538      	push	{r3, r4, r5, lr}
  if(huart == NULL)
 8001172:	4604      	mov	r4, r0
 8001174:	b320      	cbz	r0, 80011c0 <HAL_UART_Init+0x50>
  if(huart->gState == HAL_UART_STATE_RESET)
 8001176:	f890 3069 	ldrb.w	r3, [r0, #105]	@ 0x69
 800117a:	f003 02ff 	and.w	r2, r3, #255	@ 0xff
 800117e:	b90b      	cbnz	r3, 8001184 <HAL_UART_Init+0x14>
    huart->Lock = HAL_UNLOCKED;
 8001180:	f880 2068 	strb.w	r2, [r0, #104]	@ 0x68
  __HAL_UART_DISABLE(huart);
 8001184:	6825      	ldr	r5, [r4, #0]
  huart->gState = HAL_UART_STATE_BUSY;
 8001186:	2324      	movs	r3, #36	@ 0x24
 8001188:	f884 3069 	strb.w	r3, [r4, #105]	@ 0x69
  __HAL_UART_DISABLE(huart);
 800118c:	682b      	ldr	r3, [r5, #0]
 800118e:	f023 0301 	bic.w	r3, r3, #1
 8001192:	602b      	str	r3, [r5, #0]
  if (UART_SetConfig(huart) == HAL_ERROR)
 8001194:	4620      	mov	r0, r4
 8001196:	f7ff fedb 	bl	8000f50 <UART_SetConfig>
 800119a:	2801      	cmp	r0, #1
 800119c:	d010      	beq.n	80011c0 <HAL_UART_Init+0x50>
  CLEAR_BIT(huart->Instance->CR2, (USART_CR2_LINEN | USART_CR2_CLKEN));
 800119e:	686b      	ldr	r3, [r5, #4]
 80011a0:	f423 4390 	bic.w	r3, r3, #18432	@ 0x4800
 80011a4:	606b      	str	r3, [r5, #4]
  CLEAR_BIT(huart->Instance->CR3, (USART_CR3_SCEN | USART_CR3_HDSEL | USART_CR3_IREN));
 80011a6:	68ab      	ldr	r3, [r5, #8]
 80011a8:	f023 032a 	bic.w	r3, r3, #42	@ 0x2a
 80011ac:	60ab      	str	r3, [r5, #8]
  __HAL_UART_ENABLE(huart);
 80011ae:	682b      	ldr	r3, [r5, #0]
 80011b0:	f043 0301 	orr.w	r3, r3, #1
 80011b4:	602b      	str	r3, [r5, #0]
  return UART_CheckIdleState(huart);
 80011b6:	4620      	mov	r0, r4
}
 80011b8:	e8bd 4038 	ldmia.w	sp!, {r3, r4, r5, lr}
  return UART_CheckIdleState(huart);
 80011bc:	f7ff bfa7 	b.w	800110e <UART_CheckIdleState>
}
 80011c0:	2001      	movs	r0, #1
 80011c2:	bd38      	pop	{r3, r4, r5, pc}

080011c4 <HAL_UART_Transmit>:
  * @param Size: Amount of data to be sent.
  * @param Timeout: Timeout duration.
  * @retval HAL status
  */
HAL_StatusTypeDef HAL_UART_Transmit(UART_HandleTypeDef *huart, uint8_t *pData, uint16_t Size, uint32_t Timeout)
{
 80011c4:	b5f7      	push	{r0, r1, r2, r4, r5, r6, r7, lr}
 80011c6:	461e      	mov	r6, r3
  uint16_t* tmp;
  uint32_t tickstart = 0U;

  /* Check that a Tx process is not already ongoing */
  if(huart->gState == HAL_UART_STATE_READY)
 80011c8:	f890 3069 	ldrb.w	r3, [r0, #105]	@ 0x69
 80011cc:	2b20      	cmp	r3, #32
{
 80011ce:	460d      	mov	r5, r1
 80011d0:	4604      	mov	r4, r0
 80011d2:	4611      	mov	r1, r2
  if(huart->gState == HAL_UART_STATE_READY)
 80011d4:	d14a      	bne.n	800126c <HAL_UART_Transmit+0xa8>
  {
    if((pData == NULL ) || (Size == 0U))
 80011d6:	2d00      	cmp	r5, #0
 80011d8:	d046      	beq.n	8001268 <HAL_UART_Transmit+0xa4>
 80011da:	2a00      	cmp	r2, #0
 80011dc:	d044      	beq.n	8001268 <HAL_UART_Transmit+0xa4>
    {
      return  HAL_ERROR;
    }

    /* Process Locked */
    __HAL_LOCK(huart);
 80011de:	f890 3068 	ldrb.w	r3, [r0, #104]	@ 0x68
 80011e2:	2b01      	cmp	r3, #1
 80011e4:	d042      	beq.n	800126c <HAL_UART_Transmit+0xa8>
 80011e6:	2301      	movs	r3, #1
 80011e8:	f880 3068 	strb.w	r3, [r0, #104]	@ 0x68

    huart->ErrorCode = HAL_UART_ERROR_NONE;
 80011ec:	2300      	movs	r3, #0
 80011ee:	66c3      	str	r3, [r0, #108]	@ 0x6c
    huart->gState = HAL_UART_STATE_BUSY_TX;
 80011f0:	2321      	movs	r3, #33	@ 0x21
 80011f2:	f880 3069 	strb.w	r3, [r0, #105]	@ 0x69

    /* Init tickstart for timeout managment*/
    tickstart = HAL_GetTick();
 80011f6:	f7ff faf9 	bl	80007ec <HAL_GetTick>

    huart->TxXferSize = Size;
 80011fa:	f8a4 1050 	strh.w	r1, [r4, #80]	@ 0x50
    tickstart = HAL_GetTick();
 80011fe:	4607      	mov	r7, r0
    huart->TxXferCount = Size;
 8001200:	f8a4 1052 	strh.w	r1, [r4, #82]	@ 0x52
    while(huart->TxXferCount > 0U)
 8001204:	f8b4 2052 	ldrh.w	r2, [r4, #82]	@ 0x52
 8001208:	b292      	uxth	r2, r2
 800120a:	b962      	cbnz	r2, 8001226 <HAL_UART_Transmit+0x62>
      else
      {
        huart->Instance->TDR = (*pData++ & (uint8_t)0xFFU);
      }
    }
    if(UART_WaitOnFlagUntilTimeout(huart, UART_FLAG_TC, RESET, tickstart, Timeout) != HAL_OK)
 800120c:	9600      	str	r6, [sp, #0]
 800120e:	463b      	mov	r3, r7
 8001210:	2140      	movs	r1, #64	@ 0x40
 8001212:	4620      	mov	r0, r4
 8001214:	f7ff ff4a 	bl	80010ac <UART_WaitOnFlagUntilTimeout>
 8001218:	b998      	cbnz	r0, 8001242 <HAL_UART_Transmit+0x7e>
    {
      return HAL_TIMEOUT;
    }

    /* At end of Tx process, restore huart->gState to Ready */
    huart->gState = HAL_UART_STATE_READY;
 800121a:	2320      	movs	r3, #32
 800121c:	f884 3069 	strb.w	r3, [r4, #105]	@ 0x69

    /* Process Unlocked */
    __HAL_UNLOCK(huart);
 8001220:	f884 0068 	strb.w	r0, [r4, #104]	@ 0x68

    return HAL_OK;
 8001224:	e00e      	b.n	8001244 <HAL_UART_Transmit+0x80>
      huart->TxXferCount--;
 8001226:	f8b4 2052 	ldrh.w	r2, [r4, #82]	@ 0x52
 800122a:	3a01      	subs	r2, #1
 800122c:	b292      	uxth	r2, r2
 800122e:	f8a4 2052 	strh.w	r2, [r4, #82]	@ 0x52
      if(UART_WaitOnFlagUntilTimeout(huart, UART_FLAG_TXE, RESET, tickstart, Timeout) != HAL_OK)
 8001232:	463b      	mov	r3, r7
 8001234:	9600      	str	r6, [sp, #0]
 8001236:	2200      	movs	r2, #0
 8001238:	2180      	movs	r1, #128	@ 0x80
 800123a:	4620      	mov	r0, r4
 800123c:	f7ff ff36 	bl	80010ac <UART_WaitOnFlagUntilTimeout>
 8001240:	b110      	cbz	r0, 8001248 <HAL_UART_Transmit+0x84>
        return HAL_TIMEOUT;
 8001242:	2003      	movs	r0, #3
  }
  else
  {
    return HAL_BUSY;
  }
}
 8001244:	b003      	add	sp, #12
 8001246:	bdf0      	pop	{r4, r5, r6, r7, pc}
      if ((huart->Init.WordLength == UART_WORDLENGTH_9B) && (huart->Init.Parity == UART_PARITY_NONE))
 8001248:	68a3      	ldr	r3, [r4, #8]
        huart->Instance->TDR = (*tmp & (uint16_t)0x01FFU);
 800124a:	6822      	ldr	r2, [r4, #0]
      if ((huart->Init.WordLength == UART_WORDLENGTH_9B) && (huart->Init.Parity == UART_PARITY_NONE))
 800124c:	f5b3 5f80 	cmp.w	r3, #4096	@ 0x1000
 8001250:	d107      	bne.n	8001262 <HAL_UART_Transmit+0x9e>
 8001252:	6923      	ldr	r3, [r4, #16]
 8001254:	b92b      	cbnz	r3, 8001262 <HAL_UART_Transmit+0x9e>
        huart->Instance->TDR = (*tmp & (uint16_t)0x01FFU);
 8001256:	f835 3b02 	ldrh.w	r3, [r5], #2
 800125a:	f3c3 0308 	ubfx	r3, r3, #0, #9
        huart->Instance->TDR = (*pData++ & (uint8_t)0xFFU);
 800125e:	8513      	strh	r3, [r2, #40]	@ 0x28
 8001260:	e7d0      	b.n	8001204 <HAL_UART_Transmit+0x40>
 8001262:	f815 3b01 	ldrb.w	r3, [r5], #1
 8001266:	e7fa      	b.n	800125e <HAL_UART_Transmit+0x9a>
      return  HAL_ERROR;
 8001268:	2001      	movs	r0, #1
 800126a:	e7eb      	b.n	8001244 <HAL_UART_Transmit+0x80>
    __HAL_LOCK(huart);
 800126c:	2002      	movs	r0, #2
 800126e:	e7e9      	b.n	8001244 <HAL_UART_Transmit+0x80>

08001270 <HAL_UART_Receive>:
  * @param Size: amount of data to be received.
  * @param Timeout: Timeout duration.
  * @retval HAL status
  */
HAL_StatusTypeDef HAL_UART_Receive(UART_HandleTypeDef *huart, uint8_t *pData, uint16_t Size, uint32_t Timeout)
{
 8001270:	e92d 41f3 	stmdb	sp!, {r0, r1, r4, r5, r6, r7, r8, lr}
 8001274:	461e      	mov	r6, r3
  uint16_t* tmp;
  uint16_t uhMask;
  uint32_t tickstart = 0U;

  /* Check that a Rx process is not already ongoing */
  if(huart->RxState == HAL_UART_STATE_READY)
 8001276:	f890 306a 	ldrb.w	r3, [r0, #106]	@ 0x6a
 800127a:	2b20      	cmp	r3, #32
{
 800127c:	460d      	mov	r5, r1
 800127e:	4604      	mov	r4, r0
 8001280:	4611      	mov	r1, r2
  if(huart->RxState == HAL_UART_STATE_READY)
 8001282:	d15c      	bne.n	800133e <HAL_UART_Receive+0xce>
  {
    if((pData == NULL ) || (Size == 0U))
 8001284:	2d00      	cmp	r5, #0
 8001286:	d058      	beq.n	800133a <HAL_UART_Receive+0xca>
 8001288:	2a00      	cmp	r2, #0
 800128a:	d056      	beq.n	800133a <HAL_UART_Receive+0xca>
    {
      return  HAL_ERROR;
    }

    /* Process Locked */
    __HAL_LOCK(huart);
 800128c:	f890 3068 	ldrb.w	r3, [r0, #104]	@ 0x68
 8001290:	2b01      	cmp	r3, #1
 8001292:	d054      	beq.n	800133e <HAL_UART_Receive+0xce>
 8001294:	2301      	movs	r3, #1
 8001296:	f880 3068 	strb.w	r3, [r0, #104]	@ 0x68

    huart->Instance->ICR = 0xFFFFFFFF;
 800129a:	6803      	ldr	r3, [r0, #0]
 800129c:	f04f 32ff 	mov.w	r2, #4294967295	@ 0xffffffff
 80012a0:	621a      	str	r2, [r3, #32]
    huart->ErrorCode = HAL_UART_ERROR_NONE;
 80012a2:	2300      	movs	r3, #0
 80012a4:	66c3      	str	r3, [r0, #108]	@ 0x6c
    huart->RxState = HAL_UART_STATE_BUSY_RX;
 80012a6:	2322      	movs	r3, #34	@ 0x22
 80012a8:	f880 306a 	strb.w	r3, [r0, #106]	@ 0x6a

    /* Init tickstart for timeout managment*/
    tickstart = HAL_GetTick();
 80012ac:	f7ff fa9e 	bl	80007ec <HAL_GetTick>

    huart->RxXferSize = Size;
    huart->RxXferCount = Size;

    /* Computation of UART mask to apply to RDR register */
    UART_MASK_COMPUTATION(huart);
 80012b0:	68a3      	ldr	r3, [r4, #8]
    huart->RxXferSize = Size;
 80012b2:	f8a4 1058 	strh.w	r1, [r4, #88]	@ 0x58
    UART_MASK_COMPUTATION(huart);
 80012b6:	f5b3 5f80 	cmp.w	r3, #4096	@ 0x1000
    tickstart = HAL_GetTick();
 80012ba:	4680      	mov	r8, r0
    huart->RxXferCount = Size;
 80012bc:	f8a4 105a 	strh.w	r1, [r4, #90]	@ 0x5a
    UART_MASK_COMPUTATION(huart);
 80012c0:	d115      	bne.n	80012ee <HAL_UART_Receive+0x7e>
 80012c2:	6923      	ldr	r3, [r4, #16]
 80012c4:	b98b      	cbnz	r3, 80012ea <HAL_UART_Receive+0x7a>
 80012c6:	f240 13ff 	movw	r3, #511	@ 0x1ff
 80012ca:	f8a4 305c 	strh.w	r3, [r4, #92]	@ 0x5c
    uhMask = huart->Mask;
 80012ce:	f8b4 705c 	ldrh.w	r7, [r4, #92]	@ 0x5c

    /* as long as data have to be received */
    while(huart->RxXferCount > 0U)
 80012d2:	f8b4 005a 	ldrh.w	r0, [r4, #90]	@ 0x5a
 80012d6:	b280      	uxth	r0, r0
 80012d8:	b980      	cbnz	r0, 80012fc <HAL_UART_Receive+0x8c>
        *pData++ = (uint8_t)(huart->Instance->RDR & (uint8_t)uhMask);
      }
    }

    /* At end of Rx process, restore huart->RxState to Ready */
    huart->RxState = HAL_UART_STATE_READY;
 80012da:	2320      	movs	r3, #32
 80012dc:	f884 306a 	strb.w	r3, [r4, #106]	@ 0x6a

    /* Process Unlocked */
    __HAL_UNLOCK(huart);
 80012e0:	f884 0068 	strb.w	r0, [r4, #104]	@ 0x68
  }
  else
  {
    return HAL_BUSY;
  }
}
 80012e4:	b002      	add	sp, #8
 80012e6:	e8bd 81f0 	ldmia.w	sp!, {r4, r5, r6, r7, r8, pc}
    UART_MASK_COMPUTATION(huart);
 80012ea:	23ff      	movs	r3, #255	@ 0xff
 80012ec:	e7ed      	b.n	80012ca <HAL_UART_Receive+0x5a>
 80012ee:	2b00      	cmp	r3, #0
 80012f0:	d1ed      	bne.n	80012ce <HAL_UART_Receive+0x5e>
 80012f2:	6923      	ldr	r3, [r4, #16]
 80012f4:	2b00      	cmp	r3, #0
 80012f6:	d0f8      	beq.n	80012ea <HAL_UART_Receive+0x7a>
 80012f8:	237f      	movs	r3, #127	@ 0x7f
 80012fa:	e7e6      	b.n	80012ca <HAL_UART_Receive+0x5a>
      huart->RxXferCount--;
 80012fc:	f8b4 205a 	ldrh.w	r2, [r4, #90]	@ 0x5a
 8001300:	3a01      	subs	r2, #1
 8001302:	b292      	uxth	r2, r2
 8001304:	f8a4 205a 	strh.w	r2, [r4, #90]	@ 0x5a
      if(UART_WaitOnFlagUntilTimeout(huart, UART_FLAG_RXNE, RESET, tickstart, Timeout) != HAL_OK)
 8001308:	4643      	mov	r3, r8
 800130a:	9600      	str	r6, [sp, #0]
 800130c:	2200      	movs	r2, #0
 800130e:	2120      	movs	r1, #32
 8001310:	4620      	mov	r0, r4
 8001312:	f7ff fecb 	bl	80010ac <UART_WaitOnFlagUntilTimeout>
 8001316:	b9a0      	cbnz	r0, 8001342 <HAL_UART_Receive+0xd2>
      if ((huart->Init.WordLength == UART_WORDLENGTH_9B) && (huart->Init.Parity == UART_PARITY_NONE))
 8001318:	68a2      	ldr	r2, [r4, #8]
        *tmp = (uint16_t)(huart->Instance->RDR & uhMask);
 800131a:	6823      	ldr	r3, [r4, #0]
      if ((huart->Init.WordLength == UART_WORDLENGTH_9B) && (huart->Init.Parity == UART_PARITY_NONE))
 800131c:	f5b2 5f80 	cmp.w	r2, #4096	@ 0x1000
 8001320:	d106      	bne.n	8001330 <HAL_UART_Receive+0xc0>
 8001322:	6922      	ldr	r2, [r4, #16]
 8001324:	b922      	cbnz	r2, 8001330 <HAL_UART_Receive+0xc0>
        *tmp = (uint16_t)(huart->Instance->RDR & uhMask);
 8001326:	8c9b      	ldrh	r3, [r3, #36]	@ 0x24
 8001328:	403b      	ands	r3, r7
 800132a:	f825 3b02 	strh.w	r3, [r5], #2
        pData +=2U;
 800132e:	e7d0      	b.n	80012d2 <HAL_UART_Receive+0x62>
        *pData++ = (uint8_t)(huart->Instance->RDR & (uint8_t)uhMask);
 8001330:	8c9b      	ldrh	r3, [r3, #36]	@ 0x24
 8001332:	403b      	ands	r3, r7
 8001334:	f805 3b01 	strb.w	r3, [r5], #1
 8001338:	e7cb      	b.n	80012d2 <HAL_UART_Receive+0x62>
      return  HAL_ERROR;
 800133a:	2001      	movs	r0, #1
 800133c:	e7d2      	b.n	80012e4 <HAL_UART_Receive+0x74>
    __HAL_LOCK(huart);
 800133e:	2002      	movs	r0, #2
 8001340:	e7d0      	b.n	80012e4 <HAL_UART_Receive+0x74>
        return HAL_TIMEOUT;
 8001342:	2003      	movs	r0, #3
 8001344:	e7ce      	b.n	80012e4 <HAL_UART_Receive+0x74>
 8001346:	0000      	movs	r0, r0

08001348 <Reset_Handler>:
 8001348:	2100      	movs	r1, #0
 800134a:	e003      	b.n	8001354 <LoopCopyDataInit>

0800134c <CopyDataInit>:
 800134c:	4b0b      	ldr	r3, [pc, #44]	@ (800137c <LoopForever+0x2>)
 800134e:	585b      	ldr	r3, [r3, r1]
 8001350:	5043      	str	r3, [r0, r1]
 8001352:	3104      	adds	r1, #4

08001354 <LoopCopyDataInit>:
 8001354:	480a      	ldr	r0, [pc, #40]	@ (8001380 <LoopForever+0x6>)
 8001356:	4b0b      	ldr	r3, [pc, #44]	@ (8001384 <LoopForever+0xa>)
 8001358:	1842      	adds	r2, r0, r1
 800135a:	429a      	cmp	r2, r3
 800135c:	d3f6      	bcc.n	800134c <CopyDataInit>
 800135e:	4a0a      	ldr	r2, [pc, #40]	@ (8001388 <LoopForever+0xe>)
 8001360:	e002      	b.n	8001368 <LoopFillZerobss>

08001362 <FillZerobss>:
 8001362:	2300      	movs	r3, #0
 8001364:	6013      	str	r3, [r2, #0]
 8001366:	3204      	adds	r2, #4

08001368 <LoopFillZerobss>:
 8001368:	4b08      	ldr	r3, [pc, #32]	@ (800138c <LoopForever+0x12>)
 800136a:	429a      	cmp	r2, r3
 800136c:	d3f9      	bcc.n	8001362 <FillZerobss>
 800136e:	f3af 8000 	nop.w
 8001372:	f000 f80f 	bl	8001394 <__libc_init_array>
 8001376:	f7fe ff43 	bl	8000200 <main>

0800137a <LoopForever>:
 800137a:	e7fe      	b.n	800137a <LoopForever>
 800137c:	08006234 	.word	0x08006234
 8001380:	20000000 	.word	0x20000000
 8001384:	20000000 	.word	0x20000000
 8001388:	20000000 	.word	0x20000000
 800138c:	20000158 	.word	0x20000158

08001390 <BusFault_Handler>:
 8001390:	e7fe      	b.n	8001390 <BusFault_Handler>
 8001392:	0000      	movs	r0, r0

08001394 <__libc_init_array>:
 8001394:	b570      	push	{r4, r5, r6, lr}
 8001396:	4b0d      	ldr	r3, [pc, #52]	@ (80013cc <__libc_init_array+0x38>)
 8001398:	4d0d      	ldr	r5, [pc, #52]	@ (80013d0 <__libc_init_array+0x3c>)
 800139a:	1b5b      	subs	r3, r3, r5
 800139c:	109c      	asrs	r4, r3, #2
 800139e:	2600      	movs	r6, #0
 80013a0:	42a6      	cmp	r6, r4
 80013a2:	d109      	bne.n	80013b8 <__libc_init_array+0x24>
 80013a4:	f000 f81a 	bl	80013dc <_init>
 80013a8:	4d0a      	ldr	r5, [pc, #40]	@ (80013d4 <__libc_init_array+0x40>)
 80013aa:	4b0b      	ldr	r3, [pc, #44]	@ (80013d8 <__libc_init_array+0x44>)
 80013ac:	1b5b      	subs	r3, r3, r5
 80013ae:	109c      	asrs	r4, r3, #2
 80013b0:	2600      	movs	r6, #0
 80013b2:	42a6      	cmp	r6, r4
 80013b4:	d105      	bne.n	80013c2 <__libc_init_array+0x2e>
 80013b6:	bd70      	pop	{r4, r5, r6, pc}
 80013b8:	f855 3b04 	ldr.w	r3, [r5], #4
 80013bc:	4798      	blx	r3
 80013be:	3601      	adds	r6, #1
 80013c0:	e7ee      	b.n	80013a0 <__libc_init_array+0xc>
 80013c2:	f855 3b04 	ldr.w	r3, [r5], #4
 80013c6:	4798      	blx	r3
 80013c8:	3601      	adds	r6, #1
 80013ca:	e7f2      	b.n	80013b2 <__libc_init_array+0x1e>
 80013cc:	0800622c 	.word	0x0800622c
 80013d0:	0800622c 	.word	0x0800622c
 80013d4:	0800622c 	.word	0x0800622c
 80013d8:	08006230 	.word	0x08006230

080013dc <_init>:
 80013dc:	b5f8      	push	{r3, r4, r5, r6, r7, lr}
 80013de:	bf00      	nop
 80013e0:	bcf8      	pop	{r3, r4, r5, r6, r7}
 80013e2:	bc08      	pop	{r3}
 80013e4:	469e      	mov	lr, r3
 80013e6:	4770      	bx	lr

080013e8 <_fini>:
 80013e8:	b5f8      	push	{r3, r4, r5, r6, r7, lr}
 80013ea:	bf00      	nop
 80013ec:	bcf8      	pop	{r3, r4, r5, r6, r7}
 80013ee:	bc08      	pop	{r3}
 80013f0:	469e      	mov	lr, r3
 80013f2:	4770      	bx	lr
