
simpleserial-target-CWLITEARM.elf:     file format elf32-littlearm

Sections:
Idx Name          Size      VMA       LMA       File off  Algn
  0 .isr_vector   00000188  08000000  08000000  00001000  2**0
                  CONTENTS, ALLOC, LOAD, READONLY, DATA
  1 .text         00001190  08000188  08000188  00001188  2**2
                  CONTENTS, ALLOC, LOAD, READONLY, CODE
  2 .rodata       0000008c  08001318  08001318  00002318  2**2
                  CONTENTS, ALLOC, LOAD, READONLY, DATA
  3 .ARM.extab    00000000  080013a4  080013a4  000023ac  2**0
                  CONTENTS
  4 .ARM          00000000  080013a4  080013a4  000023ac  2**0
                  CONTENTS
  5 .preinit_array 00000000  080013a4  080013ac  000023ac  2**0
                  CONTENTS, ALLOC, LOAD, DATA
  6 .init_array   00000004  080013a4  080013a4  000023a4  2**2
                  CONTENTS, ALLOC, LOAD, DATA
  7 .fini_array   00000004  080013a8  080013a8  000023a8  2**2
                  CONTENTS, ALLOC, LOAD, DATA
  8 .data         00000000  20000000  20000000  000023ac  2**0
                  CONTENTS, ALLOC, LOAD, DATA
  9 .bss          00000158  20000000  080013ac  00003000  2**2
                  ALLOC
 10 ._user_heap_stack 00000400  20000158  080013ac  00003158  2**0
                  ALLOC
 11 .ARM.attributes 0000002a  00000000  00000000  000023ac  2**0
                  CONTENTS, READONLY
 12 .debug_info   00004537  00000000  00000000  000023d6  2**0
                  CONTENTS, READONLY, DEBUGGING, OCTETS
 13 .debug_abbrev 00000c38  00000000  00000000  0000690d  2**0
                  CONTENTS, READONLY, DEBUGGING, OCTETS
 14 .debug_loc    00002646  00000000  00000000  00007545  2**0
                  CONTENTS, READONLY, DEBUGGING, OCTETS
 15 .debug_aranges 000001d8  00000000  00000000  00009b8b  2**0
                  CONTENTS, READONLY, DEBUGGING, OCTETS
 16 .debug_ranges 00000480  00000000  00000000  00009d63  2**0
                  CONTENTS, READONLY, DEBUGGING, OCTETS
 17 .debug_line   00002506  00000000  00000000  0000a1e3  2**0
                  CONTENTS, READONLY, DEBUGGING, OCTETS
 18 .debug_str    00001529  00000000  00000000  0000c6e9  2**0
                  CONTENTS, READONLY, DEBUGGING, OCTETS
 19 .comment      0000001e  00000000  00000000  0000dc12  2**0
                  CONTENTS, READONLY
 20 .debug_frame  000004dc  00000000  00000000  0000dc30  2**2
                  CONTENTS, READONLY, DEBUGGING, OCTETS
 21 .stab         00000144  00000000  00000000  0000e10c  2**2
                  CONTENTS, READONLY, DEBUGGING
 22 .stabstr      00000031  00000000  00000000  0000e250  2**0
                  CONTENTS, READONLY, DEBUGGING
 23 .debug_loclists 00000054  00000000  00000000  0000e281  2**0
                  CONTENTS, READONLY, DEBUGGING, OCTETS
 24 .debug_rnglists 00000013  00000000  00000000  0000e2d5  2**0
                  CONTENTS, READONLY, DEBUGGING, OCTETS

Disassembly of section .text:

08000188 <__do_global_dtors_aux>:
 8000188:	b510      	push	{r4, lr}
 800018a:	4c05      	ldr	r4, [pc, #20]	@ (80001a0 <__do_global_dtors_aux+0x18>)
 800018c:	7823      	ldrb	r3, [r4, #0]
 800018e:	b933      	cbnz	r3, 800019e <__do_global_dtors_aux+0x16>
 8000190:	4b04      	ldr	r3, [pc, #16]	@ (80001a4 <__do_global_dtors_aux+0x1c>)
 8000192:	b113      	cbz	r3, 800019a <__do_global_dtors_aux+0x12>
 8000194:	4804      	ldr	r0, [pc, #16]	@ (80001a8 <__do_global_dtors_aux+0x20>)
 8000196:	f3af 8000 	nop.w
 800019a:	2301      	movs	r3, #1
 800019c:	7023      	strb	r3, [r4, #0]
 800019e:	bd10      	pop	{r4, pc}
 80001a0:	2000013c 	.word	0x2000013c
 80001a4:	00000000 	.word	0x00000000
 80001a8:	08001300 	.word	0x08001300

080001ac <frame_dummy>:
 80001ac:	b508      	push	{r3, lr}
 80001ae:	4b03      	ldr	r3, [pc, #12]	@ (80001bc <frame_dummy+0x10>)
 80001b0:	b11b      	cbz	r3, 80001ba <frame_dummy+0xe>
 80001b2:	4903      	ldr	r1, [pc, #12]	@ (80001c0 <frame_dummy+0x14>)
 80001b4:	4803      	ldr	r0, [pc, #12]	@ (80001c4 <frame_dummy+0x18>)
 80001b6:	f3af 8000 	nop.w
 80001ba:	bd08      	pop	{r3, pc}
 80001bc:	00000000 	.word	0x00000000
 80001c0:	20000140 	.word	0x20000140
 80001c4:	08001300 	.word	0x08001300

080001c8 <handle>:
#include "simpleserial.h"
#include "network.h"          // <-- new
#include "network_config.h"   // <-- new

uint8_t handle(uint8_t cmd, uint8_t scmd, uint8_t len, uint8_t *buf)
{
 80001c8:	b513      	push	{r0, r1, r4, lr}
 80001ca:	461c      	mov	r4, r3
    trigger_high();
 80001cc:	f000 fa6a 	bl	80006a4 <trigger_high>
    
    // 1. Cast buf to (int8_t*) to satisfy network_forward
    // 2. Store the result in a variable
    int8_t result = network_forward((int8_t*)buf);
 80001d0:	4620      	mov	r0, r4
 80001d2:	f000 f829 	bl	8000228 <network_forward>
    
    // 3. Pass the ADDRESS of the result (&result) to simpleserial_put
    // Note: len should match the size of what you are sending (e.g., 4 bytes for int32_t)
    simpleserial_put('r', sizeof(result), (uint8_t*)&result);
 80001d6:	f10d 0207 	add.w	r2, sp, #7
    int8_t result = network_forward((int8_t*)buf);
 80001da:	f88d 0007 	strb.w	r0, [sp, #7]
    simpleserial_put('r', sizeof(result), (uint8_t*)&result);
 80001de:	2101      	movs	r1, #1
 80001e0:	2072      	movs	r0, #114	@ 0x72
 80001e2:	f000 f8f7 	bl	80003d4 <simpleserial_put>
    
    trigger_low();
 80001e6:	f000 fa64 	bl	80006b2 <trigger_low>
    
    simpleserial_put('e', 1, (uint8_t[]){0x01});
 80001ea:	2101      	movs	r1, #1
 80001ec:	aa01      	add	r2, sp, #4
 80001ee:	2065      	movs	r0, #101	@ 0x65
 80001f0:	f88d 1004 	strb.w	r1, [sp, #4]
 80001f4:	f000 f8ee 	bl	80003d4 <simpleserial_put>
    return 0;
}
 80001f8:	2000      	movs	r0, #0
 80001fa:	b002      	add	sp, #8
 80001fc:	bd10      	pop	{r4, pc}
 80001fe:	0000      	movs	r0, r0

08000200 <main>:

int main(void)
{
 8000200:	b508      	push	{r3, lr}
    platform_init();
 8000202:	f000 f9af 	bl	8000564 <platform_init>
    init_uart();
 8000206:	f000 f9eb 	bl	80005e0 <init_uart>
    trigger_setup();
 800020a:	f000 fa27 	bl	800065c <trigger_setup>
    simpleserial_init();
 800020e:	f000 f8cf 	bl	80003b0 <simpleserial_init>
    simpleserial_addcmd('p', 10, handle);
 8000212:	4a04      	ldr	r2, [pc, #16]	@ (8000224 <main+0x24>)
 8000214:	210a      	movs	r1, #10
 8000216:	2070      	movs	r0, #112	@ 0x70
 8000218:	f000 f8b0 	bl	800037c <simpleserial_addcmd>
    while(1) simpleserial_get();
 800021c:	f000 f934 	bl	8000488 <simpleserial_get>
 8000220:	e7fc      	b.n	800021c <main+0x1c>
 8000222:	bf00      	nop
 8000224:	080001c9 	.word	0x080001c9

08000228 <network_forward>:
 *
 * To get probability:
 *   float prob = 1.0f / (1.0f + expf(-logit_q * OUTPUT_SCALE));
 */
int32_t network_forward(const int8_t input[])
{
 8000228:	e92d 4ff0 	stmdb	sp!, {r4, r5, r6, r7, r8, r9, sl, fp, lr}
 800022c:	4c35      	ldr	r4, [pc, #212]	@ (8000304 <network_forward+0xdc>)
 800022e:	b085      	sub	sp, #20
 8000230:	ae02      	add	r6, sp, #8
 8000232:	f100 0309 	add.w	r3, r0, #9
 8000236:	f104 0b18 	add.w	fp, r4, #24
 800023a:	f104 0a30 	add.w	sl, r4, #48	@ 0x30
 800023e:	f104 0748 	add.w	r7, r4, #72	@ 0x48
    // ------------------------------------------------------------
    int8_t hidden_q[NET_L1];   // 4‑bit unsigned after ReLU: [0, 7]

    for (int o = 0; o < NET_L1; o++) {
        // 1. Dot product (int8 * int8 -> int32 accumulator)
        int32_t acc = 0;
 8000242:	46b1      	mov	r9, r6
    for (int o = 0; o < NET_L1; o++) {
 8000244:	f04f 0c00 	mov.w	ip, #0
 8000248:	9301      	str	r3, [sp, #4]
        // 2. Add bias (already int32 with correct scale)
        acc += L1_B[o];

        // 3. Apply multiplier: scaled = (acc * M0) >> (31 + N)  with rounding
        int64_t temp = (int64_t)acc * L1_M0[o];
        temp += (1LL << (31 + L1_N[o] - 1));   // rounding half
 800024a:	f04f 0e01 	mov.w	lr, #1
        for (int i = 0; i < NET_INPUTS; i++) {
 800024e:	1e42      	subs	r2, r0, #1
{
 8000250:	4639      	mov	r1, r7
        int32_t acc = 0;
 8000252:	2300      	movs	r3, #0
            int32_t w = L1_W[o][i];        // symmetric, zero‑point = 0
 8000254:	f911 5b01 	ldrsb.w	r5, [r1], #1
            acc += x * w;
 8000258:	f912 8f01 	ldrsb.w	r8, [r2, #1]!
 800025c:	fb18 3305 	smlabb	r3, r8, r5, r3
        for (int i = 0; i < NET_INPUTS; i++) {
 8000260:	9d01      	ldr	r5, [sp, #4]
 8000262:	4295      	cmp	r5, r2
 8000264:	d1f6      	bne.n	8000254 <network_forward+0x2c>
        int64_t temp = (int64_t)acc * L1_M0[o];
 8000266:	f85b 2b04 	ldr.w	r2, [fp], #4
 800026a:	9200      	str	r2, [sp, #0]
        temp += (1LL << (31 + L1_N[o] - 1));   // rounding half
 800026c:	f85a 2b04 	ldr.w	r2, [sl], #4
        acc += L1_B[o];
 8000270:	f854 5b04 	ldr.w	r5, [r4], #4
        temp += (1LL << (31 + L1_N[o] - 1));   // rounding half
 8000274:	f1a2 0802 	sub.w	r8, r2, #2
 8000278:	f1c2 0102 	rsb	r1, r2, #2
 800027c:	fa0e f808 	lsl.w	r8, lr, r8
 8000280:	fa2e f101 	lsr.w	r1, lr, r1
        acc += L1_B[o];
 8000284:	441d      	add	r5, r3
        temp += (1LL << (31 + L1_N[o] - 1));   // rounding half
 8000286:	ea48 0101 	orr.w	r1, r8, r1
 800028a:	f102 031e 	add.w	r3, r2, #30
 800028e:	f8dd 8000 	ldr.w	r8, [sp]
 8000292:	fa0e f303 	lsl.w	r3, lr, r3
 8000296:	fbc5 3108 	smlal	r3, r1, r5, r8
        int32_t activation = (int32_t)(temp >> (31 + L1_N[o]));
 800029a:	f102 051f 	add.w	r5, r2, #31
 800029e:	f1c2 0201 	rsb	r2, r2, #1
 80002a2:	f1b5 0820 	subs.w	r8, r5, #32
 80002a6:	fa23 f305 	lsr.w	r3, r3, r5
 80002aa:	fa01 f202 	lsl.w	r2, r1, r2
 80002ae:	ea43 0302 	orr.w	r3, r3, r2
 80002b2:	bf5c      	itt	pl
 80002b4:	fa41 f808 	asrpl.w	r8, r1, r8
 80002b8:	ea43 0308 	orrpl.w	r3, r3, r8
    for (int o = 0; o < NET_L1; o++) {
 80002bc:	f10c 0c01 	add.w	ip, ip, #1

        // 4. ReLU + clamp to 4‑bit unsigned range [0, 15]
        if (activation < 0) activation = 0;
 80002c0:	f383 0303 	usat	r3, #3, r3
    for (int o = 0; o < NET_L1; o++) {
 80002c4:	f1bc 0f06 	cmp.w	ip, #6
        if (activation > 7) activation = 7;

        hidden_q[o] = (int8_t)activation;
 80002c8:	f809 3b01 	strb.w	r3, [r9], #1
    for (int o = 0; o < NET_L1; o++) {
 80002cc:	f107 070a 	add.w	r7, r7, #10
 80002d0:	d1bd      	bne.n	800024e <network_forward+0x26>
    // ------------------------------------------------------------
    // Layer 2: Fully‑connected (output logit)
    // ------------------------------------------------------------
    int32_t acc = 0;

    for (int i = 0; i < NET_L1; i++) {
 80002d2:	2200      	movs	r2, #0
 80002d4:	490c      	ldr	r1, [pc, #48]	@ (8000308 <network_forward+0xe0>)
    int32_t acc = 0;
 80002d6:	4613      	mov	r3, r2
        // Hidden activations are unsigned 4‑bit, but stored as int8_t.
        // Weights are symmetric int8 (zero‑point = 0).
        int32_t x = hidden_q[i];           // zero‑point = 0 (already non‑negative)
 80002d8:	f916 4b01 	ldrsb.w	r4, [r6], #1
        int32_t w = L2_W[0][i];            // symmetric
 80002dc:	f911 0b01 	ldrsb.w	r0, [r1], #1
    for (int i = 0; i < NET_L1; i++) {
 80002e0:	3201      	adds	r2, #1
 80002e2:	2a06      	cmp	r2, #6
        acc += x * w;
 80002e4:	fb04 3300 	mla	r3, r4, r0, r3
    for (int i = 0; i < NET_L1; i++) {
 80002e8:	d1f6      	bne.n	80002d8 <network_forward+0xb0>

    acc += L2_B[0];

    // Apply multiplier for output layer
    int64_t temp = (int64_t)acc * L2_M0[0];
    temp += (1LL << (31 + L2_N[0] - 1));
 80002ea:	4908      	ldr	r1, [pc, #32]	@ (800030c <network_forward+0xe4>)
    acc += L2_B[0];
 80002ec:	1e5a      	subs	r2, r3, #1
    temp += (1LL << (31 + L2_N[0] - 1));
 80002ee:	2000      	movs	r0, #0
 80002f0:	f44f 0380 	mov.w	r3, #4194304	@ 0x400000
 80002f4:	fbc2 3001 	smlal	r3, r0, r2, r1
    int32_t logit_q = (int32_t)(temp >> (31 + L2_N[0]));
 80002f8:	0ddb      	lsrs	r3, r3, #23

    return logit_q;
 80002fa:	ea43 2040 	orr.w	r0, r3, r0, lsl #9
 80002fe:	b005      	add	sp, #20
 8000300:	e8bd 8ff0 	ldmia.w	sp!, {r4, r5, r6, r7, r8, r9, sl, fp, pc}
 8000304:	08001318 	.word	0x08001318
 8000308:	0800139c 	.word	0x0800139c
 800030c:	50aefe4c 	.word	0x50aefe4c

08000310 <ss_crc>:


// 0xA6 formerly 
#define CW_CRC 0x4D 
uint8_t ss_crc(uint8_t *buf, uint8_t len)
{
 8000310:	b510      	push	{r4, lr}
 8000312:	4602      	mov	r2, r0
	unsigned int k = 0;
	uint8_t crc = 0x00;
	while (len--) {
 8000314:	4401      	add	r1, r0
	uint8_t crc = 0x00;
 8000316:	2000      	movs	r0, #0
	while (len--) {
 8000318:	428a      	cmp	r2, r1
 800031a:	d100      	bne.n	800031e <ss_crc+0xe>
			crc = crc & 0x80 ? (crc << 1) ^ CW_CRC: crc << 1;
		}
	}
	return crc;

}
 800031c:	bd10      	pop	{r4, pc}
		crc ^= *buf++;
 800031e:	f812 3b01 	ldrb.w	r3, [r2], #1
 8000322:	2408      	movs	r4, #8
 8000324:	4058      	eors	r0, r3
			crc = crc & 0x80 ? (crc << 1) ^ CW_CRC: crc << 1;
 8000326:	b243      	sxtb	r3, r0
 8000328:	2b00      	cmp	r3, #0
 800032a:	bfba      	itte	lt
 800032c:	005b      	lsllt	r3, r3, #1
 800032e:	f083 034d 	eorlt.w	r3, r3, #77	@ 0x4d
 8000332:	0043      	lslge	r3, r0, #1
		for (k = 0; k < 8; k++) {
 8000334:	3c01      	subs	r4, #1
			crc = crc & 0x80 ? (crc << 1) ^ CW_CRC: crc << 1;
 8000336:	b2d8      	uxtb	r0, r3
		for (k = 0; k < 8; k++) {
 8000338:	d1f5      	bne.n	8000326 <ss_crc+0x16>
 800033a:	e7ed      	b.n	8000318 <ss_crc+0x8>

0800033c <stuff_data>:
    return 0x00;

}

uint8_t stuff_data(uint8_t *buf, uint8_t len)
{
 800033c:	b530      	push	{r4, r5, lr}
	uint8_t i = 1;
	uint8_t last = 0;
 800033e:	2200      	movs	r2, #0
 8000340:	4604      	mov	r4, r0
	uint8_t i = 1;
 8000342:	2301      	movs	r3, #1
	for (; i < len; i++) {
 8000344:	428b      	cmp	r3, r1
 8000346:	d301      	bcc.n	800034c <stuff_data+0x10>
			buf[last] = i - last;
			last = i;
		}
	}
	return 0x00;
}
 8000348:	2000      	movs	r0, #0
 800034a:	bd30      	pop	{r4, r5, pc}
		if (buf[i] == FRAME_BYTE) {
 800034c:	f814 5f01 	ldrb.w	r5, [r4, #1]!
 8000350:	b915      	cbnz	r5, 8000358 <stuff_data+0x1c>
			buf[last] = i - last;
 8000352:	1a9d      	subs	r5, r3, r2
 8000354:	5485      	strb	r5, [r0, r2]
			last = i;
 8000356:	461a      	mov	r2, r3
	for (; i < len; i++) {
 8000358:	3301      	adds	r3, #1
 800035a:	b2db      	uxtb	r3, r3
 800035c:	e7f2      	b.n	8000344 <stuff_data+0x8>

0800035e <unstuff_data>:

uint8_t unstuff_data(uint8_t *buf, uint8_t len)
{
 800035e:	b530      	push	{r4, r5, lr}
	uint8_t next = buf[0];
 8000360:	7804      	ldrb	r4, [r0, #0]
	buf[0] = 0x00;
 8000362:	2500      	movs	r5, #0
{
 8000364:	4602      	mov	r2, r0
	buf[0] = 0x00;
 8000366:	7005      	strb	r5, [r0, #0]
	uint8_t next = buf[0];
 8000368:	4620      	mov	r0, r4
	//len -= 1;
	uint8_t tmp = next;
	while ((next < len) && tmp != 0) {
 800036a:	4288      	cmp	r0, r1
 800036c:	d200      	bcs.n	8000370 <unstuff_data+0x12>
 800036e:	b904      	cbnz	r4, 8000372 <unstuff_data+0x14>
		tmp = buf[next];
		buf[next] = FRAME_BYTE;
		next += tmp;
	}
	return next;
}
 8000370:	bd30      	pop	{r4, r5, pc}
		tmp = buf[next];
 8000372:	5c14      	ldrb	r4, [r2, r0]
		buf[next] = FRAME_BYTE;
 8000374:	5415      	strb	r5, [r2, r0]
		next += tmp;
 8000376:	1903      	adds	r3, r0, r4
 8000378:	b2d8      	uxtb	r0, r3
 800037a:	e7f6      	b.n	800036a <unstuff_data+0xc>

0800037c <simpleserial_addcmd>:
	simpleserial_addcmd('v', 0, check_version);
    simpleserial_addcmd('w', 0, ss_get_commands);
}

int simpleserial_addcmd(char c, unsigned int len, uint8_t (*fp)(uint8_t, uint8_t, uint8_t, uint8_t*))
{
 800037c:	b538      	push	{r3, r4, r5, lr}
	if(num_commands >= MAX_SS_CMDS) {
 800037e:	4d0b      	ldr	r5, [pc, #44]	@ (80003ac <simpleserial_addcmd+0x30>)
 8000380:	682b      	ldr	r3, [r5, #0]
 8000382:	2b0f      	cmp	r3, #15
 8000384:	dd04      	ble.n	8000390 <simpleserial_addcmd+0x14>
		putch('a');
 8000386:	2061      	movs	r0, #97	@ 0x61
		return 1;
	}

	if(len >= MAX_SS_LEN) {
		putch('b');
 8000388:	f000 f9b2 	bl	80006f0 <putch>
		return 1;
 800038c:	2001      	movs	r0, #1
	commands[num_commands].len = len;
	commands[num_commands].fp  = fp;
	num_commands++;

	return 0;
}
 800038e:	bd38      	pop	{r3, r4, r5, pc}
	if(len >= MAX_SS_LEN) {
 8000390:	29ff      	cmp	r1, #255	@ 0xff
 8000392:	d901      	bls.n	8000398 <simpleserial_addcmd+0x1c>
		putch('b');
 8000394:	2062      	movs	r0, #98	@ 0x62
 8000396:	e7f7      	b.n	8000388 <simpleserial_addcmd+0xc>
	commands[num_commands].c   = c;
 8000398:	240c      	movs	r4, #12
 800039a:	fb04 5403 	mla	r4, r4, r3, r5
	num_commands++;
 800039e:	3301      	adds	r3, #1
	commands[num_commands].c   = c;
 80003a0:	7120      	strb	r0, [r4, #4]
	commands[num_commands].fp  = fp;
 80003a2:	e9c4 1202 	strd	r1, r2, [r4, #8]
	num_commands++;
 80003a6:	602b      	str	r3, [r5, #0]
	return 0;
 80003a8:	2000      	movs	r0, #0
 80003aa:	e7f0      	b.n	800038e <simpleserial_addcmd+0x12>
 80003ac:	20000000 	.word	0x20000000

080003b0 <simpleserial_init>:
{
 80003b0:	b508      	push	{r3, lr}
	simpleserial_addcmd('v', 0, check_version);
 80003b2:	4a06      	ldr	r2, [pc, #24]	@ (80003cc <simpleserial_init+0x1c>)
 80003b4:	2100      	movs	r1, #0
 80003b6:	2076      	movs	r0, #118	@ 0x76
 80003b8:	f7ff ffe0 	bl	800037c <simpleserial_addcmd>
}
 80003bc:	e8bd 4008 	ldmia.w	sp!, {r3, lr}
    simpleserial_addcmd('w', 0, ss_get_commands);
 80003c0:	4a03      	ldr	r2, [pc, #12]	@ (80003d0 <simpleserial_init+0x20>)
 80003c2:	2100      	movs	r1, #0
 80003c4:	2077      	movs	r0, #119	@ 0x77
 80003c6:	f7ff bfd9 	b.w	800037c <simpleserial_addcmd>
 80003ca:	bf00      	nop
 80003cc:	0800042f 	.word	0x0800042f
 80003d0:	0800044d 	.word	0x0800044d

080003d4 <simpleserial_put>:
	simpleserial_put('e', 0x01, &err);
	return;
}

void simpleserial_put(char c, uint8_t size, uint8_t* output)
{
 80003d4:	b5f0      	push	{r4, r5, r6, r7, lr}
 80003d6:	b0c1      	sub	sp, #260	@ 0x104
	uint8_t data_buf[MAX_SS_LEN];
	data_buf[0] = 0x00;
 80003d8:	2300      	movs	r3, #0
{
 80003da:	460d      	mov	r5, r1
	data_buf[1] = c;
	data_buf[2] = size;
 80003dc:	f88d 1002 	strb.w	r1, [sp, #2]
	data_buf[0] = 0x00;
 80003e0:	466c      	mov	r4, sp
 80003e2:	f88d 3000 	strb.w	r3, [sp]
	data_buf[1] = c;
 80003e6:	f88d 0001 	strb.w	r0, [sp, #1]
	int i = 0;
	for (; i < size; i++) {
 80003ea:	f10d 0102 	add.w	r1, sp, #2
 80003ee:	429d      	cmp	r5, r3
 80003f0:	dc18      	bgt.n	8000424 <simpleserial_put+0x50>
		data_buf[i + 3] = output[i];
	}
	data_buf[i + 3] = ss_crc(data_buf+1, size+2);
 80003f2:	1ca9      	adds	r1, r5, #2
 80003f4:	b2c9      	uxtb	r1, r1
 80003f6:	f10d 0001 	add.w	r0, sp, #1
 80003fa:	f7ff ff89 	bl	8000310 <ss_crc>
 80003fe:	1963      	adds	r3, r4, r5
	data_buf[i + 4] = 0x00;
 8000400:	1d2f      	adds	r7, r5, #4
	stuff_data(data_buf, i + 5);
 8000402:	1d69      	adds	r1, r5, #5
	data_buf[i + 3] = ss_crc(data_buf+1, size+2);
 8000404:	70d8      	strb	r0, [r3, #3]
	data_buf[i + 4] = 0x00;
 8000406:	2600      	movs	r6, #0
	stuff_data(data_buf, i + 5);
 8000408:	b2c9      	uxtb	r1, r1
 800040a:	4620      	mov	r0, r4
	data_buf[i + 4] = 0x00;
 800040c:	55e6      	strb	r6, [r4, r7]
	stuff_data(data_buf, i + 5);
 800040e:	f7ff ff95 	bl	800033c <stuff_data>
	for (int i = 0; i < size + 5; i++) {
		putch(data_buf[i]);
 8000412:	f814 0b01 	ldrb.w	r0, [r4], #1
	for (int i = 0; i < size + 5; i++) {
 8000416:	3601      	adds	r6, #1
		putch(data_buf[i]);
 8000418:	f000 f96a 	bl	80006f0 <putch>
	for (int i = 0; i < size + 5; i++) {
 800041c:	42b7      	cmp	r7, r6
 800041e:	daf8      	bge.n	8000412 <simpleserial_put+0x3e>
	}
}
 8000420:	b041      	add	sp, #260	@ 0x104
 8000422:	bdf0      	pop	{r4, r5, r6, r7, pc}
		data_buf[i + 3] = output[i];
 8000424:	5cd0      	ldrb	r0, [r2, r3]
 8000426:	f801 0f01 	strb.w	r0, [r1, #1]!
	for (; i < size; i++) {
 800042a:	3301      	adds	r3, #1
 800042c:	e7df      	b.n	80003ee <simpleserial_put+0x1a>

0800042e <check_version>:
{
 800042e:	b507      	push	{r0, r1, r2, lr}
	uint8_t ver = SS_VER;
 8000430:	2303      	movs	r3, #3
	simpleserial_put('r', 1, &ver);
 8000432:	f10d 0207 	add.w	r2, sp, #7
 8000436:	2101      	movs	r1, #1
 8000438:	2072      	movs	r0, #114	@ 0x72
	uint8_t ver = SS_VER;
 800043a:	f88d 3007 	strb.w	r3, [sp, #7]
	simpleserial_put('r', 1, &ver);
 800043e:	f7ff ffc9 	bl	80003d4 <simpleserial_put>
}
 8000442:	2000      	movs	r0, #0
 8000444:	b003      	add	sp, #12
 8000446:	f85d fb04 	ldr.w	pc, [sp], #4
 800044a:	0000      	movs	r0, r0

0800044c <ss_get_commands>:
{
 800044c:	b530      	push	{r4, r5, lr}
    for (uint8_t i = 0; i < (num_commands & 0xFF); i++) {
 800044e:	480d      	ldr	r0, [pc, #52]	@ (8000484 <ss_get_commands+0x38>)
 8000450:	7801      	ldrb	r1, [r0, #0]
{
 8000452:	b085      	sub	sp, #20
    for (uint8_t i = 0; i < (num_commands & 0xFF); i++) {
 8000454:	2200      	movs	r2, #0
        cmd_chars[i] = commands[i].c;
 8000456:	240c      	movs	r4, #12
    for (uint8_t i = 0; i < (num_commands & 0xFF); i++) {
 8000458:	b2d3      	uxtb	r3, r2
 800045a:	428b      	cmp	r3, r1
 800045c:	f102 0201 	add.w	r2, r2, #1
 8000460:	db06      	blt.n	8000470 <ss_get_commands+0x24>
    simpleserial_put('r', num_commands & 0xFF, (void *)cmd_chars);
 8000462:	466a      	mov	r2, sp
 8000464:	2072      	movs	r0, #114	@ 0x72
 8000466:	f7ff ffb5 	bl	80003d4 <simpleserial_put>
}
 800046a:	2000      	movs	r0, #0
 800046c:	b005      	add	sp, #20
 800046e:	bd30      	pop	{r4, r5, pc}
        cmd_chars[i] = commands[i].c;
 8000470:	f103 0510 	add.w	r5, r3, #16
 8000474:	fb04 0303 	mla	r3, r4, r3, r0
 8000478:	446d      	add	r5, sp
 800047a:	791b      	ldrb	r3, [r3, #4]
 800047c:	f805 3c10 	strb.w	r3, [r5, #-16]
    for (uint8_t i = 0; i < (num_commands & 0xFF); i++) {
 8000480:	e7ea      	b.n	8000458 <ss_get_commands+0xc>
 8000482:	bf00      	nop
 8000484:	20000000 	.word	0x20000000

08000488 <simpleserial_get>:
{
 8000488:	e92d 47f0 	stmdb	sp!, {r4, r5, r6, r7, r8, r9, sl, lr}
 800048c:	b0c2      	sub	sp, #264	@ 0x108
	uint8_t err = 0;
 800048e:	f10d 0707 	add.w	r7, sp, #7
 8000492:	2400      	movs	r4, #0
 8000494:	ae02      	add	r6, sp, #8
 8000496:	703c      	strb	r4, [r7, #0]
	for (int i = 0; i < 4; i++) {
 8000498:	4635      	mov	r5, r6
		data_buf[i] = getch(); //PTR, cmd, scmd, len
 800049a:	f000 f911 	bl	80006c0 <getch>
 800049e:	f806 0b01 	strb.w	r0, [r6], #1
		if (data_buf[i] == FRAME_BYTE) {
 80004a2:	b948      	cbnz	r0, 80004b8 <simpleserial_get+0x30>
			goto ERROR;
 80004a4:	2005      	movs	r0, #5
			err = SS_ERR_FRAME_BYTE;
 80004a6:	7038      	strb	r0, [r7, #0]
	simpleserial_put('e', 0x01, &err);
 80004a8:	463a      	mov	r2, r7
 80004aa:	2101      	movs	r1, #1
 80004ac:	2065      	movs	r0, #101	@ 0x65
 80004ae:	f7ff ff91 	bl	80003d4 <simpleserial_put>
}
 80004b2:	b042      	add	sp, #264	@ 0x108
 80004b4:	e8bd 87f0 	ldmia.w	sp!, {r4, r5, r6, r7, r8, r9, sl, pc}
	for (int i = 0; i < 4; i++) {
 80004b8:	3401      	adds	r4, #1
 80004ba:	2c04      	cmp	r4, #4
 80004bc:	d1ed      	bne.n	800049a <simpleserial_get+0x12>
	uint8_t next_frame = unstuff_data(data_buf, 4);
 80004be:	4621      	mov	r1, r4
 80004c0:	4628      	mov	r0, r5
 80004c2:	f7ff ff4c 	bl	800035e <unstuff_data>
	for(c = 0; c < num_commands; c++)
 80004c6:	4e26      	ldr	r6, [pc, #152]	@ (8000560 <simpleserial_get+0xd8>)
		if(commands[c].c == data_buf[1])
 80004c8:	7869      	ldrb	r1, [r5, #1]
	for(c = 0; c < num_commands; c++)
 80004ca:	6832      	ldr	r2, [r6, #0]
	uint8_t next_frame = unstuff_data(data_buf, 4);
 80004cc:	4680      	mov	r8, r0
	for(c = 0; c < num_commands; c++)
 80004ce:	2300      	movs	r3, #0
		if(commands[c].c == data_buf[1])
 80004d0:	200c      	movs	r0, #12
	for(c = 0; c < num_commands; c++)
 80004d2:	fa5f f983 	uxtb.w	r9, r3
 80004d6:	4591      	cmp	r9, r2
 80004d8:	db02      	blt.n	80004e0 <simpleserial_get+0x58>
	if (c == num_commands) {
 80004da:	d108      	bne.n	80004ee <simpleserial_get+0x66>
 80004dc:	2001      	movs	r0, #1
 80004de:	e7e2      	b.n	80004a6 <simpleserial_get+0x1e>
		if(commands[c].c == data_buf[1])
 80004e0:	fb00 6c09 	mla	ip, r0, r9, r6
 80004e4:	3301      	adds	r3, #1
 80004e6:	f89c c004 	ldrb.w	ip, [ip, #4]
 80004ea:	458c      	cmp	ip, r1
 80004ec:	d1f1      	bne.n	80004d2 <simpleserial_get+0x4a>
	if ((data_buf[3] + 5) < next_frame) {
 80004ee:	78eb      	ldrb	r3, [r5, #3]
 80004f0:	3305      	adds	r3, #5
 80004f2:	4543      	cmp	r3, r8
 80004f4:	da07      	bge.n	8000506 <simpleserial_get+0x7e>
		goto ERROR;
 80004f6:	2004      	movs	r0, #4
 80004f8:	e7d5      	b.n	80004a6 <simpleserial_get+0x1e>
		data_buf[i] = getch();
 80004fa:	f000 f8e1 	bl	80006c0 <getch>
 80004fe:	5528      	strb	r0, [r5, r4]
		if (data_buf[i] == FRAME_BYTE) {
 8000500:	2800      	cmp	r0, #0
 8000502:	d0cf      	beq.n	80004a4 <simpleserial_get+0x1c>
	for (; i < data_buf[3] + 5; i++) {
 8000504:	3401      	adds	r4, #1
 8000506:	78eb      	ldrb	r3, [r5, #3]
 8000508:	3304      	adds	r3, #4
 800050a:	42a3      	cmp	r3, r4
 800050c:	daf5      	bge.n	80004fa <simpleserial_get+0x72>
	data_buf[i] = getch();
 800050e:	f000 f8d7 	bl	80006c0 <getch>
 8000512:	5528      	strb	r0, [r5, r4]
	if (data_buf[i] != FRAME_BYTE) {
 8000514:	2800      	cmp	r0, #0
 8000516:	d1ee      	bne.n	80004f6 <simpleserial_get+0x6e>
	unstuff_data(data_buf + next_frame, i - next_frame + 1);
 8000518:	f1c8 0101 	rsb	r1, r8, #1
 800051c:	fa51 f184 	uxtab	r1, r1, r4
 8000520:	fa5f fa84 	uxtb.w	sl, r4
 8000524:	b2c9      	uxtb	r1, r1
 8000526:	eb05 0008 	add.w	r0, r5, r8
 800052a:	f7ff ff18 	bl	800035e <unstuff_data>
	uint8_t crc = ss_crc(data_buf+1, i-2);
 800052e:	f1aa 0102 	sub.w	r1, sl, #2
 8000532:	b2c9      	uxtb	r1, r1
 8000534:	f10d 0009 	add.w	r0, sp, #9
	if (crc != data_buf[i-1]) {
 8000538:	442c      	add	r4, r5
	uint8_t crc = ss_crc(data_buf+1, i-2);
 800053a:	f7ff fee9 	bl	8000310 <ss_crc>
	if (crc != data_buf[i-1]) {
 800053e:	f814 3c01 	ldrb.w	r3, [r4, #-1]
 8000542:	4283      	cmp	r3, r0
 8000544:	d109      	bne.n	800055a <simpleserial_get+0xd2>
	err = commands[c].fp(data_buf[1], data_buf[2], data_buf[3], data_buf+4);
 8000546:	230c      	movs	r3, #12
 8000548:	fb03 6609 	mla	r6, r3, r9, r6
 800054c:	78ea      	ldrb	r2, [r5, #3]
 800054e:	68f4      	ldr	r4, [r6, #12]
 8000550:	78a9      	ldrb	r1, [r5, #2]
 8000552:	7868      	ldrb	r0, [r5, #1]
 8000554:	446b      	add	r3, sp
 8000556:	47a0      	blx	r4
 8000558:	e7a5      	b.n	80004a6 <simpleserial_get+0x1e>
 800055a:	2002      	movs	r0, #2
 800055c:	e7a3      	b.n	80004a6 <simpleserial_get+0x1e>
 800055e:	bf00      	nop
 8000560:	20000000 	.word	0x20000000

08000564 <platform_init>:

UART_HandleTypeDef UartHandle;


void platform_init(void)
{
 8000564:	b570      	push	{r4, r5, r6, lr}
 8000566:	b096      	sub	sp, #88	@ 0x58
     HAL_RCC_ClockConfig(&RCC_ClkInitStruct, flash_latency);
  #else
     RCC_OscInitTypeDef RCC_OscInitStruct;
     RCC_OscInitStruct.OscillatorType = RCC_OSCILLATORTYPE_HSE | RCC_OSCILLATORTYPE_HSI;
     RCC_OscInitStruct.HSEState       = RCC_HSE_BYPASS;
     RCC_OscInitStruct.HSIState       = RCC_HSI_OFF;
 8000568:	2400      	movs	r4, #0
     RCC_OscInitStruct.HSEState       = RCC_HSE_BYPASS;
 800056a:	2603      	movs	r6, #3
 800056c:	f44f 23a0 	mov.w	r3, #327680	@ 0x50000
     RCC_OscInitStruct.PLL.PLLSource  = RCC_PLL_NONE;
     HAL_RCC_OscConfig(&RCC_OscInitStruct);
 8000570:	a80c      	add	r0, sp, #48	@ 0x30

     RCC_ClkInitTypeDef RCC_ClkInitStruct;
     RCC_ClkInitStruct.ClockType      = (RCC_CLOCKTYPE_SYSCLK | RCC_CLOCKTYPE_HCLK | RCC_CLOCKTYPE_PCLK1 | RCC_CLOCKTYPE_PCLK2);
     RCC_ClkInitStruct.SYSCLKSource   = RCC_SYSCLKSOURCE_HSE;
 8000572:	2501      	movs	r5, #1
     RCC_OscInitStruct.HSEState       = RCC_HSE_BYPASS;
 8000574:	e9cd 630c 	strd	r6, r3, [sp, #48]	@ 0x30
     RCC_OscInitStruct.HSIState       = RCC_HSI_OFF;
 8000578:	9410      	str	r4, [sp, #64]	@ 0x40
     RCC_OscInitStruct.PLL.PLLSource  = RCC_PLL_NONE;
 800057a:	9414      	str	r4, [sp, #80]	@ 0x50
     HAL_RCC_OscConfig(&RCC_OscInitStruct);
 800057c:	f000 f8d0 	bl	8000720 <HAL_RCC_OscConfig>
     RCC_ClkInitStruct.SYSCLKSource   = RCC_SYSCLKSOURCE_HSE;
 8000580:	230f      	movs	r3, #15
     RCC_ClkInitStruct.AHBCLKDivider  = RCC_SYSCLK_DIV1;
     RCC_ClkInitStruct.APB1CLKDivider = RCC_HCLK_DIV1;
     RCC_ClkInitStruct.APB2CLKDivider = RCC_HCLK_DIV1;
     uint32_t flash_latency = 0;
     HAL_RCC_ClockConfig(&RCC_ClkInitStruct, flash_latency);
 8000582:	4621      	mov	r1, r4
 8000584:	a802      	add	r0, sp, #8
     RCC_ClkInitStruct.SYSCLKSource   = RCC_SYSCLKSOURCE_HSE;
 8000586:	e9cd 3502 	strd	r3, r5, [sp, #8]
     RCC_ClkInitStruct.APB1CLKDivider = RCC_HCLK_DIV1;
 800058a:	e9cd 4404 	strd	r4, r4, [sp, #16]
     RCC_ClkInitStruct.APB2CLKDivider = RCC_HCLK_DIV1;
 800058e:	9406      	str	r4, [sp, #24]
     HAL_RCC_ClockConfig(&RCC_ClkInitStruct, flash_latency);
 8000590:	f000 fb0c 	bl	8000bac <HAL_RCC_ClockConfig>




#if (PLATFORM==CWLITEARM)
  __HAL_RCC_GPIOC_CLK_ENABLE();
 8000594:	4b10      	ldr	r3, [pc, #64]	@ (80005d8 <platform_init+0x74>)
  GPIO_InitTypeDef GpioInit;
  GpioInit.Pin       = GPIO_PIN_13 | GPIO_PIN_14;
  GpioInit.Mode      = GPIO_MODE_OUTPUT_PP;
  GpioInit.Pull      = GPIO_NOPULL;
  GpioInit.Speed     = GPIO_SPEED_FREQ_HIGH;
  HAL_GPIO_Init(GPIOC, &GpioInit);
 8000596:	4811      	ldr	r0, [pc, #68]	@ (80005dc <platform_init+0x78>)
  __HAL_RCC_GPIOC_CLK_ENABLE();
 8000598:	695a      	ldr	r2, [r3, #20]
 800059a:	f442 2200 	orr.w	r2, r2, #524288	@ 0x80000
 800059e:	615a      	str	r2, [r3, #20]
 80005a0:	695b      	ldr	r3, [r3, #20]
 80005a2:	f403 2300 	and.w	r3, r3, #524288	@ 0x80000
 80005a6:	9301      	str	r3, [sp, #4]
 80005a8:	9b01      	ldr	r3, [sp, #4]
  HAL_GPIO_Init(GPIOC, &GpioInit);
 80005aa:	a907      	add	r1, sp, #28
  GpioInit.Pin       = GPIO_PIN_13 | GPIO_PIN_14;
 80005ac:	f44f 43c0 	mov.w	r3, #24576	@ 0x6000
  GpioInit.Mode      = GPIO_MODE_OUTPUT_PP;
 80005b0:	e9cd 3507 	strd	r3, r5, [sp, #28]
  GpioInit.Speed     = GPIO_SPEED_FREQ_HIGH;
 80005b4:	e9cd 4609 	strd	r4, r6, [sp, #36]	@ 0x24
  HAL_GPIO_Init(GPIOC, &GpioInit);
 80005b8:	f000 fb98 	bl	8000cec <HAL_GPIO_Init>

  HAL_GPIO_WritePin(GPIOC, GPIO_PIN_13, SET);
 80005bc:	462a      	mov	r2, r5
 80005be:	4807      	ldr	r0, [pc, #28]	@ (80005dc <platform_init+0x78>)
 80005c0:	f44f 5100 	mov.w	r1, #8192	@ 0x2000
 80005c4:	f000 fc50 	bl	8000e68 <HAL_GPIO_WritePin>
  HAL_GPIO_WritePin(GPIOC, GPIO_PIN_14, SET);
 80005c8:	4804      	ldr	r0, [pc, #16]	@ (80005dc <platform_init+0x78>)
 80005ca:	462a      	mov	r2, r5
 80005cc:	f44f 4180 	mov.w	r1, #16384	@ 0x4000
 80005d0:	f000 fc4a 	bl	8000e68 <HAL_GPIO_WritePin>
#endif
}
 80005d4:	b016      	add	sp, #88	@ 0x58
 80005d6:	bd70      	pop	{r4, r5, r6, pc}
 80005d8:	40021000 	.word	0x40021000
 80005dc:	48000800 	.word	0x48000800

080005e0 <init_uart>:

void init_uart(void)
{
 80005e0:	b510      	push	{r4, lr}
  GPIO_InitTypeDef GpioInit;
  GpioInit.Pin       = GPIO_PIN_9 | GPIO_PIN_10;
  GpioInit.Mode      = GPIO_MODE_AF_PP;
 80005e2:	f44f 62c0 	mov.w	r2, #1536	@ 0x600
{
 80005e6:	b088      	sub	sp, #32
  GpioInit.Mode      = GPIO_MODE_AF_PP;
 80005e8:	2302      	movs	r3, #2
 80005ea:	e9cd 2303 	strd	r2, r3, [sp, #12]
  GpioInit.Pull      = GPIO_PULLUP;
  GpioInit.Speed     = GPIO_SPEED_FREQ_HIGH;
 80005ee:	2101      	movs	r1, #1
 80005f0:	2303      	movs	r3, #3
 80005f2:	e9cd 1305 	strd	r1, r3, [sp, #20]
  GpioInit.Alternate = GPIO_AF7_USART1;
  __GPIOA_CLK_ENABLE();
 80005f6:	4c16      	ldr	r4, [pc, #88]	@ (8000650 <init_uart+0x70>)
  GpioInit.Alternate = GPIO_AF7_USART1;
 80005f8:	2307      	movs	r3, #7
 80005fa:	9307      	str	r3, [sp, #28]
  __GPIOA_CLK_ENABLE();
 80005fc:	6963      	ldr	r3, [r4, #20]
 80005fe:	f443 3300 	orr.w	r3, r3, #131072	@ 0x20000
 8000602:	6163      	str	r3, [r4, #20]
 8000604:	6963      	ldr	r3, [r4, #20]
 8000606:	f403 3300 	and.w	r3, r3, #131072	@ 0x20000
 800060a:	9301      	str	r3, [sp, #4]
  HAL_GPIO_Init(GPIOA, &GpioInit);
 800060c:	a903      	add	r1, sp, #12
 800060e:	f04f 4090 	mov.w	r0, #1207959552	@ 0x48000000
  __GPIOA_CLK_ENABLE();
 8000612:	9b01      	ldr	r3, [sp, #4]
  HAL_GPIO_Init(GPIOA, &GpioInit);
 8000614:	f000 fb6a 	bl	8000cec <HAL_GPIO_Init>

  UartHandle.Instance        = USART1;
 8000618:	4a0e      	ldr	r2, [pc, #56]	@ (8000654 <init_uart+0x74>)
 800061a:	4b0f      	ldr	r3, [pc, #60]	@ (8000658 <init_uart+0x78>)
 800061c:	6013      	str	r3, [r2, #0]
  #if SS_VER==SS_VER_2_1
  UartHandle.Init.BaudRate   = 230400;
  #else
  UartHandle.Init.BaudRate   = 38400;
  #endif
  UartHandle.Init.WordLength = UART_WORDLENGTH_8B;
 800061e:	f44f 3061 	mov.w	r0, #230400	@ 0x38400
 8000622:	2300      	movs	r3, #0
 8000624:	e9c2 0301 	strd	r0, r3, [r2, #4]
  UartHandle.Init.StopBits   = UART_STOPBITS_1;
  UartHandle.Init.Parity     = UART_PARITY_NONE;
 8000628:	e9c2 3303 	strd	r3, r3, [r2, #12]
  UartHandle.Init.HwFlowCtl  = UART_HWCONTROL_NONE;
 800062c:	6193      	str	r3, [r2, #24]
  UartHandle.Init.Mode       = UART_MODE_TX_RX;
 800062e:	230c      	movs	r3, #12
 8000630:	6153      	str	r3, [r2, #20]
  __USART1_CLK_ENABLE();
 8000632:	69a3      	ldr	r3, [r4, #24]
 8000634:	f443 4380 	orr.w	r3, r3, #16384	@ 0x4000
 8000638:	61a3      	str	r3, [r4, #24]
 800063a:	69a3      	ldr	r3, [r4, #24]
 800063c:	f403 4380 	and.w	r3, r3, #16384	@ 0x4000
 8000640:	9302      	str	r3, [sp, #8]
  HAL_UART_Init(&UartHandle);
 8000642:	4610      	mov	r0, r2
  __USART1_CLK_ENABLE();
 8000644:	9b02      	ldr	r3, [sp, #8]
  HAL_UART_Init(&UartHandle);
 8000646:	f000 fd25 	bl	8001094 <HAL_UART_Init>
}
 800064a:	b008      	add	sp, #32
 800064c:	bd10      	pop	{r4, pc}
 800064e:	bf00      	nop
 8000650:	40021000 	.word	0x40021000
 8000654:	200000c4 	.word	0x200000c4
 8000658:	40013800 	.word	0x40013800

0800065c <trigger_setup>:

void trigger_setup(void)
{
 800065c:	b530      	push	{r4, r5, lr}
  __HAL_RCC_GPIOA_CLK_ENABLE();
 800065e:	4b10      	ldr	r3, [pc, #64]	@ (80006a0 <trigger_setup+0x44>)
 8000660:	695a      	ldr	r2, [r3, #20]
 8000662:	f442 3200 	orr.w	r2, r2, #131072	@ 0x20000
{
 8000666:	b087      	sub	sp, #28
  __HAL_RCC_GPIOA_CLK_ENABLE();
 8000668:	615a      	str	r2, [r3, #20]
 800066a:	695b      	ldr	r3, [r3, #20]
 800066c:	f403 3300 	and.w	r3, r3, #131072	@ 0x20000
 8000670:	9300      	str	r3, [sp, #0]
 8000672:	9b00      	ldr	r3, [sp, #0]

  GPIO_InitTypeDef GpioInit;
  GpioInit.Pin       = GPIO_PIN_12;
  GpioInit.Mode      = GPIO_MODE_OUTPUT_PP;
 8000674:	f44f 5480 	mov.w	r4, #4096	@ 0x1000
 8000678:	2301      	movs	r3, #1
 800067a:	e9cd 4301 	strd	r4, r3, [sp, #4]
  GpioInit.Pull      = GPIO_NOPULL;
  GpioInit.Speed     = GPIO_SPEED_FREQ_HIGH;
 800067e:	2500      	movs	r5, #0
 8000680:	2303      	movs	r3, #3
  HAL_GPIO_Init(GPIOA, &GpioInit);
 8000682:	a901      	add	r1, sp, #4
 8000684:	f04f 4090 	mov.w	r0, #1207959552	@ 0x48000000
  GpioInit.Speed     = GPIO_SPEED_FREQ_HIGH;
 8000688:	e9cd 5303 	strd	r5, r3, [sp, #12]
  HAL_GPIO_Init(GPIOA, &GpioInit);
 800068c:	f000 fb2e 	bl	8000cec <HAL_GPIO_Init>

  HAL_GPIO_WritePin(GPIOA, GPIO_PIN_12, RESET);
 8000690:	462a      	mov	r2, r5
 8000692:	4621      	mov	r1, r4
 8000694:	f04f 4090 	mov.w	r0, #1207959552	@ 0x48000000
 8000698:	f000 fbe6 	bl	8000e68 <HAL_GPIO_WritePin>
}
 800069c:	b007      	add	sp, #28
 800069e:	bd30      	pop	{r4, r5, pc}
 80006a0:	40021000 	.word	0x40021000

080006a4 <trigger_high>:

void trigger_high(void)
{
  HAL_GPIO_WritePin(GPIOA, GPIO_PIN_12, SET);
 80006a4:	2201      	movs	r2, #1
 80006a6:	f44f 5180 	mov.w	r1, #4096	@ 0x1000
 80006aa:	f04f 4090 	mov.w	r0, #1207959552	@ 0x48000000
 80006ae:	f000 bbdb 	b.w	8000e68 <HAL_GPIO_WritePin>

080006b2 <trigger_low>:
}

void trigger_low(void)
{
  HAL_GPIO_WritePin(GPIOA, GPIO_PIN_12, RESET);
 80006b2:	2200      	movs	r2, #0
 80006b4:	f44f 5180 	mov.w	r1, #4096	@ 0x1000
 80006b8:	f04f 4090 	mov.w	r0, #1207959552	@ 0x48000000
 80006bc:	f000 bbd4 	b.w	8000e68 <HAL_GPIO_WritePin>

080006c0 <getch>:
}

char getch(void)
{
 80006c0:	b513      	push	{r0, r1, r4, lr}
  uint8_t d;
  while (HAL_UART_Receive(&UartHandle, &d, 1, 5000) != HAL_OK)
    USART1->ICR |= (1 << 3);
 80006c2:	4c09      	ldr	r4, [pc, #36]	@ (80006e8 <getch+0x28>)
  while (HAL_UART_Receive(&UartHandle, &d, 1, 5000) != HAL_OK)
 80006c4:	4809      	ldr	r0, [pc, #36]	@ (80006ec <getch+0x2c>)
 80006c6:	f241 3388 	movw	r3, #5000	@ 0x1388
 80006ca:	2201      	movs	r2, #1
 80006cc:	f10d 0107 	add.w	r1, sp, #7
 80006d0:	f000 fd60 	bl	8001194 <HAL_UART_Receive>
 80006d4:	b918      	cbnz	r0, 80006de <getch+0x1e>
  //putch(d);
  return d;
}
 80006d6:	f89d 0007 	ldrb.w	r0, [sp, #7]
 80006da:	b002      	add	sp, #8
 80006dc:	bd10      	pop	{r4, pc}
    USART1->ICR |= (1 << 3);
 80006de:	6a23      	ldr	r3, [r4, #32]
 80006e0:	f043 0308 	orr.w	r3, r3, #8
 80006e4:	6223      	str	r3, [r4, #32]
 80006e6:	e7ed      	b.n	80006c4 <getch+0x4>
 80006e8:	40013800 	.word	0x40013800
 80006ec:	200000c4 	.word	0x200000c4

080006f0 <putch>:

void putch(char c)
{
 80006f0:	b507      	push	{r0, r1, r2, lr}
  uint8_t d  = c;
  HAL_UART_Transmit(&UartHandle,  &d, 1, 5000);
 80006f2:	f241 3388 	movw	r3, #5000	@ 0x1388
  uint8_t d  = c;
 80006f6:	f88d 0007 	strb.w	r0, [sp, #7]
  HAL_UART_Transmit(&UartHandle,  &d, 1, 5000);
 80006fa:	2201      	movs	r2, #1
 80006fc:	f10d 0107 	add.w	r1, sp, #7
 8000700:	4802      	ldr	r0, [pc, #8]	@ (800070c <putch+0x1c>)
 8000702:	f000 fcf1 	bl	80010e8 <HAL_UART_Transmit>
}
 8000706:	b003      	add	sp, #12
 8000708:	f85d fb04 	ldr.w	pc, [sp], #4
 800070c:	200000c4 	.word	0x200000c4

08000710 <HAL_GetTick>:
	hal_sys_tick = 0;
	return HAL_OK;
}
uint32_t HAL_GetTick(void)
{
	return hal_sys_tick++;
 8000710:	4b02      	ldr	r3, [pc, #8]	@ (800071c <HAL_GetTick+0xc>)
 8000712:	6818      	ldr	r0, [r3, #0]
 8000714:	1c42      	adds	r2, r0, #1
 8000716:	601a      	str	r2, [r3, #0]
}
 8000718:	4770      	bx	lr
 800071a:	bf00      	nop
 800071c:	20000134 	.word	0x20000134

08000720 <HAL_RCC_OscConfig>:
  /* Check the parameters */
  assert_param(RCC_OscInitStruct != NULL);
  assert_param(IS_RCC_OSCILLATORTYPE(RCC_OscInitStruct->OscillatorType));

  /*------------------------------- HSE Configuration ------------------------*/ 
  if(((RCC_OscInitStruct->OscillatorType) & RCC_OSCILLATORTYPE_HSE) == RCC_OSCILLATORTYPE_HSE)
 8000720:	6803      	ldr	r3, [r0, #0]
{
 8000722:	e92d 43f7 	stmdb	sp!, {r0, r1, r2, r4, r5, r6, r7, r8, r9, lr}
  if(((RCC_OscInitStruct->OscillatorType) & RCC_OSCILLATORTYPE_HSE) == RCC_OSCILLATORTYPE_HSE)
 8000726:	07d9      	lsls	r1, r3, #31
{
 8000728:	4604      	mov	r4, r0
  if(((RCC_OscInitStruct->OscillatorType) & RCC_OSCILLATORTYPE_HSE) == RCC_OSCILLATORTYPE_HSE)
 800072a:	d410      	bmi.n	800074e <HAL_RCC_OscConfig+0x2e>
        }
      }
    }
  }
  /*----------------------------- HSI Configuration --------------------------*/ 
  if(((RCC_OscInitStruct->OscillatorType) & RCC_OSCILLATORTYPE_HSI) == RCC_OSCILLATORTYPE_HSI)
 800072c:	6823      	ldr	r3, [r4, #0]
 800072e:	079a      	lsls	r2, r3, #30
 8000730:	d47e      	bmi.n	8000830 <HAL_RCC_OscConfig+0x110>
        }
      }
    }
  }
  /*------------------------------ LSI Configuration -------------------------*/ 
  if(((RCC_OscInitStruct->OscillatorType) & RCC_OSCILLATORTYPE_LSI) == RCC_OSCILLATORTYPE_LSI)
 8000732:	6823      	ldr	r3, [r4, #0]
 8000734:	071e      	lsls	r6, r3, #28
 8000736:	f100 80e7 	bmi.w	8000908 <HAL_RCC_OscConfig+0x1e8>
        }
      }
    }
  }
  /*------------------------------ LSE Configuration -------------------------*/ 
  if(((RCC_OscInitStruct->OscillatorType) & RCC_OSCILLATORTYPE_LSE) == RCC_OSCILLATORTYPE_LSE)
 800073a:	6823      	ldr	r3, [r4, #0]
 800073c:	075d      	lsls	r5, r3, #29
 800073e:	f100 812a 	bmi.w	8000996 <HAL_RCC_OscConfig+0x276>
  }

  /*-------------------------------- PLL Configuration -----------------------*/
  /* Check the parameters */
  assert_param(IS_RCC_PLL(RCC_OscInitStruct->PLL.PLLState));
  if ((RCC_OscInitStruct->PLL.PLLState) != RCC_PLL_NONE)
 8000742:	69e2      	ldr	r2, [r4, #28]
 8000744:	2a00      	cmp	r2, #0
 8000746:	f040 81ad 	bne.w	8000aa4 <HAL_RCC_OscConfig+0x384>
    {
      return HAL_ERROR;
    }
  }
  
  return HAL_OK;
 800074a:	2000      	movs	r0, #0
 800074c:	e01f      	b.n	800078e <HAL_RCC_OscConfig+0x6e>
    if((__HAL_RCC_GET_SYSCLK_SOURCE() == RCC_SYSCLKSOURCE_STATUS_HSE) 
 800074e:	49ae      	ldr	r1, [pc, #696]	@ (8000a08 <HAL_RCC_OscConfig+0x2e8>)
 8000750:	684b      	ldr	r3, [r1, #4]
 8000752:	f003 030c 	and.w	r3, r3, #12
 8000756:	2b04      	cmp	r3, #4
 8000758:	d007      	beq.n	800076a <HAL_RCC_OscConfig+0x4a>
       || ((__HAL_RCC_GET_SYSCLK_SOURCE() == RCC_SYSCLKSOURCE_STATUS_PLLCLK) && (__HAL_RCC_GET_PLL_OSCSOURCE() == RCC_PLLSOURCE_HSE)))
 800075a:	684b      	ldr	r3, [r1, #4]
 800075c:	f003 030c 	and.w	r3, r3, #12
 8000760:	2b08      	cmp	r3, #8
 8000762:	d117      	bne.n	8000794 <HAL_RCC_OscConfig+0x74>
 8000764:	684b      	ldr	r3, [r1, #4]
 8000766:	03db      	lsls	r3, r3, #15
 8000768:	d514      	bpl.n	8000794 <HAL_RCC_OscConfig+0x74>
__attribute__((always_inline)) __STATIC_INLINE uint32_t __RBIT(uint32_t value)
{
  uint32_t result;

#if       (__CORTEX_M >= 0x03U) || (__CORTEX_SC >= 300U)
   __ASM volatile ("rbit %0, %1" : "=r" (result) : "r" (value) );
 800076a:	f44f 3300 	mov.w	r3, #131072	@ 0x20000
 800076e:	fa93 f2a3 	rbit	r2, r3
      if((__HAL_RCC_GET_FLAG(RCC_FLAG_HSERDY) != RESET) && (RCC_OscInitStruct->HSEState == RCC_HSE_OFF))
 8000772:	6809      	ldr	r1, [r1, #0]
 8000774:	fa93 f3a3 	rbit	r3, r3
 8000778:	2201      	movs	r2, #1
 800077a:	fab3 f383 	clz	r3, r3
 800077e:	fa02 f303 	lsl.w	r3, r2, r3
 8000782:	420b      	tst	r3, r1
 8000784:	d0d2      	beq.n	800072c <HAL_RCC_OscConfig+0xc>
 8000786:	6863      	ldr	r3, [r4, #4]
 8000788:	2b00      	cmp	r3, #0
 800078a:	d1cf      	bne.n	800072c <HAL_RCC_OscConfig+0xc>
        return HAL_ERROR;
 800078c:	2001      	movs	r0, #1
}
 800078e:	b003      	add	sp, #12
 8000790:	e8bd 83f0 	ldmia.w	sp!, {r4, r5, r6, r7, r8, r9, pc}
      __HAL_RCC_HSE_CONFIG(RCC_OscInitStruct->HSEState);
 8000794:	6862      	ldr	r2, [r4, #4]
 8000796:	f5b2 3f80 	cmp.w	r2, #65536	@ 0x10000
 800079a:	d122      	bne.n	80007e2 <HAL_RCC_OscConfig+0xc2>
 800079c:	680b      	ldr	r3, [r1, #0]
 800079e:	f443 3380 	orr.w	r3, r3, #65536	@ 0x10000
 80007a2:	600b      	str	r3, [r1, #0]
      __HAL_RCC_HSE_PREDIV_CONFIG(RCC_OscInitStruct->HSEPredivValue);
 80007a4:	6acb      	ldr	r3, [r1, #44]	@ 0x2c
 80007a6:	68a0      	ldr	r0, [r4, #8]
 80007a8:	f023 030f 	bic.w	r3, r3, #15
 80007ac:	4303      	orrs	r3, r0
 80007ae:	62cb      	str	r3, [r1, #44]	@ 0x2c
      if(RCC_OscInitStruct->HSEState != RCC_HSE_OFF)
 80007b0:	b33a      	cbz	r2, 8000802 <HAL_RCC_OscConfig+0xe2>
        tickstart = HAL_GetTick();
 80007b2:	f7ff ffad 	bl	8000710 <HAL_GetTick>
 80007b6:	f44f 3600 	mov.w	r6, #131072	@ 0x20000
 80007ba:	4605      	mov	r5, r0
        while(__HAL_RCC_GET_FLAG(RCC_FLAG_HSERDY) == RESET)
 80007bc:	2701      	movs	r7, #1
 80007be:	fa96 f3a6 	rbit	r3, r6
 80007c2:	680a      	ldr	r2, [r1, #0]
 80007c4:	fa96 f3a6 	rbit	r3, r6
 80007c8:	fab3 f383 	clz	r3, r3
 80007cc:	fa07 f303 	lsl.w	r3, r7, r3
 80007d0:	4213      	tst	r3, r2
 80007d2:	d1ab      	bne.n	800072c <HAL_RCC_OscConfig+0xc>
          if((HAL_GetTick() - tickstart ) > HSE_TIMEOUT_VALUE)
 80007d4:	f7ff ff9c 	bl	8000710 <HAL_GetTick>
 80007d8:	1b40      	subs	r0, r0, r5
 80007da:	2864      	cmp	r0, #100	@ 0x64
 80007dc:	d9ef      	bls.n	80007be <HAL_RCC_OscConfig+0x9e>
            return HAL_TIMEOUT;
 80007de:	2003      	movs	r0, #3
 80007e0:	e7d5      	b.n	800078e <HAL_RCC_OscConfig+0x6e>
      __HAL_RCC_HSE_CONFIG(RCC_OscInitStruct->HSEState);
 80007e2:	680b      	ldr	r3, [r1, #0]
 80007e4:	b932      	cbnz	r2, 80007f4 <HAL_RCC_OscConfig+0xd4>
 80007e6:	f423 3380 	bic.w	r3, r3, #65536	@ 0x10000
 80007ea:	600b      	str	r3, [r1, #0]
 80007ec:	680b      	ldr	r3, [r1, #0]
 80007ee:	f423 2380 	bic.w	r3, r3, #262144	@ 0x40000
 80007f2:	e7d6      	b.n	80007a2 <HAL_RCC_OscConfig+0x82>
 80007f4:	f5b2 2fa0 	cmp.w	r2, #327680	@ 0x50000
 80007f8:	d1f5      	bne.n	80007e6 <HAL_RCC_OscConfig+0xc6>
 80007fa:	f443 2380 	orr.w	r3, r3, #262144	@ 0x40000
 80007fe:	600b      	str	r3, [r1, #0]
 8000800:	e7cc      	b.n	800079c <HAL_RCC_OscConfig+0x7c>
        tickstart = HAL_GetTick();
 8000802:	f7ff ff85 	bl	8000710 <HAL_GetTick>
 8000806:	f44f 3600 	mov.w	r6, #131072	@ 0x20000
 800080a:	4605      	mov	r5, r0
        while(__HAL_RCC_GET_FLAG(RCC_FLAG_HSERDY) != RESET)
 800080c:	2701      	movs	r7, #1
 800080e:	fa96 f3a6 	rbit	r3, r6
 8000812:	680a      	ldr	r2, [r1, #0]
 8000814:	fa96 f3a6 	rbit	r3, r6
 8000818:	fab3 f383 	clz	r3, r3
 800081c:	fa07 f303 	lsl.w	r3, r7, r3
 8000820:	4213      	tst	r3, r2
 8000822:	d083      	beq.n	800072c <HAL_RCC_OscConfig+0xc>
           if((HAL_GetTick() - tickstart ) > HSE_TIMEOUT_VALUE)
 8000824:	f7ff ff74 	bl	8000710 <HAL_GetTick>
 8000828:	1b40      	subs	r0, r0, r5
 800082a:	2864      	cmp	r0, #100	@ 0x64
 800082c:	d9ef      	bls.n	800080e <HAL_RCC_OscConfig+0xee>
 800082e:	e7d6      	b.n	80007de <HAL_RCC_OscConfig+0xbe>
    if((__HAL_RCC_GET_SYSCLK_SOURCE() == RCC_SYSCLKSOURCE_STATUS_HSI) 
 8000830:	4975      	ldr	r1, [pc, #468]	@ (8000a08 <HAL_RCC_OscConfig+0x2e8>)
 8000832:	684b      	ldr	r3, [r1, #4]
 8000834:	f013 0f0c 	tst.w	r3, #12
 8000838:	d007      	beq.n	800084a <HAL_RCC_OscConfig+0x12a>
       || ((__HAL_RCC_GET_SYSCLK_SOURCE() == RCC_SYSCLKSOURCE_STATUS_PLLCLK) && (__HAL_RCC_GET_PLL_OSCSOURCE() == RCC_PLLSOURCE_HSI)))
 800083a:	684b      	ldr	r3, [r1, #4]
 800083c:	f003 030c 	and.w	r3, r3, #12
 8000840:	2b08      	cmp	r3, #8
 8000842:	d11f      	bne.n	8000884 <HAL_RCC_OscConfig+0x164>
 8000844:	684b      	ldr	r3, [r1, #4]
 8000846:	03df      	lsls	r7, r3, #15
 8000848:	d41c      	bmi.n	8000884 <HAL_RCC_OscConfig+0x164>
 800084a:	2302      	movs	r3, #2
 800084c:	fa93 f2a3 	rbit	r2, r3
      if((__HAL_RCC_GET_FLAG(RCC_FLAG_HSIRDY) != RESET) && (RCC_OscInitStruct->HSIState != RCC_HSI_ON))
 8000850:	6808      	ldr	r0, [r1, #0]
 8000852:	fa93 f3a3 	rbit	r3, r3
 8000856:	2201      	movs	r2, #1
 8000858:	fab3 f383 	clz	r3, r3
 800085c:	fa02 f303 	lsl.w	r3, r2, r3
 8000860:	4203      	tst	r3, r0
 8000862:	d002      	beq.n	800086a <HAL_RCC_OscConfig+0x14a>
 8000864:	6923      	ldr	r3, [r4, #16]
 8000866:	4293      	cmp	r3, r2
 8000868:	d190      	bne.n	800078c <HAL_RCC_OscConfig+0x6c>
        __HAL_RCC_HSI_CALIBRATIONVALUE_ADJUST(RCC_OscInitStruct->HSICalibrationValue);
 800086a:	6808      	ldr	r0, [r1, #0]
 800086c:	22f8      	movs	r2, #248	@ 0xf8
 800086e:	fa92 f2a2 	rbit	r2, r2
 8000872:	6963      	ldr	r3, [r4, #20]
 8000874:	fab2 f282 	clz	r2, r2
 8000878:	4093      	lsls	r3, r2
 800087a:	f020 02f8 	bic.w	r2, r0, #248	@ 0xf8
 800087e:	4313      	orrs	r3, r2
 8000880:	600b      	str	r3, [r1, #0]
 8000882:	e756      	b.n	8000732 <HAL_RCC_OscConfig+0x12>
      if(RCC_OscInitStruct->HSIState != RCC_HSI_OFF)
 8000884:	6922      	ldr	r2, [r4, #16]
 8000886:	2501      	movs	r5, #1
 8000888:	b1f2      	cbz	r2, 80008c8 <HAL_RCC_OscConfig+0x1a8>
 800088a:	fa95 f3a5 	rbit	r3, r5
        __HAL_RCC_HSI_ENABLE();
 800088e:	fab3 f383 	clz	r3, r3
 8000892:	f103 5384 	add.w	r3, r3, #276824064	@ 0x10800000
 8000896:	f503 1384 	add.w	r3, r3, #1081344	@ 0x108000
 800089a:	009b      	lsls	r3, r3, #2
 800089c:	2702      	movs	r7, #2
 800089e:	601d      	str	r5, [r3, #0]
        tickstart = HAL_GetTick();
 80008a0:	f7ff ff36 	bl	8000710 <HAL_GetTick>
 80008a4:	4606      	mov	r6, r0
 80008a6:	fa97 f3a7 	rbit	r3, r7
        while(__HAL_RCC_GET_FLAG(RCC_FLAG_HSIRDY) == RESET)
 80008aa:	680a      	ldr	r2, [r1, #0]
 80008ac:	fa97 f3a7 	rbit	r3, r7
 80008b0:	fab3 f383 	clz	r3, r3
 80008b4:	fa05 f303 	lsl.w	r3, r5, r3
 80008b8:	4213      	tst	r3, r2
 80008ba:	d1d6      	bne.n	800086a <HAL_RCC_OscConfig+0x14a>
          if((HAL_GetTick() - tickstart ) > HSI_TIMEOUT_VALUE)
 80008bc:	f7ff ff28 	bl	8000710 <HAL_GetTick>
 80008c0:	1b80      	subs	r0, r0, r6
 80008c2:	2802      	cmp	r0, #2
 80008c4:	d9ef      	bls.n	80008a6 <HAL_RCC_OscConfig+0x186>
 80008c6:	e78a      	b.n	80007de <HAL_RCC_OscConfig+0xbe>
 80008c8:	fa95 f3a5 	rbit	r3, r5
        __HAL_RCC_HSI_DISABLE();
 80008cc:	fab3 f383 	clz	r3, r3
 80008d0:	f103 5384 	add.w	r3, r3, #276824064	@ 0x10800000
 80008d4:	f503 1384 	add.w	r3, r3, #1081344	@ 0x108000
 80008d8:	009b      	lsls	r3, r3, #2
 80008da:	2702      	movs	r7, #2
 80008dc:	601a      	str	r2, [r3, #0]
        tickstart = HAL_GetTick();
 80008de:	f7ff ff17 	bl	8000710 <HAL_GetTick>
 80008e2:	4606      	mov	r6, r0
 80008e4:	fa97 f3a7 	rbit	r3, r7
        while(__HAL_RCC_GET_FLAG(RCC_FLAG_HSIRDY) != RESET)
 80008e8:	680a      	ldr	r2, [r1, #0]
 80008ea:	fa97 f3a7 	rbit	r3, r7
 80008ee:	fab3 f383 	clz	r3, r3
 80008f2:	fa05 f303 	lsl.w	r3, r5, r3
 80008f6:	4213      	tst	r3, r2
 80008f8:	f43f af1b 	beq.w	8000732 <HAL_RCC_OscConfig+0x12>
          if((HAL_GetTick() - tickstart ) > HSI_TIMEOUT_VALUE)
 80008fc:	f7ff ff08 	bl	8000710 <HAL_GetTick>
 8000900:	1b80      	subs	r0, r0, r6
 8000902:	2802      	cmp	r0, #2
 8000904:	d9ee      	bls.n	80008e4 <HAL_RCC_OscConfig+0x1c4>
 8000906:	e76a      	b.n	80007de <HAL_RCC_OscConfig+0xbe>
    if(RCC_OscInitStruct->LSIState != RCC_LSI_OFF)
 8000908:	69a0      	ldr	r0, [r4, #24]
 800090a:	4d3f      	ldr	r5, [pc, #252]	@ (8000a08 <HAL_RCC_OscConfig+0x2e8>)
 800090c:	4a3f      	ldr	r2, [pc, #252]	@ (8000a0c <HAL_RCC_OscConfig+0x2ec>)
 800090e:	2101      	movs	r1, #1
 8000910:	b300      	cbz	r0, 8000954 <HAL_RCC_OscConfig+0x234>
 8000912:	fa91 f3a1 	rbit	r3, r1
      __HAL_RCC_LSI_ENABLE();
 8000916:	fab3 f383 	clz	r3, r3
 800091a:	4413      	add	r3, r2
 800091c:	009b      	lsls	r3, r3, #2
 800091e:	2602      	movs	r6, #2
 8000920:	6019      	str	r1, [r3, #0]
      tickstart = HAL_GetTick();
 8000922:	f7ff fef5 	bl	8000710 <HAL_GetTick>
 8000926:	4607      	mov	r7, r0
 8000928:	fa96 f3a6 	rbit	r3, r6
 800092c:	fa96 f3a6 	rbit	r3, r6
 8000930:	fa96 f3a6 	rbit	r3, r6
      while(__HAL_RCC_GET_FLAG(RCC_FLAG_LSIRDY) == RESET)
 8000934:	6a6a      	ldr	r2, [r5, #36]	@ 0x24
 8000936:	fa96 f3a6 	rbit	r3, r6
 800093a:	fab3 f383 	clz	r3, r3
 800093e:	fa01 f303 	lsl.w	r3, r1, r3
 8000942:	4213      	tst	r3, r2
 8000944:	f47f aef9 	bne.w	800073a <HAL_RCC_OscConfig+0x1a>
        if((HAL_GetTick() - tickstart ) > LSI_TIMEOUT_VALUE)
 8000948:	f7ff fee2 	bl	8000710 <HAL_GetTick>
 800094c:	1bc0      	subs	r0, r0, r7
 800094e:	2802      	cmp	r0, #2
 8000950:	d9ea      	bls.n	8000928 <HAL_RCC_OscConfig+0x208>
 8000952:	e744      	b.n	80007de <HAL_RCC_OscConfig+0xbe>
 8000954:	fa91 f3a1 	rbit	r3, r1
      __HAL_RCC_LSI_DISABLE();
 8000958:	fab3 f383 	clz	r3, r3
 800095c:	4413      	add	r3, r2
 800095e:	009b      	lsls	r3, r3, #2
 8000960:	2602      	movs	r6, #2
 8000962:	6018      	str	r0, [r3, #0]
      tickstart = HAL_GetTick();
 8000964:	f7ff fed4 	bl	8000710 <HAL_GetTick>
 8000968:	4607      	mov	r7, r0
 800096a:	fa96 f3a6 	rbit	r3, r6
 800096e:	fa96 f3a6 	rbit	r3, r6
 8000972:	fa96 f3a6 	rbit	r3, r6
      while(__HAL_RCC_GET_FLAG(RCC_FLAG_LSIRDY) != RESET)
 8000976:	6a6a      	ldr	r2, [r5, #36]	@ 0x24
 8000978:	fa96 f3a6 	rbit	r3, r6
 800097c:	fab3 f383 	clz	r3, r3
 8000980:	fa01 f303 	lsl.w	r3, r1, r3
 8000984:	4213      	tst	r3, r2
 8000986:	f43f aed8 	beq.w	800073a <HAL_RCC_OscConfig+0x1a>
        if((HAL_GetTick() - tickstart ) > LSI_TIMEOUT_VALUE)
 800098a:	f7ff fec1 	bl	8000710 <HAL_GetTick>
 800098e:	1bc0      	subs	r0, r0, r7
 8000990:	2802      	cmp	r0, #2
 8000992:	d9ea      	bls.n	800096a <HAL_RCC_OscConfig+0x24a>
 8000994:	e723      	b.n	80007de <HAL_RCC_OscConfig+0xbe>
    if(__HAL_RCC_PWR_IS_CLK_DISABLED())
 8000996:	491c      	ldr	r1, [pc, #112]	@ (8000a08 <HAL_RCC_OscConfig+0x2e8>)
 8000998:	69cb      	ldr	r3, [r1, #28]
 800099a:	00d8      	lsls	r0, r3, #3
 800099c:	d431      	bmi.n	8000a02 <HAL_RCC_OscConfig+0x2e2>
      __HAL_RCC_PWR_CLK_ENABLE();
 800099e:	69cb      	ldr	r3, [r1, #28]
 80009a0:	f043 5380 	orr.w	r3, r3, #268435456	@ 0x10000000
 80009a4:	61cb      	str	r3, [r1, #28]
 80009a6:	69cb      	ldr	r3, [r1, #28]
 80009a8:	f003 5380 	and.w	r3, r3, #268435456	@ 0x10000000
 80009ac:	9301      	str	r3, [sp, #4]
 80009ae:	9b01      	ldr	r3, [sp, #4]
      pwrclkchanged = SET;
 80009b0:	2501      	movs	r5, #1
    if(HAL_IS_BIT_CLR(PWR->CR, PWR_CR_DBP))
 80009b2:	4e17      	ldr	r6, [pc, #92]	@ (8000a10 <HAL_RCC_OscConfig+0x2f0>)
 80009b4:	6833      	ldr	r3, [r6, #0]
 80009b6:	05da      	lsls	r2, r3, #23
 80009b8:	d52c      	bpl.n	8000a14 <HAL_RCC_OscConfig+0x2f4>
    __HAL_RCC_LSE_CONFIG(RCC_OscInitStruct->LSEState);
 80009ba:	68e3      	ldr	r3, [r4, #12]
 80009bc:	2b01      	cmp	r3, #1
 80009be:	d139      	bne.n	8000a34 <HAL_RCC_OscConfig+0x314>
 80009c0:	6a0b      	ldr	r3, [r1, #32]
 80009c2:	f043 0301 	orr.w	r3, r3, #1
 80009c6:	620b      	str	r3, [r1, #32]
      tickstart = HAL_GetTick();
 80009c8:	f7ff fea2 	bl	8000710 <HAL_GetTick>
 80009cc:	2602      	movs	r6, #2
 80009ce:	4607      	mov	r7, r0
      while(__HAL_RCC_GET_FLAG(RCC_FLAG_LSERDY) == RESET)
 80009d0:	f04f 0801 	mov.w	r8, #1
        if((HAL_GetTick() - tickstart ) > RCC_LSE_TIMEOUT_VALUE)
 80009d4:	f241 3988 	movw	r9, #5000	@ 0x1388
 80009d8:	fa96 f3a6 	rbit	r3, r6
 80009dc:	fa96 f3a6 	rbit	r3, r6
      while(__HAL_RCC_GET_FLAG(RCC_FLAG_LSERDY) == RESET)
 80009e0:	6a0a      	ldr	r2, [r1, #32]
 80009e2:	fa96 f3a6 	rbit	r3, r6
 80009e6:	fab3 f383 	clz	r3, r3
 80009ea:	fa08 f303 	lsl.w	r3, r8, r3
 80009ee:	4213      	tst	r3, r2
 80009f0:	d052      	beq.n	8000a98 <HAL_RCC_OscConfig+0x378>
    if(pwrclkchanged == SET)
 80009f2:	2d00      	cmp	r5, #0
 80009f4:	f43f aea5 	beq.w	8000742 <HAL_RCC_OscConfig+0x22>
      __HAL_RCC_PWR_CLK_DISABLE();
 80009f8:	69cb      	ldr	r3, [r1, #28]
 80009fa:	f023 5380 	bic.w	r3, r3, #268435456	@ 0x10000000
 80009fe:	61cb      	str	r3, [r1, #28]
 8000a00:	e69f      	b.n	8000742 <HAL_RCC_OscConfig+0x22>
    FlagStatus       pwrclkchanged = RESET;
 8000a02:	2500      	movs	r5, #0
 8000a04:	e7d5      	b.n	80009b2 <HAL_RCC_OscConfig+0x292>
 8000a06:	bf00      	nop
 8000a08:	40021000 	.word	0x40021000
 8000a0c:	10908120 	.word	0x10908120
 8000a10:	40007000 	.word	0x40007000
      SET_BIT(PWR->CR, PWR_CR_DBP);
 8000a14:	6833      	ldr	r3, [r6, #0]
 8000a16:	f443 7380 	orr.w	r3, r3, #256	@ 0x100
 8000a1a:	6033      	str	r3, [r6, #0]
      tickstart = HAL_GetTick();
 8000a1c:	f7ff fe78 	bl	8000710 <HAL_GetTick>
 8000a20:	4607      	mov	r7, r0
      while(HAL_IS_BIT_CLR(PWR->CR, PWR_CR_DBP))
 8000a22:	6833      	ldr	r3, [r6, #0]
 8000a24:	05db      	lsls	r3, r3, #23
 8000a26:	d4c8      	bmi.n	80009ba <HAL_RCC_OscConfig+0x29a>
        if((HAL_GetTick() - tickstart) > RCC_DBP_TIMEOUT_VALUE)
 8000a28:	f7ff fe72 	bl	8000710 <HAL_GetTick>
 8000a2c:	1bc0      	subs	r0, r0, r7
 8000a2e:	2864      	cmp	r0, #100	@ 0x64
 8000a30:	d9f7      	bls.n	8000a22 <HAL_RCC_OscConfig+0x302>
 8000a32:	e6d4      	b.n	80007de <HAL_RCC_OscConfig+0xbe>
    __HAL_RCC_LSE_CONFIG(RCC_OscInitStruct->LSEState);
 8000a34:	bb13      	cbnz	r3, 8000a7c <HAL_RCC_OscConfig+0x35c>
 8000a36:	6a0b      	ldr	r3, [r1, #32]
 8000a38:	f023 0301 	bic.w	r3, r3, #1
 8000a3c:	620b      	str	r3, [r1, #32]
 8000a3e:	6a0b      	ldr	r3, [r1, #32]
 8000a40:	f023 0304 	bic.w	r3, r3, #4
 8000a44:	620b      	str	r3, [r1, #32]
      tickstart = HAL_GetTick();
 8000a46:	f7ff fe63 	bl	8000710 <HAL_GetTick>
 8000a4a:	2602      	movs	r6, #2
 8000a4c:	4607      	mov	r7, r0
      while(__HAL_RCC_GET_FLAG(RCC_FLAG_LSERDY) != RESET)
 8000a4e:	f04f 0801 	mov.w	r8, #1
        if((HAL_GetTick() - tickstart ) > RCC_LSE_TIMEOUT_VALUE)
 8000a52:	f241 3988 	movw	r9, #5000	@ 0x1388
 8000a56:	fa96 f3a6 	rbit	r3, r6
 8000a5a:	fa96 f3a6 	rbit	r3, r6
      while(__HAL_RCC_GET_FLAG(RCC_FLAG_LSERDY) != RESET)
 8000a5e:	6a0a      	ldr	r2, [r1, #32]
 8000a60:	fa96 f3a6 	rbit	r3, r6
 8000a64:	fab3 f383 	clz	r3, r3
 8000a68:	fa08 f303 	lsl.w	r3, r8, r3
 8000a6c:	4213      	tst	r3, r2
 8000a6e:	d0c0      	beq.n	80009f2 <HAL_RCC_OscConfig+0x2d2>
        if((HAL_GetTick() - tickstart ) > RCC_LSE_TIMEOUT_VALUE)
 8000a70:	f7ff fe4e 	bl	8000710 <HAL_GetTick>
 8000a74:	1bc0      	subs	r0, r0, r7
 8000a76:	4548      	cmp	r0, r9
 8000a78:	d9ed      	bls.n	8000a56 <HAL_RCC_OscConfig+0x336>
 8000a7a:	e6b0      	b.n	80007de <HAL_RCC_OscConfig+0xbe>
    __HAL_RCC_LSE_CONFIG(RCC_OscInitStruct->LSEState);
 8000a7c:	2b05      	cmp	r3, #5
 8000a7e:	6a0b      	ldr	r3, [r1, #32]
 8000a80:	d103      	bne.n	8000a8a <HAL_RCC_OscConfig+0x36a>
 8000a82:	f043 0304 	orr.w	r3, r3, #4
 8000a86:	620b      	str	r3, [r1, #32]
 8000a88:	e79a      	b.n	80009c0 <HAL_RCC_OscConfig+0x2a0>
 8000a8a:	f023 0301 	bic.w	r3, r3, #1
 8000a8e:	620b      	str	r3, [r1, #32]
 8000a90:	6a0b      	ldr	r3, [r1, #32]
 8000a92:	f023 0304 	bic.w	r3, r3, #4
 8000a96:	e796      	b.n	80009c6 <HAL_RCC_OscConfig+0x2a6>
        if((HAL_GetTick() - tickstart ) > RCC_LSE_TIMEOUT_VALUE)
 8000a98:	f7ff fe3a 	bl	8000710 <HAL_GetTick>
 8000a9c:	1bc0      	subs	r0, r0, r7
 8000a9e:	4548      	cmp	r0, r9
 8000aa0:	d99a      	bls.n	80009d8 <HAL_RCC_OscConfig+0x2b8>
 8000aa2:	e69c      	b.n	80007de <HAL_RCC_OscConfig+0xbe>
    if(__HAL_RCC_GET_SYSCLK_SOURCE() != RCC_SYSCLKSOURCE_STATUS_PLLCLK)
 8000aa4:	493f      	ldr	r1, [pc, #252]	@ (8000ba4 <HAL_RCC_OscConfig+0x484>)
 8000aa6:	684b      	ldr	r3, [r1, #4]
 8000aa8:	f003 030c 	and.w	r3, r3, #12
 8000aac:	2b08      	cmp	r3, #8
 8000aae:	f43f ae6d 	beq.w	800078c <HAL_RCC_OscConfig+0x6c>
      if((RCC_OscInitStruct->PLL.PLLState) == RCC_PLL_ON)
 8000ab2:	2a02      	cmp	r2, #2
 8000ab4:	f04f 7380 	mov.w	r3, #16777216	@ 0x1000000
 8000ab8:	d150      	bne.n	8000b5c <HAL_RCC_OscConfig+0x43c>
 8000aba:	fa93 f3a3 	rbit	r3, r3
        __HAL_RCC_PLL_DISABLE();
 8000abe:	fab3 f383 	clz	r3, r3
 8000ac2:	f103 5384 	add.w	r3, r3, #276824064	@ 0x10800000
 8000ac6:	f503 1384 	add.w	r3, r3, #1081344	@ 0x108000
 8000aca:	009b      	lsls	r3, r3, #2
 8000acc:	2200      	movs	r2, #0
 8000ace:	601a      	str	r2, [r3, #0]
        tickstart = HAL_GetTick();
 8000ad0:	f7ff fe1e 	bl	8000710 <HAL_GetTick>
          if((HAL_GetTick() - tickstart ) > PLL_TIMEOUT_VALUE)
 8000ad4:	f8df 80d0 	ldr.w	r8, [pc, #208]	@ 8000ba8 <HAL_RCC_OscConfig+0x488>
        tickstart = HAL_GetTick();
 8000ad8:	4606      	mov	r6, r0
 8000ada:	f04f 7700 	mov.w	r7, #33554432	@ 0x2000000
        while(__HAL_RCC_GET_FLAG(RCC_FLAG_PLLRDY)  != RESET)
 8000ade:	2501      	movs	r5, #1
 8000ae0:	fa97 f3a7 	rbit	r3, r7
 8000ae4:	680a      	ldr	r2, [r1, #0]
 8000ae6:	fa97 f3a7 	rbit	r3, r7
 8000aea:	fab3 f383 	clz	r3, r3
 8000aee:	fa05 f303 	lsl.w	r3, r5, r3
 8000af2:	4213      	tst	r3, r2
 8000af4:	d12c      	bne.n	8000b50 <HAL_RCC_OscConfig+0x430>
      __HAL_RCC_PLL_CONFIG(RCC_OscInitStruct->PLL.PLLSource,
 8000af6:	e9d4 0308 	ldrd	r0, r3, [r4, #32]
 8000afa:	684a      	ldr	r2, [r1, #4]
 8000afc:	4303      	orrs	r3, r0
 8000afe:	f422 1274 	bic.w	r2, r2, #3997696	@ 0x3d0000
 8000b02:	4313      	orrs	r3, r2
 8000b04:	604b      	str	r3, [r1, #4]
 8000b06:	f04f 7380 	mov.w	r3, #16777216	@ 0x1000000
 8000b0a:	fa93 f3a3 	rbit	r3, r3
        __HAL_RCC_PLL_ENABLE();
 8000b0e:	fab3 f383 	clz	r3, r3
 8000b12:	f103 5384 	add.w	r3, r3, #276824064	@ 0x10800000
 8000b16:	f503 1384 	add.w	r3, r3, #1081344	@ 0x108000
 8000b1a:	009b      	lsls	r3, r3, #2
          if((HAL_GetTick() - tickstart ) > PLL_TIMEOUT_VALUE)
 8000b1c:	4f22      	ldr	r7, [pc, #136]	@ (8000ba8 <HAL_RCC_OscConfig+0x488>)
        __HAL_RCC_PLL_ENABLE();
 8000b1e:	601d      	str	r5, [r3, #0]
        tickstart = HAL_GetTick();
 8000b20:	f7ff fdf6 	bl	8000710 <HAL_GetTick>
 8000b24:	f04f 7500 	mov.w	r5, #33554432	@ 0x2000000
 8000b28:	4604      	mov	r4, r0
        while(__HAL_RCC_GET_FLAG(RCC_FLAG_PLLRDY)  == RESET)
 8000b2a:	2601      	movs	r6, #1
 8000b2c:	fa95 f3a5 	rbit	r3, r5
 8000b30:	680a      	ldr	r2, [r1, #0]
 8000b32:	fa95 f3a5 	rbit	r3, r5
 8000b36:	fab3 f383 	clz	r3, r3
 8000b3a:	fa06 f303 	lsl.w	r3, r6, r3
 8000b3e:	4213      	tst	r3, r2
 8000b40:	f47f ae03 	bne.w	800074a <HAL_RCC_OscConfig+0x2a>
          if((HAL_GetTick() - tickstart ) > PLL_TIMEOUT_VALUE)
 8000b44:	f7ff fde4 	bl	8000710 <HAL_GetTick>
 8000b48:	1b00      	subs	r0, r0, r4
 8000b4a:	42b8      	cmp	r0, r7
 8000b4c:	d9ee      	bls.n	8000b2c <HAL_RCC_OscConfig+0x40c>
 8000b4e:	e646      	b.n	80007de <HAL_RCC_OscConfig+0xbe>
          if((HAL_GetTick() - tickstart ) > PLL_TIMEOUT_VALUE)
 8000b50:	f7ff fdde 	bl	8000710 <HAL_GetTick>
 8000b54:	1b83      	subs	r3, r0, r6
 8000b56:	4543      	cmp	r3, r8
 8000b58:	d9c2      	bls.n	8000ae0 <HAL_RCC_OscConfig+0x3c0>
 8000b5a:	e640      	b.n	80007de <HAL_RCC_OscConfig+0xbe>
 8000b5c:	fa93 f3a3 	rbit	r3, r3
        __HAL_RCC_PLL_DISABLE();
 8000b60:	fab3 f383 	clz	r3, r3
 8000b64:	f103 5384 	add.w	r3, r3, #276824064	@ 0x10800000
 8000b68:	f503 1384 	add.w	r3, r3, #1081344	@ 0x108000
 8000b6c:	009b      	lsls	r3, r3, #2
 8000b6e:	2200      	movs	r2, #0
 8000b70:	601a      	str	r2, [r3, #0]
        tickstart = HAL_GetTick();
 8000b72:	f7ff fdcd 	bl	8000710 <HAL_GetTick>
          if((HAL_GetTick() - tickstart ) > PLL_TIMEOUT_VALUE)
 8000b76:	4f0c      	ldr	r7, [pc, #48]	@ (8000ba8 <HAL_RCC_OscConfig+0x488>)
        tickstart = HAL_GetTick();
 8000b78:	4604      	mov	r4, r0
 8000b7a:	f04f 7500 	mov.w	r5, #33554432	@ 0x2000000
        while(__HAL_RCC_GET_FLAG(RCC_FLAG_PLLRDY)  != RESET)
 8000b7e:	2601      	movs	r6, #1
 8000b80:	fa95 f3a5 	rbit	r3, r5
 8000b84:	680a      	ldr	r2, [r1, #0]
 8000b86:	fa95 f3a5 	rbit	r3, r5
 8000b8a:	fab3 f383 	clz	r3, r3
 8000b8e:	fa06 f303 	lsl.w	r3, r6, r3
 8000b92:	4213      	tst	r3, r2
 8000b94:	f43f add9 	beq.w	800074a <HAL_RCC_OscConfig+0x2a>
          if((HAL_GetTick() - tickstart ) > PLL_TIMEOUT_VALUE)
 8000b98:	f7ff fdba 	bl	8000710 <HAL_GetTick>
 8000b9c:	1b00      	subs	r0, r0, r4
 8000b9e:	42b8      	cmp	r0, r7
 8000ba0:	d9ee      	bls.n	8000b80 <HAL_RCC_OscConfig+0x460>
 8000ba2:	e61c      	b.n	80007de <HAL_RCC_OscConfig+0xbe>
 8000ba4:	40021000 	.word	0x40021000
 8000ba8:	00030d40 	.word	0x00030d40

08000bac <HAL_RCC_ClockConfig>:
  /* To correctly read data from FLASH memory, the number of wait states (LATENCY) 
  must be correctly programmed according to the frequency of the CPU clock 
    (HCLK) of the device. */

  /* Increasing the number of wait states because of higher CPU frequency */
  if(FLatency > (FLASH->ACR & FLASH_ACR_LATENCY))
 8000bac:	4a4d      	ldr	r2, [pc, #308]	@ (8000ce4 <HAL_RCC_ClockConfig+0x138>)
{
 8000bae:	b5f8      	push	{r3, r4, r5, r6, r7, lr}
  if(FLatency > (FLASH->ACR & FLASH_ACR_LATENCY))
 8000bb0:	6813      	ldr	r3, [r2, #0]
 8000bb2:	f003 0307 	and.w	r3, r3, #7
 8000bb6:	428b      	cmp	r3, r1
{
 8000bb8:	4604      	mov	r4, r0
  if(FLatency > (FLASH->ACR & FLASH_ACR_LATENCY))
 8000bba:	d311      	bcc.n	8000be0 <HAL_RCC_ClockConfig+0x34>
      return HAL_ERROR;
    }
  }

  /*-------------------------- HCLK Configuration --------------------------*/
  if(((RCC_ClkInitStruct->ClockType) & RCC_CLOCKTYPE_HCLK) == RCC_CLOCKTYPE_HCLK)
 8000bbc:	6822      	ldr	r2, [r4, #0]
 8000bbe:	0795      	lsls	r5, r2, #30
 8000bc0:	d41a      	bmi.n	8000bf8 <HAL_RCC_ClockConfig+0x4c>
    assert_param(IS_RCC_HCLK(RCC_ClkInitStruct->AHBCLKDivider));
    MODIFY_REG(RCC->CFGR, RCC_CFGR_HPRE, RCC_ClkInitStruct->AHBCLKDivider);
  }

  /*------------------------- SYSCLK Configuration ---------------------------*/ 
  if(((RCC_ClkInitStruct->ClockType) & RCC_CLOCKTYPE_SYSCLK) == RCC_CLOCKTYPE_SYSCLK)
 8000bc2:	07d0      	lsls	r0, r2, #31
 8000bc4:	d420      	bmi.n	8000c08 <HAL_RCC_ClockConfig+0x5c>
        }
      }
    }      
  }    
  /* Decreasing the number of wait states because of lower CPU frequency */
  if(FLatency < (FLASH->ACR & FLASH_ACR_LATENCY))
 8000bc6:	4a47      	ldr	r2, [pc, #284]	@ (8000ce4 <HAL_RCC_ClockConfig+0x138>)
 8000bc8:	6813      	ldr	r3, [r2, #0]
 8000bca:	f003 0307 	and.w	r3, r3, #7
 8000bce:	428b      	cmp	r3, r1
 8000bd0:	d86c      	bhi.n	8000cac <HAL_RCC_ClockConfig+0x100>
      return HAL_ERROR;
    }
  }    

  /*-------------------------- PCLK1 Configuration ---------------------------*/ 
  if(((RCC_ClkInitStruct->ClockType) & RCC_CLOCKTYPE_PCLK1) == RCC_CLOCKTYPE_PCLK1)
 8000bd2:	6822      	ldr	r2, [r4, #0]
 8000bd4:	0751      	lsls	r1, r2, #29
 8000bd6:	d474      	bmi.n	8000cc2 <HAL_RCC_ClockConfig+0x116>
    assert_param(IS_RCC_PCLK(RCC_ClkInitStruct->APB1CLKDivider));
    MODIFY_REG(RCC->CFGR, RCC_CFGR_PPRE1, RCC_ClkInitStruct->APB1CLKDivider);
  }
  
  /*-------------------------- PCLK2 Configuration ---------------------------*/ 
  if(((RCC_ClkInitStruct->ClockType) & RCC_CLOCKTYPE_PCLK2) == RCC_CLOCKTYPE_PCLK2)
 8000bd8:	0713      	lsls	r3, r2, #28
 8000bda:	d47a      	bmi.n	8000cd2 <HAL_RCC_ClockConfig+0x126>
  //SystemCoreClock = HAL_RCC_GetSysClockFreq() >> AHBPrescTable[(RCC->CFGR & RCC_CFGR_HPRE)>> RCC_CFGR_HPRE_BITNUMBER];

  /* Configure the source of time base considering new system clocks settings*/
  //HAL_InitTick (TICK_INT_PRIORITY);
  
  return HAL_OK;
 8000bdc:	2000      	movs	r0, #0
 8000bde:	e00a      	b.n	8000bf6 <HAL_RCC_ClockConfig+0x4a>
    __HAL_FLASH_SET_LATENCY(FLatency);
 8000be0:	6813      	ldr	r3, [r2, #0]
 8000be2:	f023 0307 	bic.w	r3, r3, #7
 8000be6:	430b      	orrs	r3, r1
 8000be8:	6013      	str	r3, [r2, #0]
    if((FLASH->ACR & FLASH_ACR_LATENCY) != FLatency)
 8000bea:	6813      	ldr	r3, [r2, #0]
 8000bec:	f003 0307 	and.w	r3, r3, #7
 8000bf0:	428b      	cmp	r3, r1
 8000bf2:	d0e3      	beq.n	8000bbc <HAL_RCC_ClockConfig+0x10>
      return HAL_ERROR;
 8000bf4:	2001      	movs	r0, #1
}
 8000bf6:	bdf8      	pop	{r3, r4, r5, r6, r7, pc}
    MODIFY_REG(RCC->CFGR, RCC_CFGR_HPRE, RCC_ClkInitStruct->AHBCLKDivider);
 8000bf8:	483b      	ldr	r0, [pc, #236]	@ (8000ce8 <HAL_RCC_ClockConfig+0x13c>)
 8000bfa:	68a5      	ldr	r5, [r4, #8]
 8000bfc:	6843      	ldr	r3, [r0, #4]
 8000bfe:	f023 03f0 	bic.w	r3, r3, #240	@ 0xf0
 8000c02:	432b      	orrs	r3, r5
 8000c04:	6043      	str	r3, [r0, #4]
 8000c06:	e7dc      	b.n	8000bc2 <HAL_RCC_ClockConfig+0x16>
    if(RCC_ClkInitStruct->SYSCLKSource == RCC_SYSCLKSOURCE_HSE)
 8000c08:	6862      	ldr	r2, [r4, #4]
 8000c0a:	4d37      	ldr	r5, [pc, #220]	@ (8000ce8 <HAL_RCC_ClockConfig+0x13c>)
 8000c0c:	2a01      	cmp	r2, #1
 8000c0e:	d125      	bne.n	8000c5c <HAL_RCC_ClockConfig+0xb0>
 8000c10:	f44f 3300 	mov.w	r3, #131072	@ 0x20000
 8000c14:	fa93 f0a3 	rbit	r0, r3
      if(__HAL_RCC_GET_FLAG(RCC_FLAG_HSERDY) == RESET)
 8000c18:	6828      	ldr	r0, [r5, #0]
 8000c1a:	fa93 f3a3 	rbit	r3, r3
 8000c1e:	fab3 f383 	clz	r3, r3
 8000c22:	fa02 f303 	lsl.w	r3, r2, r3
 8000c26:	4203      	tst	r3, r0
      if(__HAL_RCC_GET_FLAG(RCC_FLAG_HSIRDY) == RESET)
 8000c28:	d0e4      	beq.n	8000bf4 <HAL_RCC_ClockConfig+0x48>
    __HAL_RCC_SYSCLK_CONFIG(RCC_ClkInitStruct->SYSCLKSource);
 8000c2a:	686b      	ldr	r3, [r5, #4]
 8000c2c:	f023 0303 	bic.w	r3, r3, #3
 8000c30:	4313      	orrs	r3, r2
 8000c32:	606b      	str	r3, [r5, #4]
    tickstart = HAL_GetTick();
 8000c34:	f7ff fd6c 	bl	8000710 <HAL_GetTick>
    if(RCC_ClkInitStruct->SYSCLKSource == RCC_SYSCLKSOURCE_HSE)
 8000c38:	6863      	ldr	r3, [r4, #4]
 8000c3a:	2b01      	cmp	r3, #1
    tickstart = HAL_GetTick();
 8000c3c:	4606      	mov	r6, r0
        if((HAL_GetTick() - tickstart ) > CLOCKSWITCH_TIMEOUT_VALUE)
 8000c3e:	f241 3788 	movw	r7, #5000	@ 0x1388
    if(RCC_ClkInitStruct->SYSCLKSource == RCC_SYSCLKSOURCE_HSE)
 8000c42:	d11c      	bne.n	8000c7e <HAL_RCC_ClockConfig+0xd2>
      while (__HAL_RCC_GET_SYSCLK_SOURCE() != RCC_SYSCLKSOURCE_STATUS_HSE)
 8000c44:	686b      	ldr	r3, [r5, #4]
 8000c46:	f003 030c 	and.w	r3, r3, #12
 8000c4a:	2b04      	cmp	r3, #4
 8000c4c:	d0bb      	beq.n	8000bc6 <HAL_RCC_ClockConfig+0x1a>
        if((HAL_GetTick() - tickstart ) > CLOCKSWITCH_TIMEOUT_VALUE)
 8000c4e:	f7ff fd5f 	bl	8000710 <HAL_GetTick>
 8000c52:	1b80      	subs	r0, r0, r6
 8000c54:	42b8      	cmp	r0, r7
 8000c56:	d9f5      	bls.n	8000c44 <HAL_RCC_ClockConfig+0x98>
          return HAL_TIMEOUT;
 8000c58:	2003      	movs	r0, #3
 8000c5a:	e7cc      	b.n	8000bf6 <HAL_RCC_ClockConfig+0x4a>
    else if(RCC_ClkInitStruct->SYSCLKSource == RCC_SYSCLKSOURCE_PLLCLK)
 8000c5c:	2a02      	cmp	r2, #2
 8000c5e:	bf0c      	ite	eq
 8000c60:	f04f 7300 	moveq.w	r3, #33554432	@ 0x2000000
 8000c64:	2302      	movne	r3, #2
 8000c66:	fa93 f0a3 	rbit	r0, r3
      if(__HAL_RCC_GET_FLAG(RCC_FLAG_HSIRDY) == RESET)
 8000c6a:	682e      	ldr	r6, [r5, #0]
 8000c6c:	fa93 f3a3 	rbit	r3, r3
 8000c70:	2001      	movs	r0, #1
 8000c72:	fab3 f383 	clz	r3, r3
 8000c76:	fa00 f303 	lsl.w	r3, r0, r3
 8000c7a:	4233      	tst	r3, r6
 8000c7c:	e7d4      	b.n	8000c28 <HAL_RCC_ClockConfig+0x7c>
    else if(RCC_ClkInitStruct->SYSCLKSource == RCC_SYSCLKSOURCE_PLLCLK)
 8000c7e:	2b02      	cmp	r3, #2
 8000c80:	d10f      	bne.n	8000ca2 <HAL_RCC_ClockConfig+0xf6>
      while (__HAL_RCC_GET_SYSCLK_SOURCE() != RCC_SYSCLKSOURCE_STATUS_PLLCLK)
 8000c82:	686b      	ldr	r3, [r5, #4]
 8000c84:	f003 030c 	and.w	r3, r3, #12
 8000c88:	2b08      	cmp	r3, #8
 8000c8a:	d09c      	beq.n	8000bc6 <HAL_RCC_ClockConfig+0x1a>
        if((HAL_GetTick() - tickstart ) > CLOCKSWITCH_TIMEOUT_VALUE)
 8000c8c:	f7ff fd40 	bl	8000710 <HAL_GetTick>
 8000c90:	1b80      	subs	r0, r0, r6
 8000c92:	42b8      	cmp	r0, r7
 8000c94:	d9f5      	bls.n	8000c82 <HAL_RCC_ClockConfig+0xd6>
 8000c96:	e7df      	b.n	8000c58 <HAL_RCC_ClockConfig+0xac>
        if((HAL_GetTick() - tickstart ) > CLOCKSWITCH_TIMEOUT_VALUE)
 8000c98:	f7ff fd3a 	bl	8000710 <HAL_GetTick>
 8000c9c:	1b80      	subs	r0, r0, r6
 8000c9e:	42b8      	cmp	r0, r7
 8000ca0:	d8da      	bhi.n	8000c58 <HAL_RCC_ClockConfig+0xac>
      while (__HAL_RCC_GET_SYSCLK_SOURCE() != RCC_SYSCLKSOURCE_STATUS_HSI)
 8000ca2:	686b      	ldr	r3, [r5, #4]
 8000ca4:	f013 0f0c 	tst.w	r3, #12
 8000ca8:	d1f6      	bne.n	8000c98 <HAL_RCC_ClockConfig+0xec>
 8000caa:	e78c      	b.n	8000bc6 <HAL_RCC_ClockConfig+0x1a>
    __HAL_FLASH_SET_LATENCY(FLatency);
 8000cac:	6813      	ldr	r3, [r2, #0]
 8000cae:	f023 0307 	bic.w	r3, r3, #7
 8000cb2:	430b      	orrs	r3, r1
 8000cb4:	6013      	str	r3, [r2, #0]
    if((FLASH->ACR & FLASH_ACR_LATENCY) != FLatency)
 8000cb6:	6813      	ldr	r3, [r2, #0]
 8000cb8:	f003 0307 	and.w	r3, r3, #7
 8000cbc:	428b      	cmp	r3, r1
 8000cbe:	d199      	bne.n	8000bf4 <HAL_RCC_ClockConfig+0x48>
 8000cc0:	e787      	b.n	8000bd2 <HAL_RCC_ClockConfig+0x26>
    MODIFY_REG(RCC->CFGR, RCC_CFGR_PPRE1, RCC_ClkInitStruct->APB1CLKDivider);
 8000cc2:	4909      	ldr	r1, [pc, #36]	@ (8000ce8 <HAL_RCC_ClockConfig+0x13c>)
 8000cc4:	68e0      	ldr	r0, [r4, #12]
 8000cc6:	684b      	ldr	r3, [r1, #4]
 8000cc8:	f423 63e0 	bic.w	r3, r3, #1792	@ 0x700
 8000ccc:	4303      	orrs	r3, r0
 8000cce:	604b      	str	r3, [r1, #4]
 8000cd0:	e782      	b.n	8000bd8 <HAL_RCC_ClockConfig+0x2c>
    MODIFY_REG(RCC->CFGR, RCC_CFGR_PPRE2, ((RCC_ClkInitStruct->APB2CLKDivider) << 3U));
 8000cd2:	4a05      	ldr	r2, [pc, #20]	@ (8000ce8 <HAL_RCC_ClockConfig+0x13c>)
 8000cd4:	6921      	ldr	r1, [r4, #16]
 8000cd6:	6853      	ldr	r3, [r2, #4]
 8000cd8:	f423 5360 	bic.w	r3, r3, #14336	@ 0x3800
 8000cdc:	ea43 03c1 	orr.w	r3, r3, r1, lsl #3
 8000ce0:	6053      	str	r3, [r2, #4]
 8000ce2:	e77b      	b.n	8000bdc <HAL_RCC_ClockConfig+0x30>
 8000ce4:	40022000 	.word	0x40022000
 8000ce8:	40021000 	.word	0x40021000

08000cec <HAL_GPIO_Init>:
  * @param  GPIO_Init: pointer to a GPIO_InitTypeDef structure that contains
  *         the configuration information for the specified GPIO peripheral.
  * @retval None
  */
void HAL_GPIO_Init(GPIO_TypeDef  *GPIOx, GPIO_InitTypeDef *GPIO_Init)
{
 8000cec:	e92d 4ff7 	stmdb	sp!, {r0, r1, r2, r4, r5, r6, r7, r8, r9, sl, fp, lr}
      /*--------------------- EXTI Mode Configuration ------------------------*/
      /* Configure the External Interrupt or event for the current IO */
      if((GPIO_Init->Mode & EXTI_MODE) == EXTI_MODE)
      {
        /* Enable SYSCFG Clock */
        __HAL_RCC_SYSCFG_CLK_ENABLE();
 8000cf0:	f8df 8168 	ldr.w	r8, [pc, #360]	@ 8000e5c <HAL_GPIO_Init+0x170>
        temp &= ~((0x0FU) << (4U * (position & 0x03U)));
        temp |= (GPIO_GET_INDEX(GPIOx) << (4U * (position & 0x03U)));
        SYSCFG->EXTICR[position >> 2] = temp;

        /* Clear EXTI line configuration */
        temp = EXTI->IMR;
 8000cf4:	4c5a      	ldr	r4, [pc, #360]	@ (8000e60 <HAL_GPIO_Init+0x174>)
  uint32_t position = 0x00U;
 8000cf6:	2300      	movs	r3, #0
        temp &= ~((0x0FU) << (4U * (position & 0x03U)));
 8000cf8:	f04f 090f 	mov.w	r9, #15
  while (((GPIO_Init->Pin) >> position) != RESET)
 8000cfc:	680a      	ldr	r2, [r1, #0]
 8000cfe:	fa32 f503 	lsrs.w	r5, r2, r3
 8000d02:	d102      	bne.n	8000d0a <HAL_GPIO_Init+0x1e>
      }
    }
    
    position++;
  }
}
 8000d04:	b003      	add	sp, #12
 8000d06:	e8bd 8ff0 	ldmia.w	sp!, {r4, r5, r6, r7, r8, r9, sl, fp, pc}
    iocurrent = (GPIO_Init->Pin) & (1U << position);
 8000d0a:	2501      	movs	r5, #1
 8000d0c:	fa05 fa03 	lsl.w	sl, r5, r3
    if(iocurrent)
 8000d10:	ea1a 0202 	ands.w	r2, sl, r2
 8000d14:	f000 8098 	beq.w	8000e48 <HAL_GPIO_Init+0x15c>
      if((GPIO_Init->Mode == GPIO_MODE_AF_PP) || (GPIO_Init->Mode == GPIO_MODE_AF_OD))
 8000d18:	684d      	ldr	r5, [r1, #4]
 8000d1a:	f025 0e10 	bic.w	lr, r5, #16
 8000d1e:	f1be 0f02 	cmp.w	lr, #2
 8000d22:	d111      	bne.n	8000d48 <HAL_GPIO_Init+0x5c>
        temp = GPIOx->AFR[position >> 3];
 8000d24:	08df      	lsrs	r7, r3, #3
 8000d26:	eb00 0787 	add.w	r7, r0, r7, lsl #2
        temp &= ~(0xFU << ((uint32_t)(position & 0x07U) * 4U)) ;
 8000d2a:	f003 0c07 	and.w	ip, r3, #7
        temp = GPIOx->AFR[position >> 3];
 8000d2e:	6a3e      	ldr	r6, [r7, #32]
        temp &= ~(0xFU << ((uint32_t)(position & 0x07U) * 4U)) ;
 8000d30:	ea4f 0c8c 	mov.w	ip, ip, lsl #2
 8000d34:	fa09 fb0c 	lsl.w	fp, r9, ip
 8000d38:	ea26 0b0b 	bic.w	fp, r6, fp
        temp |= ((uint32_t)(GPIO_Init->Alternate) << (((uint32_t)position & 0x07U) * 4U));
 8000d3c:	690e      	ldr	r6, [r1, #16]
 8000d3e:	fa06 f60c 	lsl.w	r6, r6, ip
 8000d42:	ea46 060b 	orr.w	r6, r6, fp
        GPIOx->AFR[position >> 3] = temp;
 8000d46:	623e      	str	r6, [r7, #32]
      temp = GPIOx->MODER;
 8000d48:	f8d0 b000 	ldr.w	fp, [r0]
      temp &= ~(GPIO_MODER_MODER0 << (position * 2U));
 8000d4c:	ea4f 0c43 	mov.w	ip, r3, lsl #1
 8000d50:	2603      	movs	r6, #3
 8000d52:	fa06 f70c 	lsl.w	r7, r6, ip
 8000d56:	ea2b 0b07 	bic.w	fp, fp, r7
 8000d5a:	43fe      	mvns	r6, r7
      temp |= ((GPIO_Init->Mode & GPIO_MODE) << (position * 2U));
 8000d5c:	f005 0703 	and.w	r7, r5, #3
 8000d60:	fa07 f70c 	lsl.w	r7, r7, ip
      if((GPIO_Init->Mode == GPIO_MODE_OUTPUT_PP) || (GPIO_Init->Mode == GPIO_MODE_AF_PP) ||
 8000d64:	f10e 3eff 	add.w	lr, lr, #4294967295	@ 0xffffffff
      temp |= ((GPIO_Init->Mode & GPIO_MODE) << (position * 2U));
 8000d68:	ea47 070b 	orr.w	r7, r7, fp
      if((GPIO_Init->Mode == GPIO_MODE_OUTPUT_PP) || (GPIO_Init->Mode == GPIO_MODE_AF_PP) ||
 8000d6c:	f1be 0f01 	cmp.w	lr, #1
      GPIOx->MODER = temp;
 8000d70:	6007      	str	r7, [r0, #0]
      if((GPIO_Init->Mode == GPIO_MODE_OUTPUT_PP) || (GPIO_Init->Mode == GPIO_MODE_AF_PP) ||
 8000d72:	d810      	bhi.n	8000d96 <HAL_GPIO_Init+0xaa>
        temp = GPIOx->OSPEEDR;
 8000d74:	6887      	ldr	r7, [r0, #8]
        temp &= ~(GPIO_OSPEEDER_OSPEEDR0 << (position * 2U));
 8000d76:	ea06 0e07 	and.w	lr, r6, r7
        temp |= (GPIO_Init->Speed << (position * 2U));
 8000d7a:	68cf      	ldr	r7, [r1, #12]
 8000d7c:	fa07 f70c 	lsl.w	r7, r7, ip
 8000d80:	ea47 070e 	orr.w	r7, r7, lr
        GPIOx->OSPEEDR = temp;
 8000d84:	6087      	str	r7, [r0, #8]
        temp = GPIOx->OTYPER;
 8000d86:	6847      	ldr	r7, [r0, #4]
        temp &= ~(GPIO_OTYPER_OT_0 << position) ;
 8000d88:	ea27 0e0a 	bic.w	lr, r7, sl
        temp |= (((GPIO_Init->Mode & GPIO_OUTPUT_TYPE) >> 4U) << position);
 8000d8c:	092f      	lsrs	r7, r5, #4
 8000d8e:	409f      	lsls	r7, r3
 8000d90:	ea47 070e 	orr.w	r7, r7, lr
        GPIOx->OTYPER = temp;
 8000d94:	6047      	str	r7, [r0, #4]
      temp = GPIOx->PUPDR;
 8000d96:	68c7      	ldr	r7, [r0, #12]
      temp &= ~(GPIO_PUPDR_PUPDR0 << (position * 2U));
 8000d98:	4037      	ands	r7, r6
      temp |= ((GPIO_Init->Pull) << (position * 2U));
 8000d9a:	688e      	ldr	r6, [r1, #8]
 8000d9c:	fa06 f60c 	lsl.w	r6, r6, ip
 8000da0:	433e      	orrs	r6, r7
      GPIOx->PUPDR = temp;
 8000da2:	60c6      	str	r6, [r0, #12]
      if((GPIO_Init->Mode & EXTI_MODE) == EXTI_MODE)
 8000da4:	00ee      	lsls	r6, r5, #3
 8000da6:	d54f      	bpl.n	8000e48 <HAL_GPIO_Init+0x15c>
        __HAL_RCC_SYSCFG_CLK_ENABLE();
 8000da8:	f8d8 6018 	ldr.w	r6, [r8, #24]
 8000dac:	f046 0601 	orr.w	r6, r6, #1
 8000db0:	f8c8 6018 	str.w	r6, [r8, #24]
 8000db4:	f8d8 6018 	ldr.w	r6, [r8, #24]
 8000db8:	f023 0703 	bic.w	r7, r3, #3
 8000dbc:	f107 4780 	add.w	r7, r7, #1073741824	@ 0x40000000
 8000dc0:	f006 0601 	and.w	r6, r6, #1
 8000dc4:	f507 3780 	add.w	r7, r7, #65536	@ 0x10000
 8000dc8:	9601      	str	r6, [sp, #4]
        temp &= ~((0x0FU) << (4U * (position & 0x03U)));
 8000dca:	f003 0c03 	and.w	ip, r3, #3
        __HAL_RCC_SYSCFG_CLK_ENABLE();
 8000dce:	9e01      	ldr	r6, [sp, #4]
        temp = SYSCFG->EXTICR[position >> 2];
 8000dd0:	68be      	ldr	r6, [r7, #8]
        temp &= ~((0x0FU) << (4U * (position & 0x03U)));
 8000dd2:	ea4f 0c8c 	mov.w	ip, ip, lsl #2
 8000dd6:	fa09 fe0c 	lsl.w	lr, r9, ip
        temp |= (GPIO_GET_INDEX(GPIOx) << (4U * (position & 0x03U)));
 8000dda:	f1b0 4f90 	cmp.w	r0, #1207959552	@ 0x48000000
        temp &= ~((0x0FU) << (4U * (position & 0x03U)));
 8000dde:	ea26 0e0e 	bic.w	lr, r6, lr
        temp |= (GPIO_GET_INDEX(GPIOx) << (4U * (position & 0x03U)));
 8000de2:	d033      	beq.n	8000e4c <HAL_GPIO_Init+0x160>
 8000de4:	4e1f      	ldr	r6, [pc, #124]	@ (8000e64 <HAL_GPIO_Init+0x178>)
 8000de6:	42b0      	cmp	r0, r6
 8000de8:	d032      	beq.n	8000e50 <HAL_GPIO_Init+0x164>
 8000dea:	f506 6680 	add.w	r6, r6, #1024	@ 0x400
 8000dee:	42b0      	cmp	r0, r6
 8000df0:	d030      	beq.n	8000e54 <HAL_GPIO_Init+0x168>
 8000df2:	f506 6680 	add.w	r6, r6, #1024	@ 0x400
 8000df6:	42b0      	cmp	r0, r6
 8000df8:	d02e      	beq.n	8000e58 <HAL_GPIO_Init+0x16c>
 8000dfa:	f506 6680 	add.w	r6, r6, #1024	@ 0x400
 8000dfe:	42b0      	cmp	r0, r6
 8000e00:	bf14      	ite	ne
 8000e02:	2605      	movne	r6, #5
 8000e04:	2604      	moveq	r6, #4
 8000e06:	fa06 f60c 	lsl.w	r6, r6, ip
 8000e0a:	ea46 060e 	orr.w	r6, r6, lr
        SYSCFG->EXTICR[position >> 2] = temp;
 8000e0e:	60be      	str	r6, [r7, #8]
        temp = EXTI->IMR;
 8000e10:	6826      	ldr	r6, [r4, #0]
        temp &= ~((uint32_t)iocurrent);
 8000e12:	43d7      	mvns	r7, r2
        if((GPIO_Init->Mode & GPIO_MODE_IT) == GPIO_MODE_IT)
 8000e14:	f415 3f80 	tst.w	r5, #65536	@ 0x10000
        temp &= ~((uint32_t)iocurrent);
 8000e18:	bf0c      	ite	eq
 8000e1a:	403e      	andeq	r6, r7
          temp |= iocurrent;
 8000e1c:	4316      	orrne	r6, r2
        EXTI->IMR = temp;
 8000e1e:	6026      	str	r6, [r4, #0]
        temp = EXTI->EMR;
 8000e20:	6866      	ldr	r6, [r4, #4]
        if((GPIO_Init->Mode & GPIO_MODE_EVT) == GPIO_MODE_EVT)
 8000e22:	f415 3f00 	tst.w	r5, #131072	@ 0x20000
        temp &= ~((uint32_t)iocurrent);
 8000e26:	bf0c      	ite	eq
 8000e28:	403e      	andeq	r6, r7
          temp |= iocurrent;
 8000e2a:	4316      	orrne	r6, r2
        EXTI->EMR = temp;
 8000e2c:	6066      	str	r6, [r4, #4]
        temp = EXTI->RTSR;
 8000e2e:	68a6      	ldr	r6, [r4, #8]
        if((GPIO_Init->Mode & RISING_EDGE) == RISING_EDGE)
 8000e30:	f415 1f80 	tst.w	r5, #1048576	@ 0x100000
        temp &= ~((uint32_t)iocurrent);
 8000e34:	bf0c      	ite	eq
 8000e36:	403e      	andeq	r6, r7
          temp |= iocurrent;
 8000e38:	4316      	orrne	r6, r2
        EXTI->RTSR = temp;
 8000e3a:	60a6      	str	r6, [r4, #8]
        temp = EXTI->FTSR;
 8000e3c:	68e6      	ldr	r6, [r4, #12]
        if((GPIO_Init->Mode & FALLING_EDGE) == FALLING_EDGE)
 8000e3e:	02ad      	lsls	r5, r5, #10
        temp &= ~((uint32_t)iocurrent);
 8000e40:	bf54      	ite	pl
 8000e42:	403e      	andpl	r6, r7
          temp |= iocurrent;
 8000e44:	4316      	orrmi	r6, r2
        EXTI->FTSR = temp;
 8000e46:	60e6      	str	r6, [r4, #12]
    position++;
 8000e48:	3301      	adds	r3, #1
 8000e4a:	e757      	b.n	8000cfc <HAL_GPIO_Init+0x10>
        temp |= (GPIO_GET_INDEX(GPIOx) << (4U * (position & 0x03U)));
 8000e4c:	2600      	movs	r6, #0
 8000e4e:	e7da      	b.n	8000e06 <HAL_GPIO_Init+0x11a>
 8000e50:	2601      	movs	r6, #1
 8000e52:	e7d8      	b.n	8000e06 <HAL_GPIO_Init+0x11a>
 8000e54:	2602      	movs	r6, #2
 8000e56:	e7d6      	b.n	8000e06 <HAL_GPIO_Init+0x11a>
 8000e58:	2603      	movs	r6, #3
 8000e5a:	e7d4      	b.n	8000e06 <HAL_GPIO_Init+0x11a>
 8000e5c:	40021000 	.word	0x40021000
 8000e60:	40010400 	.word	0x40010400
 8000e64:	48000400 	.word	0x48000400

08000e68 <HAL_GPIO_WritePin>:
{
  /* Check the parameters */
  assert_param(IS_GPIO_PIN(GPIO_Pin));
  assert_param(IS_GPIO_PIN_ACTION(PinState));

  if(PinState != GPIO_PIN_RESET)
 8000e68:	b10a      	cbz	r2, 8000e6e <HAL_GPIO_WritePin+0x6>
  {
    GPIOx->BSRR = (uint32_t)GPIO_Pin;
 8000e6a:	6181      	str	r1, [r0, #24]
 8000e6c:	4770      	bx	lr
  }
  else
  {
    GPIOx->BRR = (uint32_t)GPIO_Pin;
 8000e6e:	6281      	str	r1, [r0, #40]	@ 0x28
  }
}
 8000e70:	4770      	bx	lr
 8000e72:	0000      	movs	r0, r0

08000e74 <UART_SetConfig>:
   *  set the M bits according to huart->Init.WordLength value
   *  set PCE and PS bits according to huart->Init.Parity value
   *  set TE and RE bits according to huart->Init.Mode value
   *  set OVER8 bit according to huart->Init.OverSampling value */
  tmpreg = (uint32_t)huart->Init.WordLength | huart->Init.Parity | huart->Init.Mode | huart->Init.OverSampling ;
  MODIFY_REG(huart->Instance->CR1, UART_CR1_FIELDS, tmpreg);
 8000e74:	6802      	ldr	r2, [r0, #0]
  tmpreg = (uint32_t)huart->Init.WordLength | huart->Init.Parity | huart->Init.Mode | huart->Init.OverSampling ;
 8000e76:	6883      	ldr	r3, [r0, #8]
 8000e78:	69c1      	ldr	r1, [r0, #28]
{
 8000e7a:	b530      	push	{r4, r5, lr}
  tmpreg = (uint32_t)huart->Init.WordLength | huart->Init.Parity | huart->Init.Mode | huart->Init.OverSampling ;
 8000e7c:	6905      	ldr	r5, [r0, #16]
  MODIFY_REG(huart->Instance->CR1, UART_CR1_FIELDS, tmpreg);
 8000e7e:	6814      	ldr	r4, [r2, #0]
  tmpreg = (uint32_t)huart->Init.WordLength | huart->Init.Parity | huart->Init.Mode | huart->Init.OverSampling ;
 8000e80:	432b      	orrs	r3, r5
 8000e82:	6945      	ldr	r5, [r0, #20]
  MODIFY_REG(huart->Instance->CR1, UART_CR1_FIELDS, tmpreg);
 8000e84:	f424 4416 	bic.w	r4, r4, #38400	@ 0x9600
  tmpreg = (uint32_t)huart->Init.WordLength | huart->Init.Parity | huart->Init.Mode | huart->Init.OverSampling ;
 8000e88:	432b      	orrs	r3, r5
  MODIFY_REG(huart->Instance->CR1, UART_CR1_FIELDS, tmpreg);
 8000e8a:	f024 040c 	bic.w	r4, r4, #12
  tmpreg = (uint32_t)huart->Init.WordLength | huart->Init.Parity | huart->Init.Mode | huart->Init.OverSampling ;
 8000e8e:	430b      	orrs	r3, r1
  MODIFY_REG(huart->Instance->CR1, UART_CR1_FIELDS, tmpreg);
 8000e90:	4323      	orrs	r3, r4
 8000e92:	6013      	str	r3, [r2, #0]

  /*-------------------------- USART CR2 Configuration -----------------------*/
  /* Configure the UART Stop Bits: Set STOP[13:12] bits according
   * to huart->Init.StopBits value */
  MODIFY_REG(huart->Instance->CR2, USART_CR2_STOP, huart->Init.StopBits);
 8000e94:	6853      	ldr	r3, [r2, #4]
 8000e96:	68c4      	ldr	r4, [r0, #12]
  /* Configure
   * - UART HardWare Flow Control: set CTSE and RTSE bits according
   *   to huart->Init.HwFlowCtl value
   * - one-bit sampling method versus three samples' majority rule according
   *   to huart->Init.OneBitSampling */
  tmpreg = (uint32_t)huart->Init.HwFlowCtl | huart->Init.OneBitSampling ;
 8000e98:	6a05      	ldr	r5, [r0, #32]
  MODIFY_REG(huart->Instance->CR2, USART_CR2_STOP, huart->Init.StopBits);
 8000e9a:	f423 5340 	bic.w	r3, r3, #12288	@ 0x3000
 8000e9e:	4323      	orrs	r3, r4
 8000ea0:	6053      	str	r3, [r2, #4]
  MODIFY_REG(huart->Instance->CR3, (USART_CR3_RTSE | USART_CR3_CTSE | USART_CR3_ONEBIT), tmpreg);
 8000ea2:	6894      	ldr	r4, [r2, #8]
  tmpreg = (uint32_t)huart->Init.HwFlowCtl | huart->Init.OneBitSampling ;
 8000ea4:	6983      	ldr	r3, [r0, #24]
  MODIFY_REG(huart->Instance->CR3, (USART_CR3_RTSE | USART_CR3_CTSE | USART_CR3_ONEBIT), tmpreg);
 8000ea6:	f424 6430 	bic.w	r4, r4, #2816	@ 0xb00
  tmpreg = (uint32_t)huart->Init.HwFlowCtl | huart->Init.OneBitSampling ;
 8000eaa:	432b      	orrs	r3, r5
  MODIFY_REG(huart->Instance->CR3, (USART_CR3_RTSE | USART_CR3_CTSE | USART_CR3_ONEBIT), tmpreg);
 8000eac:	4323      	orrs	r3, r4
 8000eae:	6093      	str	r3, [r2, #8]

  /*-------------------------- USART BRR Configuration -----------------------*/
  UART_GETCLOCKSOURCE(huart, clocksource);
 8000eb0:	4b42      	ldr	r3, [pc, #264]	@ (8000fbc <UART_SetConfig+0x148>)
 8000eb2:	429a      	cmp	r2, r3
 8000eb4:	d111      	bne.n	8000eda <UART_SetConfig+0x66>
 8000eb6:	f503 4358 	add.w	r3, r3, #55296	@ 0xd800
 8000eba:	6b1b      	ldr	r3, [r3, #48]	@ 0x30
 8000ebc:	f003 0303 	and.w	r3, r3, #3
 8000ec0:	2b02      	cmp	r3, #2
 8000ec2:	d05f      	beq.n	8000f84 <UART_SetConfig+0x110>
 8000ec4:	2b03      	cmp	r3, #3
 8000ec6:	d065      	beq.n	8000f94 <UART_SetConfig+0x120>

  /* Check UART Over Sampling to set Baud Rate Register */
  if (huart->Init.OverSampling == UART_OVERSAMPLING_8)
 8000ec8:	f5b1 4f00 	cmp.w	r1, #32768	@ 0x8000
  {
    switch (clocksource)
    {
      case UART_CLOCKSOURCE_PCLK1:
        usartdiv = (uint16_t)(UART_DIV_SAMPLING8(HAL_RCC_GetPCLK1Freq(), huart->Init.BaudRate));
 8000ecc:	6841      	ldr	r1, [r0, #4]
 8000ece:	ea4f 0351 	mov.w	r3, r1, lsr #1
  if (huart->Init.OverSampling == UART_OVERSAMPLING_8)
 8000ed2:	d045      	beq.n	8000f60 <UART_SetConfig+0xec>
    {
      case UART_CLOCKSOURCE_PCLK1:
        huart->Instance->BRR = (uint16_t)(UART_DIV_SAMPLING16(HAL_RCC_GetPCLK1Freq(), huart->Init.BaudRate));
        break;
      case UART_CLOCKSOURCE_PCLK2:
        huart->Instance->BRR = (uint16_t)(UART_DIV_SAMPLING16(HAL_RCC_GetPCLK2Freq(), huart->Init.BaudRate));
 8000ed4:	f503 03e1 	add.w	r3, r3, #7372800	@ 0x708000
 8000ed8:	e048      	b.n	8000f6c <UART_SetConfig+0xf8>
  UART_GETCLOCKSOURCE(huart, clocksource);
 8000eda:	4b39      	ldr	r3, [pc, #228]	@ (8000fc0 <UART_SetConfig+0x14c>)
 8000edc:	429a      	cmp	r2, r3
 8000ede:	d112      	bne.n	8000f06 <UART_SetConfig+0x92>
 8000ee0:	f503 33e6 	add.w	r3, r3, #117760	@ 0x1cc00
 8000ee4:	6b1b      	ldr	r3, [r3, #48]	@ 0x30
 8000ee6:	f403 3340 	and.w	r3, r3, #196608	@ 0x30000
 8000eea:	f5b3 3f00 	cmp.w	r3, #131072	@ 0x20000
 8000eee:	d049      	beq.n	8000f84 <UART_SetConfig+0x110>
 8000ef0:	d9ea      	bls.n	8000ec8 <UART_SetConfig+0x54>
 8000ef2:	f5b3 3f40 	cmp.w	r3, #196608	@ 0x30000
 8000ef6:	d04d      	beq.n	8000f94 <UART_SetConfig+0x120>
  if (huart->Init.OverSampling == UART_OVERSAMPLING_8)
 8000ef8:	f5b1 4f00 	cmp.w	r1, #32768	@ 0x8000
        ret = HAL_ERROR;
 8000efc:	f04f 0001 	mov.w	r0, #1
  if (huart->Init.OverSampling == UART_OVERSAMPLING_8)
 8000f00:	d15b      	bne.n	8000fba <UART_SetConfig+0x146>
  uint16_t usartdiv                   = 0x0000U;
 8000f02:	2300      	movs	r3, #0
 8000f04:	e053      	b.n	8000fae <UART_SetConfig+0x13a>
  UART_GETCLOCKSOURCE(huart, clocksource);
 8000f06:	4b2f      	ldr	r3, [pc, #188]	@ (8000fc4 <UART_SetConfig+0x150>)
 8000f08:	429a      	cmp	r2, r3
 8000f0a:	d10b      	bne.n	8000f24 <UART_SetConfig+0xb0>
 8000f0c:	f503 33e4 	add.w	r3, r3, #116736	@ 0x1c800
 8000f10:	6b1b      	ldr	r3, [r3, #48]	@ 0x30
 8000f12:	f403 2340 	and.w	r3, r3, #786432	@ 0xc0000
 8000f16:	f5b3 2f00 	cmp.w	r3, #524288	@ 0x80000
 8000f1a:	d033      	beq.n	8000f84 <UART_SetConfig+0x110>
 8000f1c:	d9d4      	bls.n	8000ec8 <UART_SetConfig+0x54>
 8000f1e:	f5b3 2f40 	cmp.w	r3, #786432	@ 0xc0000
 8000f22:	e7e8      	b.n	8000ef6 <UART_SetConfig+0x82>
 8000f24:	4b28      	ldr	r3, [pc, #160]	@ (8000fc8 <UART_SetConfig+0x154>)
 8000f26:	429a      	cmp	r2, r3
 8000f28:	d10b      	bne.n	8000f42 <UART_SetConfig+0xce>
 8000f2a:	f503 33e2 	add.w	r3, r3, #115712	@ 0x1c400
 8000f2e:	6b1b      	ldr	r3, [r3, #48]	@ 0x30
 8000f30:	f403 1340 	and.w	r3, r3, #3145728	@ 0x300000
 8000f34:	f5b3 1f00 	cmp.w	r3, #2097152	@ 0x200000
 8000f38:	d024      	beq.n	8000f84 <UART_SetConfig+0x110>
 8000f3a:	d9c5      	bls.n	8000ec8 <UART_SetConfig+0x54>
 8000f3c:	f5b3 1f40 	cmp.w	r3, #3145728	@ 0x300000
 8000f40:	e7d9      	b.n	8000ef6 <UART_SetConfig+0x82>
 8000f42:	4b22      	ldr	r3, [pc, #136]	@ (8000fcc <UART_SetConfig+0x158>)
 8000f44:	429a      	cmp	r2, r3
 8000f46:	d1d7      	bne.n	8000ef8 <UART_SetConfig+0x84>
 8000f48:	f503 33e0 	add.w	r3, r3, #114688	@ 0x1c000
 8000f4c:	6b1b      	ldr	r3, [r3, #48]	@ 0x30
 8000f4e:	f403 0340 	and.w	r3, r3, #12582912	@ 0xc00000
 8000f52:	f5b3 0f00 	cmp.w	r3, #8388608	@ 0x800000
 8000f56:	d015      	beq.n	8000f84 <UART_SetConfig+0x110>
 8000f58:	d9b6      	bls.n	8000ec8 <UART_SetConfig+0x54>
 8000f5a:	f5b3 0f40 	cmp.w	r3, #12582912	@ 0xc00000
 8000f5e:	e7ca      	b.n	8000ef6 <UART_SetConfig+0x82>
        usartdiv = (uint16_t)(UART_DIV_SAMPLING8(HAL_RCC_GetPCLK1Freq(), huart->Init.BaudRate));
 8000f60:	f503 0361 	add.w	r3, r3, #14745600	@ 0xe10000
 8000f64:	e01f      	b.n	8000fa6 <UART_SetConfig+0x132>
        break;
      case UART_CLOCKSOURCE_SYSCLK:
        huart->Instance->BRR = (uint16_t)(UART_DIV_SAMPLING16(HAL_RCC_GetSysClockFreq(), huart->Init.BaudRate));
        break;
      case UART_CLOCKSOURCE_LSE:
        huart->Instance->BRR = (uint16_t)(UART_DIV_SAMPLING16(LSE_VALUE, huart->Init.BaudRate));
 8000f66:	084b      	lsrs	r3, r1, #1
 8000f68:	f503 4300 	add.w	r3, r3, #32768	@ 0x8000
        huart->Instance->BRR = (uint16_t)(UART_DIV_SAMPLING16(HAL_RCC_GetPCLK2Freq(), huart->Init.BaudRate));
 8000f6c:	fbb3 f3f1 	udiv	r3, r3, r1
 8000f70:	b29b      	uxth	r3, r3
 8000f72:	60d3      	str	r3, [r2, #12]
  HAL_StatusTypeDef ret               = HAL_OK;
 8000f74:	2000      	movs	r0, #0
        ret = HAL_ERROR;
        break;
    }
  }

  return ret;
 8000f76:	e020      	b.n	8000fba <UART_SetConfig+0x146>
        huart->Instance->BRR = (uint16_t)(UART_DIV_SAMPLING16(HSI_VALUE, huart->Init.BaudRate));
 8000f78:	084b      	lsrs	r3, r1, #1
 8000f7a:	f503 0374 	add.w	r3, r3, #15990784	@ 0xf40000
 8000f7e:	f503 5310 	add.w	r3, r3, #9216	@ 0x2400
 8000f82:	e7f3      	b.n	8000f6c <UART_SetConfig+0xf8>
  if (huart->Init.OverSampling == UART_OVERSAMPLING_8)
 8000f84:	f5b1 4f00 	cmp.w	r1, #32768	@ 0x8000
 8000f88:	6841      	ldr	r1, [r0, #4]
 8000f8a:	d1ec      	bne.n	8000f66 <UART_SetConfig+0xf2>
        usartdiv = (uint16_t)(UART_DIV_SAMPLING8(LSE_VALUE, huart->Init.BaudRate));
 8000f8c:	084b      	lsrs	r3, r1, #1
 8000f8e:	f503 3380 	add.w	r3, r3, #65536	@ 0x10000
 8000f92:	e008      	b.n	8000fa6 <UART_SetConfig+0x132>
  if (huart->Init.OverSampling == UART_OVERSAMPLING_8)
 8000f94:	f5b1 4f00 	cmp.w	r1, #32768	@ 0x8000
 8000f98:	6841      	ldr	r1, [r0, #4]
 8000f9a:	d1ed      	bne.n	8000f78 <UART_SetConfig+0x104>
        usartdiv = (uint16_t)(UART_DIV_SAMPLING8(HSI_VALUE, huart->Init.BaudRate));
 8000f9c:	084b      	lsrs	r3, r1, #1
 8000f9e:	f103 73f4 	add.w	r3, r3, #31981568	@ 0x1e80000
 8000fa2:	f503 4390 	add.w	r3, r3, #18432	@ 0x4800
        usartdiv = (uint16_t)(UART_DIV_SAMPLING8(HAL_RCC_GetPCLK1Freq(), huart->Init.BaudRate));
 8000fa6:	fbb3 f3f1 	udiv	r3, r3, r1
  HAL_StatusTypeDef ret               = HAL_OK;
 8000faa:	2000      	movs	r0, #0
        usartdiv = (uint16_t)(UART_DIV_SAMPLING8(HAL_RCC_GetPCLK1Freq(), huart->Init.BaudRate));
 8000fac:	b29b      	uxth	r3, r3
    brrtemp = usartdiv & 0xFFF0U;
 8000fae:	f023 010f 	bic.w	r1, r3, #15
    brrtemp |= (uint16_t)((usartdiv & (uint16_t)0x000FU) >> 1U);
 8000fb2:	f3c3 0342 	ubfx	r3, r3, #1, #3
    huart->Instance->BRR = brrtemp;
 8000fb6:	430b      	orrs	r3, r1
 8000fb8:	60d3      	str	r3, [r2, #12]

}
 8000fba:	bd30      	pop	{r4, r5, pc}
 8000fbc:	40013800 	.word	0x40013800
 8000fc0:	40004400 	.word	0x40004400
 8000fc4:	40004800 	.word	0x40004800
 8000fc8:	40004c00 	.word	0x40004c00
 8000fcc:	40005000 	.word	0x40005000

08000fd0 <UART_WaitOnFlagUntilTimeout>:
  * @param  Tickstart Tick start value
  * @param  Timeout Timeout duration
  * @retval HAL status
  */
HAL_StatusTypeDef UART_WaitOnFlagUntilTimeout(UART_HandleTypeDef *huart, uint32_t Flag, FlagStatus Status, uint32_t Tickstart, uint32_t Timeout)
{
 8000fd0:	e92d 41f0 	stmdb	sp!, {r4, r5, r6, r7, r8, lr}
 8000fd4:	f8dd 8018 	ldr.w	r8, [sp, #24]
 8000fd8:	4604      	mov	r4, r0
 8000fda:	4616      	mov	r6, r2
 8000fdc:	461f      	mov	r7, r3
  /* Wait until flag is set */
  while((__HAL_UART_GET_FLAG(huart, Flag) ? SET : RESET) == Status)
 8000fde:	6825      	ldr	r5, [r4, #0]
 8000fe0:	69eb      	ldr	r3, [r5, #28]
 8000fe2:	ea31 0303 	bics.w	r3, r1, r3
 8000fe6:	bf0c      	ite	eq
 8000fe8:	2301      	moveq	r3, #1
 8000fea:	2300      	movne	r3, #0
 8000fec:	42b3      	cmp	r3, r6
 8000fee:	d001      	beq.n	8000ff4 <UART_WaitOnFlagUntilTimeout+0x24>
        __HAL_UNLOCK(huart);
        return HAL_TIMEOUT;
      }
    }
  }
  return HAL_OK;
 8000ff0:	2000      	movs	r0, #0
 8000ff2:	e016      	b.n	8001022 <UART_WaitOnFlagUntilTimeout+0x52>
    if(Timeout != HAL_MAX_DELAY)
 8000ff4:	f1b8 3fff 	cmp.w	r8, #4294967295	@ 0xffffffff
 8000ff8:	d0f2      	beq.n	8000fe0 <UART_WaitOnFlagUntilTimeout+0x10>
      if((Timeout == 0U) || ((HAL_GetTick()-Tickstart) > Timeout))
 8000ffa:	f1b8 0f00 	cmp.w	r8, #0
 8000ffe:	d112      	bne.n	8001026 <UART_WaitOnFlagUntilTimeout+0x56>
        CLEAR_BIT(huart->Instance->CR1, (USART_CR1_RXNEIE | USART_CR1_PEIE | USART_CR1_TXEIE));
 8001000:	682b      	ldr	r3, [r5, #0]
 8001002:	f423 73d0 	bic.w	r3, r3, #416	@ 0x1a0
 8001006:	602b      	str	r3, [r5, #0]
        CLEAR_BIT(huart->Instance->CR3, USART_CR3_EIE);
 8001008:	68ab      	ldr	r3, [r5, #8]
 800100a:	f023 0301 	bic.w	r3, r3, #1
 800100e:	60ab      	str	r3, [r5, #8]
        huart->gState  = HAL_UART_STATE_READY;
 8001010:	2320      	movs	r3, #32
 8001012:	f884 3069 	strb.w	r3, [r4, #105]	@ 0x69
        huart->RxState = HAL_UART_STATE_READY;
 8001016:	f884 306a 	strb.w	r3, [r4, #106]	@ 0x6a
        __HAL_UNLOCK(huart);
 800101a:	2300      	movs	r3, #0
 800101c:	f884 3068 	strb.w	r3, [r4, #104]	@ 0x68
        return HAL_TIMEOUT;
 8001020:	2003      	movs	r0, #3
}
 8001022:	e8bd 81f0 	ldmia.w	sp!, {r4, r5, r6, r7, r8, pc}
      if((Timeout == 0U) || ((HAL_GetTick()-Tickstart) > Timeout))
 8001026:	f7ff fb73 	bl	8000710 <HAL_GetTick>
 800102a:	1bc0      	subs	r0, r0, r7
 800102c:	4540      	cmp	r0, r8
 800102e:	d9d6      	bls.n	8000fde <UART_WaitOnFlagUntilTimeout+0xe>
 8001030:	e7e6      	b.n	8001000 <UART_WaitOnFlagUntilTimeout+0x30>

08001032 <UART_CheckIdleState>:
{
 8001032:	b573      	push	{r0, r1, r4, r5, r6, lr}
 8001034:	4604      	mov	r4, r0
  huart->ErrorCode = HAL_UART_ERROR_NONE;
 8001036:	2100      	movs	r1, #0
 8001038:	66c1      	str	r1, [r0, #108]	@ 0x6c
  tickstart = HAL_GetTick();
 800103a:	f7ff fb69 	bl	8000710 <HAL_GetTick>
  if((huart->Instance->CR1 & USART_CR1_TE) == USART_CR1_TE)
 800103e:	6826      	ldr	r6, [r4, #0]
 8001040:	6833      	ldr	r3, [r6, #0]
 8001042:	071a      	lsls	r2, r3, #28
  tickstart = HAL_GetTick();
 8001044:	4605      	mov	r5, r0
  if((huart->Instance->CR1 & USART_CR1_TE) == USART_CR1_TE)
 8001046:	d416      	bmi.n	8001076 <UART_CheckIdleState+0x44>
  if((huart->Instance->CR1 & USART_CR1_RE) == USART_CR1_RE)
 8001048:	6833      	ldr	r3, [r6, #0]
 800104a:	075b      	lsls	r3, r3, #29
 800104c:	d50a      	bpl.n	8001064 <UART_CheckIdleState+0x32>
    if(UART_WaitOnFlagUntilTimeout(huart, USART_ISR_REACK, RESET, tickstart, HAL_UART_TIMEOUT_VALUE) != HAL_OK)
 800104e:	f06f 437e 	mvn.w	r3, #4261412864	@ 0xfe000000
 8001052:	9300      	str	r3, [sp, #0]
 8001054:	2200      	movs	r2, #0
 8001056:	462b      	mov	r3, r5
 8001058:	f44f 0180 	mov.w	r1, #4194304	@ 0x400000
 800105c:	4620      	mov	r0, r4
 800105e:	f7ff ffb7 	bl	8000fd0 <UART_WaitOnFlagUntilTimeout>
 8001062:	b9a0      	cbnz	r0, 800108e <UART_CheckIdleState+0x5c>
  huart->gState  = HAL_UART_STATE_READY;
 8001064:	2320      	movs	r3, #32
  __HAL_UNLOCK(huart);
 8001066:	2000      	movs	r0, #0
  huart->gState  = HAL_UART_STATE_READY;
 8001068:	f884 3069 	strb.w	r3, [r4, #105]	@ 0x69
  __HAL_UNLOCK(huart);
 800106c:	f884 0068 	strb.w	r0, [r4, #104]	@ 0x68
  huart->RxState = HAL_UART_STATE_READY;
 8001070:	f884 306a 	strb.w	r3, [r4, #106]	@ 0x6a
  return HAL_OK;
 8001074:	e00c      	b.n	8001090 <UART_CheckIdleState+0x5e>
    if(UART_WaitOnFlagUntilTimeout(huart, USART_ISR_TEACK, RESET, tickstart, HAL_UART_TIMEOUT_VALUE) != HAL_OK)
 8001076:	f06f 437e 	mvn.w	r3, #4261412864	@ 0xfe000000
 800107a:	9300      	str	r3, [sp, #0]
 800107c:	460a      	mov	r2, r1
 800107e:	4603      	mov	r3, r0
 8001080:	f44f 1100 	mov.w	r1, #2097152	@ 0x200000
 8001084:	4620      	mov	r0, r4
 8001086:	f7ff ffa3 	bl	8000fd0 <UART_WaitOnFlagUntilTimeout>
 800108a:	2800      	cmp	r0, #0
 800108c:	d0dc      	beq.n	8001048 <UART_CheckIdleState+0x16>
      return HAL_TIMEOUT;
 800108e:	2003      	movs	r0, #3
}
 8001090:	b002      	add	sp, #8
 8001092:	bd70      	pop	{r4, r5, r6, pc}

08001094 <HAL_UART_Init>:
{
 8001094:	b538      	push	{r3, r4, r5, lr}
  if(huart == NULL)
 8001096:	4604      	mov	r4, r0
 8001098:	b320      	cbz	r0, 80010e4 <HAL_UART_Init+0x50>
  if(huart->gState == HAL_UART_STATE_RESET)
 800109a:	f890 3069 	ldrb.w	r3, [r0, #105]	@ 0x69
 800109e:	f003 02ff 	and.w	r2, r3, #255	@ 0xff
 80010a2:	b90b      	cbnz	r3, 80010a8 <HAL_UART_Init+0x14>
    huart->Lock = HAL_UNLOCKED;
 80010a4:	f880 2068 	strb.w	r2, [r0, #104]	@ 0x68
  __HAL_UART_DISABLE(huart);
 80010a8:	6825      	ldr	r5, [r4, #0]
  huart->gState = HAL_UART_STATE_BUSY;
 80010aa:	2324      	movs	r3, #36	@ 0x24
 80010ac:	f884 3069 	strb.w	r3, [r4, #105]	@ 0x69
  __HAL_UART_DISABLE(huart);
 80010b0:	682b      	ldr	r3, [r5, #0]
 80010b2:	f023 0301 	bic.w	r3, r3, #1
 80010b6:	602b      	str	r3, [r5, #0]
  if (UART_SetConfig(huart) == HAL_ERROR)
 80010b8:	4620      	mov	r0, r4
 80010ba:	f7ff fedb 	bl	8000e74 <UART_SetConfig>
 80010be:	2801      	cmp	r0, #1
 80010c0:	d010      	beq.n	80010e4 <HAL_UART_Init+0x50>
  CLEAR_BIT(huart->Instance->CR2, (USART_CR2_LINEN | USART_CR2_CLKEN));
 80010c2:	686b      	ldr	r3, [r5, #4]
 80010c4:	f423 4390 	bic.w	r3, r3, #18432	@ 0x4800
 80010c8:	606b      	str	r3, [r5, #4]
  CLEAR_BIT(huart->Instance->CR3, (USART_CR3_SCEN | USART_CR3_HDSEL | USART_CR3_IREN));
 80010ca:	68ab      	ldr	r3, [r5, #8]
 80010cc:	f023 032a 	bic.w	r3, r3, #42	@ 0x2a
 80010d0:	60ab      	str	r3, [r5, #8]
  __HAL_UART_ENABLE(huart);
 80010d2:	682b      	ldr	r3, [r5, #0]
 80010d4:	f043 0301 	orr.w	r3, r3, #1
 80010d8:	602b      	str	r3, [r5, #0]
  return UART_CheckIdleState(huart);
 80010da:	4620      	mov	r0, r4
}
 80010dc:	e8bd 4038 	ldmia.w	sp!, {r3, r4, r5, lr}
  return UART_CheckIdleState(huart);
 80010e0:	f7ff bfa7 	b.w	8001032 <UART_CheckIdleState>
}
 80010e4:	2001      	movs	r0, #1
 80010e6:	bd38      	pop	{r3, r4, r5, pc}

080010e8 <HAL_UART_Transmit>:
  * @param Size: Amount of data to be sent.
  * @param Timeout: Timeout duration.
  * @retval HAL status
  */
HAL_StatusTypeDef HAL_UART_Transmit(UART_HandleTypeDef *huart, uint8_t *pData, uint16_t Size, uint32_t Timeout)
{
 80010e8:	b5f7      	push	{r0, r1, r2, r4, r5, r6, r7, lr}
 80010ea:	461e      	mov	r6, r3
  uint16_t* tmp;
  uint32_t tickstart = 0U;

  /* Check that a Tx process is not already ongoing */
  if(huart->gState == HAL_UART_STATE_READY)
 80010ec:	f890 3069 	ldrb.w	r3, [r0, #105]	@ 0x69
 80010f0:	2b20      	cmp	r3, #32
{
 80010f2:	460d      	mov	r5, r1
 80010f4:	4604      	mov	r4, r0
 80010f6:	4611      	mov	r1, r2
  if(huart->gState == HAL_UART_STATE_READY)
 80010f8:	d14a      	bne.n	8001190 <HAL_UART_Transmit+0xa8>
  {
    if((pData == NULL ) || (Size == 0U))
 80010fa:	2d00      	cmp	r5, #0
 80010fc:	d046      	beq.n	800118c <HAL_UART_Transmit+0xa4>
 80010fe:	2a00      	cmp	r2, #0
 8001100:	d044      	beq.n	800118c <HAL_UART_Transmit+0xa4>
    {
      return  HAL_ERROR;
    }

    /* Process Locked */
    __HAL_LOCK(huart);
 8001102:	f890 3068 	ldrb.w	r3, [r0, #104]	@ 0x68
 8001106:	2b01      	cmp	r3, #1
 8001108:	d042      	beq.n	8001190 <HAL_UART_Transmit+0xa8>
 800110a:	2301      	movs	r3, #1
 800110c:	f880 3068 	strb.w	r3, [r0, #104]	@ 0x68

    huart->ErrorCode = HAL_UART_ERROR_NONE;
 8001110:	2300      	movs	r3, #0
 8001112:	66c3      	str	r3, [r0, #108]	@ 0x6c
    huart->gState = HAL_UART_STATE_BUSY_TX;
 8001114:	2321      	movs	r3, #33	@ 0x21
 8001116:	f880 3069 	strb.w	r3, [r0, #105]	@ 0x69

    /* Init tickstart for timeout managment*/
    tickstart = HAL_GetTick();
 800111a:	f7ff faf9 	bl	8000710 <HAL_GetTick>

    huart->TxXferSize = Size;
 800111e:	f8a4 1050 	strh.w	r1, [r4, #80]	@ 0x50
    tickstart = HAL_GetTick();
 8001122:	4607      	mov	r7, r0
    huart->TxXferCount = Size;
 8001124:	f8a4 1052 	strh.w	r1, [r4, #82]	@ 0x52
    while(huart->TxXferCount > 0U)
 8001128:	f8b4 2052 	ldrh.w	r2, [r4, #82]	@ 0x52
 800112c:	b292      	uxth	r2, r2
 800112e:	b962      	cbnz	r2, 800114a <HAL_UART_Transmit+0x62>
      else
      {
        huart->Instance->TDR = (*pData++ & (uint8_t)0xFFU);
      }
    }
    if(UART_WaitOnFlagUntilTimeout(huart, UART_FLAG_TC, RESET, tickstart, Timeout) != HAL_OK)
 8001130:	9600      	str	r6, [sp, #0]
 8001132:	463b      	mov	r3, r7
 8001134:	2140      	movs	r1, #64	@ 0x40
 8001136:	4620      	mov	r0, r4
 8001138:	f7ff ff4a 	bl	8000fd0 <UART_WaitOnFlagUntilTimeout>
 800113c:	b998      	cbnz	r0, 8001166 <HAL_UART_Transmit+0x7e>
    {
      return HAL_TIMEOUT;
    }

    /* At end of Tx process, restore huart->gState to Ready */
    huart->gState = HAL_UART_STATE_READY;
 800113e:	2320      	movs	r3, #32
 8001140:	f884 3069 	strb.w	r3, [r4, #105]	@ 0x69

    /* Process Unlocked */
    __HAL_UNLOCK(huart);
 8001144:	f884 0068 	strb.w	r0, [r4, #104]	@ 0x68

    return HAL_OK;
 8001148:	e00e      	b.n	8001168 <HAL_UART_Transmit+0x80>
      huart->TxXferCount--;
 800114a:	f8b4 2052 	ldrh.w	r2, [r4, #82]	@ 0x52
 800114e:	3a01      	subs	r2, #1
 8001150:	b292      	uxth	r2, r2
 8001152:	f8a4 2052 	strh.w	r2, [r4, #82]	@ 0x52
      if(UART_WaitOnFlagUntilTimeout(huart, UART_FLAG_TXE, RESET, tickstart, Timeout) != HAL_OK)
 8001156:	463b      	mov	r3, r7
 8001158:	9600      	str	r6, [sp, #0]
 800115a:	2200      	movs	r2, #0
 800115c:	2180      	movs	r1, #128	@ 0x80
 800115e:	4620      	mov	r0, r4
 8001160:	f7ff ff36 	bl	8000fd0 <UART_WaitOnFlagUntilTimeout>
 8001164:	b110      	cbz	r0, 800116c <HAL_UART_Transmit+0x84>
        return HAL_TIMEOUT;
 8001166:	2003      	movs	r0, #3
  }
  else
  {
    return HAL_BUSY;
  }
}
 8001168:	b003      	add	sp, #12
 800116a:	bdf0      	pop	{r4, r5, r6, r7, pc}
      if ((huart->Init.WordLength == UART_WORDLENGTH_9B) && (huart->Init.Parity == UART_PARITY_NONE))
 800116c:	68a3      	ldr	r3, [r4, #8]
        huart->Instance->TDR = (*tmp & (uint16_t)0x01FFU);
 800116e:	6822      	ldr	r2, [r4, #0]
      if ((huart->Init.WordLength == UART_WORDLENGTH_9B) && (huart->Init.Parity == UART_PARITY_NONE))
 8001170:	f5b3 5f80 	cmp.w	r3, #4096	@ 0x1000
 8001174:	d107      	bne.n	8001186 <HAL_UART_Transmit+0x9e>
 8001176:	6923      	ldr	r3, [r4, #16]
 8001178:	b92b      	cbnz	r3, 8001186 <HAL_UART_Transmit+0x9e>
        huart->Instance->TDR = (*tmp & (uint16_t)0x01FFU);
 800117a:	f835 3b02 	ldrh.w	r3, [r5], #2
 800117e:	f3c3 0308 	ubfx	r3, r3, #0, #9
        huart->Instance->TDR = (*pData++ & (uint8_t)0xFFU);
 8001182:	8513      	strh	r3, [r2, #40]	@ 0x28
 8001184:	e7d0      	b.n	8001128 <HAL_UART_Transmit+0x40>
 8001186:	f815 3b01 	ldrb.w	r3, [r5], #1
 800118a:	e7fa      	b.n	8001182 <HAL_UART_Transmit+0x9a>
      return  HAL_ERROR;
 800118c:	2001      	movs	r0, #1
 800118e:	e7eb      	b.n	8001168 <HAL_UART_Transmit+0x80>
    __HAL_LOCK(huart);
 8001190:	2002      	movs	r0, #2
 8001192:	e7e9      	b.n	8001168 <HAL_UART_Transmit+0x80>

08001194 <HAL_UART_Receive>:
  * @param Size: amount of data to be received.
  * @param Timeout: Timeout duration.
  * @retval HAL status
  */
HAL_StatusTypeDef HAL_UART_Receive(UART_HandleTypeDef *huart, uint8_t *pData, uint16_t Size, uint32_t Timeout)
{
 8001194:	e92d 41f3 	stmdb	sp!, {r0, r1, r4, r5, r6, r7, r8, lr}
 8001198:	461e      	mov	r6, r3
  uint16_t* tmp;
  uint16_t uhMask;
  uint32_t tickstart = 0U;

  /* Check that a Rx process is not already ongoing */
  if(huart->RxState == HAL_UART_STATE_READY)
 800119a:	f890 306a 	ldrb.w	r3, [r0, #106]	@ 0x6a
 800119e:	2b20      	cmp	r3, #32
{
 80011a0:	460d      	mov	r5, r1
 80011a2:	4604      	mov	r4, r0
 80011a4:	4611      	mov	r1, r2
  if(huart->RxState == HAL_UART_STATE_READY)
 80011a6:	d15c      	bne.n	8001262 <HAL_UART_Receive+0xce>
  {
    if((pData == NULL ) || (Size == 0U))
 80011a8:	2d00      	cmp	r5, #0
 80011aa:	d058      	beq.n	800125e <HAL_UART_Receive+0xca>
 80011ac:	2a00      	cmp	r2, #0
 80011ae:	d056      	beq.n	800125e <HAL_UART_Receive+0xca>
    {
      return  HAL_ERROR;
    }

    /* Process Locked */
    __HAL_LOCK(huart);
 80011b0:	f890 3068 	ldrb.w	r3, [r0, #104]	@ 0x68
 80011b4:	2b01      	cmp	r3, #1
 80011b6:	d054      	beq.n	8001262 <HAL_UART_Receive+0xce>
 80011b8:	2301      	movs	r3, #1
 80011ba:	f880 3068 	strb.w	r3, [r0, #104]	@ 0x68

    huart->Instance->ICR = 0xFFFFFFFF;
 80011be:	6803      	ldr	r3, [r0, #0]
 80011c0:	f04f 32ff 	mov.w	r2, #4294967295	@ 0xffffffff
 80011c4:	621a      	str	r2, [r3, #32]
    huart->ErrorCode = HAL_UART_ERROR_NONE;
 80011c6:	2300      	movs	r3, #0
 80011c8:	66c3      	str	r3, [r0, #108]	@ 0x6c
    huart->RxState = HAL_UART_STATE_BUSY_RX;
 80011ca:	2322      	movs	r3, #34	@ 0x22
 80011cc:	f880 306a 	strb.w	r3, [r0, #106]	@ 0x6a

    /* Init tickstart for timeout managment*/
    tickstart = HAL_GetTick();
 80011d0:	f7ff fa9e 	bl	8000710 <HAL_GetTick>

    huart->RxXferSize = Size;
    huart->RxXferCount = Size;

    /* Computation of UART mask to apply to RDR register */
    UART_MASK_COMPUTATION(huart);
 80011d4:	68a3      	ldr	r3, [r4, #8]
    huart->RxXferSize = Size;
 80011d6:	f8a4 1058 	strh.w	r1, [r4, #88]	@ 0x58
    UART_MASK_COMPUTATION(huart);
 80011da:	f5b3 5f80 	cmp.w	r3, #4096	@ 0x1000
    tickstart = HAL_GetTick();
 80011de:	4680      	mov	r8, r0
    huart->RxXferCount = Size;
 80011e0:	f8a4 105a 	strh.w	r1, [r4, #90]	@ 0x5a
    UART_MASK_COMPUTATION(huart);
 80011e4:	d115      	bne.n	8001212 <HAL_UART_Receive+0x7e>
 80011e6:	6923      	ldr	r3, [r4, #16]
 80011e8:	b98b      	cbnz	r3, 800120e <HAL_UART_Receive+0x7a>
 80011ea:	f240 13ff 	movw	r3, #511	@ 0x1ff
 80011ee:	f8a4 305c 	strh.w	r3, [r4, #92]	@ 0x5c
    uhMask = huart->Mask;
 80011f2:	f8b4 705c 	ldrh.w	r7, [r4, #92]	@ 0x5c

    /* as long as data have to be received */
    while(huart->RxXferCount > 0U)
 80011f6:	f8b4 005a 	ldrh.w	r0, [r4, #90]	@ 0x5a
 80011fa:	b280      	uxth	r0, r0
 80011fc:	b980      	cbnz	r0, 8001220 <HAL_UART_Receive+0x8c>
        *pData++ = (uint8_t)(huart->Instance->RDR & (uint8_t)uhMask);
      }
    }

    /* At end of Rx process, restore huart->RxState to Ready */
    huart->RxState = HAL_UART_STATE_READY;
 80011fe:	2320      	movs	r3, #32
 8001200:	f884 306a 	strb.w	r3, [r4, #106]	@ 0x6a

    /* Process Unlocked */
    __HAL_UNLOCK(huart);
 8001204:	f884 0068 	strb.w	r0, [r4, #104]	@ 0x68
  }
  else
  {
    return HAL_BUSY;
  }
}
 8001208:	b002      	add	sp, #8
 800120a:	e8bd 81f0 	ldmia.w	sp!, {r4, r5, r6, r7, r8, pc}
    UART_MASK_COMPUTATION(huart);
 800120e:	23ff      	movs	r3, #255	@ 0xff
 8001210:	e7ed      	b.n	80011ee <HAL_UART_Receive+0x5a>
 8001212:	2b00      	cmp	r3, #0
 8001214:	d1ed      	bne.n	80011f2 <HAL_UART_Receive+0x5e>
 8001216:	6923      	ldr	r3, [r4, #16]
 8001218:	2b00      	cmp	r3, #0
 800121a:	d0f8      	beq.n	800120e <HAL_UART_Receive+0x7a>
 800121c:	237f      	movs	r3, #127	@ 0x7f
 800121e:	e7e6      	b.n	80011ee <HAL_UART_Receive+0x5a>
      huart->RxXferCount--;
 8001220:	f8b4 205a 	ldrh.w	r2, [r4, #90]	@ 0x5a
 8001224:	3a01      	subs	r2, #1
 8001226:	b292      	uxth	r2, r2
 8001228:	f8a4 205a 	strh.w	r2, [r4, #90]	@ 0x5a
      if(UART_WaitOnFlagUntilTimeout(huart, UART_FLAG_RXNE, RESET, tickstart, Timeout) != HAL_OK)
 800122c:	4643      	mov	r3, r8
 800122e:	9600      	str	r6, [sp, #0]
 8001230:	2200      	movs	r2, #0
 8001232:	2120      	movs	r1, #32
 8001234:	4620      	mov	r0, r4
 8001236:	f7ff fecb 	bl	8000fd0 <UART_WaitOnFlagUntilTimeout>
 800123a:	b9a0      	cbnz	r0, 8001266 <HAL_UART_Receive+0xd2>
      if ((huart->Init.WordLength == UART_WORDLENGTH_9B) && (huart->Init.Parity == UART_PARITY_NONE))
 800123c:	68a2      	ldr	r2, [r4, #8]
        *tmp = (uint16_t)(huart->Instance->RDR & uhMask);
 800123e:	6823      	ldr	r3, [r4, #0]
      if ((huart->Init.WordLength == UART_WORDLENGTH_9B) && (huart->Init.Parity == UART_PARITY_NONE))
 8001240:	f5b2 5f80 	cmp.w	r2, #4096	@ 0x1000
 8001244:	d106      	bne.n	8001254 <HAL_UART_Receive+0xc0>
 8001246:	6922      	ldr	r2, [r4, #16]
 8001248:	b922      	cbnz	r2, 8001254 <HAL_UART_Receive+0xc0>
        *tmp = (uint16_t)(huart->Instance->RDR & uhMask);
 800124a:	8c9b      	ldrh	r3, [r3, #36]	@ 0x24
 800124c:	403b      	ands	r3, r7
 800124e:	f825 3b02 	strh.w	r3, [r5], #2
        pData +=2U;
 8001252:	e7d0      	b.n	80011f6 <HAL_UART_Receive+0x62>
        *pData++ = (uint8_t)(huart->Instance->RDR & (uint8_t)uhMask);
 8001254:	8c9b      	ldrh	r3, [r3, #36]	@ 0x24
 8001256:	403b      	ands	r3, r7
 8001258:	f805 3b01 	strb.w	r3, [r5], #1
 800125c:	e7cb      	b.n	80011f6 <HAL_UART_Receive+0x62>
      return  HAL_ERROR;
 800125e:	2001      	movs	r0, #1
 8001260:	e7d2      	b.n	8001208 <HAL_UART_Receive+0x74>
    __HAL_LOCK(huart);
 8001262:	2002      	movs	r0, #2
 8001264:	e7d0      	b.n	8001208 <HAL_UART_Receive+0x74>
        return HAL_TIMEOUT;
 8001266:	2003      	movs	r0, #3
 8001268:	e7ce      	b.n	8001208 <HAL_UART_Receive+0x74>
 800126a:	0000      	movs	r0, r0

0800126c <Reset_Handler>:
 800126c:	2100      	movs	r1, #0
 800126e:	e003      	b.n	8001278 <LoopCopyDataInit>

08001270 <CopyDataInit>:
 8001270:	4b0b      	ldr	r3, [pc, #44]	@ (80012a0 <LoopForever+0x2>)
 8001272:	585b      	ldr	r3, [r3, r1]
 8001274:	5043      	str	r3, [r0, r1]
 8001276:	3104      	adds	r1, #4

08001278 <LoopCopyDataInit>:
 8001278:	480a      	ldr	r0, [pc, #40]	@ (80012a4 <LoopForever+0x6>)
 800127a:	4b0b      	ldr	r3, [pc, #44]	@ (80012a8 <LoopForever+0xa>)
 800127c:	1842      	adds	r2, r0, r1
 800127e:	429a      	cmp	r2, r3
 8001280:	d3f6      	bcc.n	8001270 <CopyDataInit>
 8001282:	4a0a      	ldr	r2, [pc, #40]	@ (80012ac <LoopForever+0xe>)
 8001284:	e002      	b.n	800128c <LoopFillZerobss>

08001286 <FillZerobss>:
 8001286:	2300      	movs	r3, #0
 8001288:	6013      	str	r3, [r2, #0]
 800128a:	3204      	adds	r2, #4

0800128c <LoopFillZerobss>:
 800128c:	4b08      	ldr	r3, [pc, #32]	@ (80012b0 <LoopForever+0x12>)
 800128e:	429a      	cmp	r2, r3
 8001290:	d3f9      	bcc.n	8001286 <FillZerobss>
 8001292:	f3af 8000 	nop.w
 8001296:	f000 f80f 	bl	80012b8 <__libc_init_array>
 800129a:	f7fe ffb1 	bl	8000200 <main>

0800129e <LoopForever>:
 800129e:	e7fe      	b.n	800129e <LoopForever>
 80012a0:	080013ac 	.word	0x080013ac
 80012a4:	20000000 	.word	0x20000000
 80012a8:	20000000 	.word	0x20000000
 80012ac:	20000000 	.word	0x20000000
 80012b0:	20000158 	.word	0x20000158

080012b4 <BusFault_Handler>:
 80012b4:	e7fe      	b.n	80012b4 <BusFault_Handler>
 80012b6:	0000      	movs	r0, r0

080012b8 <__libc_init_array>:
 80012b8:	b570      	push	{r4, r5, r6, lr}
 80012ba:	4b0d      	ldr	r3, [pc, #52]	@ (80012f0 <__libc_init_array+0x38>)
 80012bc:	4d0d      	ldr	r5, [pc, #52]	@ (80012f4 <__libc_init_array+0x3c>)
 80012be:	1b5b      	subs	r3, r3, r5
 80012c0:	109c      	asrs	r4, r3, #2
 80012c2:	2600      	movs	r6, #0
 80012c4:	42a6      	cmp	r6, r4
 80012c6:	d109      	bne.n	80012dc <__libc_init_array+0x24>
 80012c8:	f000 f81a 	bl	8001300 <_init>
 80012cc:	4d0a      	ldr	r5, [pc, #40]	@ (80012f8 <__libc_init_array+0x40>)
 80012ce:	4b0b      	ldr	r3, [pc, #44]	@ (80012fc <__libc_init_array+0x44>)
 80012d0:	1b5b      	subs	r3, r3, r5
 80012d2:	109c      	asrs	r4, r3, #2
 80012d4:	2600      	movs	r6, #0
 80012d6:	42a6      	cmp	r6, r4
 80012d8:	d105      	bne.n	80012e6 <__libc_init_array+0x2e>
 80012da:	bd70      	pop	{r4, r5, r6, pc}
 80012dc:	f855 3b04 	ldr.w	r3, [r5], #4
 80012e0:	4798      	blx	r3
 80012e2:	3601      	adds	r6, #1
 80012e4:	e7ee      	b.n	80012c4 <__libc_init_array+0xc>
 80012e6:	f855 3b04 	ldr.w	r3, [r5], #4
 80012ea:	4798      	blx	r3
 80012ec:	3601      	adds	r6, #1
 80012ee:	e7f2      	b.n	80012d6 <__libc_init_array+0x1e>
 80012f0:	080013a4 	.word	0x080013a4
 80012f4:	080013a4 	.word	0x080013a4
 80012f8:	080013a4 	.word	0x080013a4
 80012fc:	080013a8 	.word	0x080013a8

08001300 <_init>:
 8001300:	b5f8      	push	{r3, r4, r5, r6, r7, lr}
 8001302:	bf00      	nop
 8001304:	bcf8      	pop	{r3, r4, r5, r6, r7}
 8001306:	bc08      	pop	{r3}
 8001308:	469e      	mov	lr, r3
 800130a:	4770      	bx	lr

0800130c <_fini>:
 800130c:	b5f8      	push	{r3, r4, r5, r6, r7, lr}
 800130e:	bf00      	nop
 8001310:	bcf8      	pop	{r3, r4, r5, r6, r7}
 8001312:	bc08      	pop	{r3}
 8001314:	469e      	mov	lr, r3
 8001316:	4770      	bx	lr
